2026-03-04 15:07:28 [INFO] 🚀 Process for trade ny040326150700b started.
2026-03-04 15:07:28 [INFO] 🚀 Process for trade ny040326150700b started.
2026-03-04 15:07:28 [INFO] ✅ Database initialized
2026-03-04 15:07:28 [INFO] ✅ Database initialized
2026-03-04 15:07:28 [INFO] ✅ Market Data Client initialized.
2026-03-04 15:07:28 [INFO] ✅ Market Data Client initialized.
2026-03-04 15:07:28 [INFO] ✅ SLMonitor initialized: ny040326150700b
2026-03-04 15:07:28 [INFO] ✅ SLMonitor initialized: ny040326150700b
2026-03-04 15:07:28 [INFO]    SL BPS: 14.0 (0.14%) of spot price
2026-03-04 15:07:28 [INFO]    SL BPS: 14.0 (0.14%) of spot price
2026-03-04 15:07:28 [INFO]    Check Interval: 60.0s
2026-03-04 15:07:28 [INFO]    Check Interval: 60.0s
2026-03-04 15:07:28 [INFO] ✅ RollMonitor initialized: ny040326150700b
2026-03-04 15:07:28 [INFO] ✅ RollMonitor initialized: ny040326150700b
2026-03-04 15:07:28 [INFO]    Check Interval: 60.0s
2026-03-04 15:07:28 [INFO]    Check Interval: 60.0s
2026-03-04 15:07:28 [INFO] ✅ SquareOffMonitor initialized for ny040326150700b at 15:27:00
2026-03-04 15:07:28 [INFO] ✅ SquareOffMonitor initialized for ny040326150700b at 15:27:00
2026-03-04 15:07:28 [INFO] ✅ StraddlePriceMonitor initialized: ny040326150700b
2026-03-04 15:07:28 [INFO] ✅ All monitors initialized for ny040326150700b
2026-03-04 15:07:28 [INFO] ✅ StraddlePriceMonitor initialized: ny040326150700b
2026-03-04 15:07:28 [INFO] ✅ All monitors initialized for ny040326150700b
2026-03-04 15:07:28 [INFO] ✅ TradeManager created: ny040326150700b
2026-03-04 15:07:28 [INFO] ✅ TradeManager created: ny040326150700b
2026-03-04 15:07:28 [INFO] 📊 Starting all monitors for new trade: ny040326150700b
2026-03-04 15:07:28 [INFO] 📊 Starting all monitors for new trade: ny040326150700b
2026-03-04 15:07:28 [INFO] 🛡️ SLMonitor enabled: ny040326150700b
2026-03-04 15:07:28 [INFO] 🛡️ SLMonitor enabled: ny040326150700b
2026-03-04 15:07:28 [INFO] ✅ HedgeMonitor enabled for ny040326150700b. Checks will be orchestrated.
2026-03-04 15:07:28 [INFO] ✅ HedgeMonitor enabled for ny040326150700b. Checks will be orchestrated.
2026-03-04 15:07:28 [INFO] 🔄 RollMonitor enabled: ny040326150700b
2026-03-04 15:07:28 [INFO] 🔄 RollMonitor enabled: ny040326150700b
2026-03-04 15:07:28 [INFO] ⏹️ SquareOffMonitor enabled: ny040326150700b
2026-03-04 15:07:28 [INFO] ⏹️ SquareOffMonitor enabled: ny040326150700b
2026-03-04 15:07:28 [INFO] 🎯 StraddlePriceMonitor enabled: ny040326150700b | Initial HWM: 680.98
2026-03-04 15:07:28 [INFO] 🎯 StraddlePriceMonitor enabled: ny040326150700b | Initial HWM: 680.98
2026-03-04 15:07:28 [INFO] 🚀 Connecting to Market Data Service stream at ws://127.0.0.1:8001/ws/data...
2026-03-04 15:07:28 [INFO] 🚀 Connecting to Market Data Service stream at ws://127.0.0.1:8001/ws/data...
2026-03-04 15:07:28 [INFO] Handshake headers being sent: {'Origin': 'http://127.0.0.1'}
2026-03-04 15:07:28 [INFO] Handshake headers being sent: {'Origin': 'http://127.0.0.1'}
2026-03-04 15:07:28 [INFO] ⚠️ Using derived lot_size 65 for ny040326150700b snapshot (DB value missing/invalid).
2026-03-04 15:07:28 [INFO] ⚠️ Using derived lot_size 65 for ny040326150700b snapshot (DB value missing/invalid).
2026-03-04 15:07:28 [INFO] 🔍 Found 0 orders in DB for trade ny040326150700b via get_orders_by_trade_id.
2026-03-04 15:07:28 [INFO] 🔍 Found 0 orders in DB for trade ny040326150700b via get_orders_by_trade_id.
2026-03-04 15:07:28 [INFO] Found 0 filled orders for ny040326150700b in DB via get_orders_by_trade_id.
2026-03-04 15:07:28 [INFO] Found 0 filled orders for ny040326150700b in DB via get_orders_by_trade_id.
2026-03-04 15:07:28 [WARNING] No trade orders found for ny040326150700b to build snapshot.
2026-03-04 15:07:28 [WARNING] No trade orders found for ny040326150700b to build snapshot.
2026-03-04 15:07:28 [WARNING] Position reconstruction for ny040326150700b yielded no positions. Falling back to main two legs for greeks.
2026-03-04 15:07:28 [WARNING] Position reconstruction for ny040326150700b yielded no positions. Falling back to main two legs for greeks.
2026-03-04 15:07:28 [INFO] ✅ Connected to Market Data Service real-time stream.
2026-03-04 15:07:28 [INFO] ✅ Connected to Market Data Service real-time stream.
2026-03-04 15:07:29 [INFO] ⚠️ Using derived lot_size 65 for ny040326150700b snapshot (DB value missing/invalid).
2026-03-04 15:07:29 [INFO] 🔍 Found 0 orders in DB for trade ny040326150700b via get_orders_by_trade_id.
2026-03-04 15:07:29 [INFO] Found 0 filled orders for ny040326150700b in DB via get_orders_by_trade_id.
2026-03-04 15:07:29 [WARNING] No trade orders found for ny040326150700b to build snapshot.
2026-03-04 15:07:29 [WARNING] Position reconstruction for ny040326150700b yielded no positions. Falling back to main two legs for greeks.
2026-03-04 15:07:29 [INFO] ⚠️ Using derived lot_size 65 for ny040326150700b snapshot (DB value missing/invalid).
2026-03-04 15:07:29 [INFO] 🔍 Found 0 orders in DB for trade ny040326150700b via get_orders_by_trade_id.
2026-03-04 15:07:29 [INFO] Found 0 filled orders for ny040326150700b in DB via get_orders_by_trade_id.
2026-03-04 15:07:29 [WARNING] No trade orders found for ny040326150700b to build snapshot.
2026-03-04 15:07:29 [WARNING] Position reconstruction for ny040326150700b yielded no positions. Falling back to main two legs for greeks.
2026-03-04 15:07:29 [INFO] ⚠️ Using derived lot_size 65 for ny040326150700b snapshot (DB value missing/invalid).
2026-03-04 15:07:29 [INFO] 🔍 Found 0 orders in DB for trade ny040326150700b via get_orders_by_trade_id.
2026-03-04 15:07:29 [INFO] Found 0 filled orders for ny040326150700b in DB via get_orders_by_trade_id.
2026-03-04 15:07:29 [WARNING] No trade orders found for ny040326150700b to build snapshot.
2026-03-04 15:07:29 [WARNING] Position reconstruction for ny040326150700b yielded no positions. Falling back to main two legs for greeks.
2026-03-04 15:07:29 [INFO] ⚠️ Using derived lot_size 65 for ny040326150700b snapshot (DB value missing/invalid).
2026-03-04 15:07:29 [INFO] 🔍 Found 0 orders in DB for trade ny040326150700b via get_orders_by_trade_id.
2026-03-04 15:07:29 [INFO] Found 0 filled orders for ny040326150700b in DB via get_orders_by_trade_id.
2026-03-04 15:07:29 [WARNING] No trade orders found for ny040326150700b to build snapshot.
2026-03-04 15:07:29 [WARNING] Position reconstruction for ny040326150700b yielded no positions. Falling back to main two legs for greeks.
2026-03-04 15:07:30 [INFO] ⚠️ Using derived lot_size 65 for ny040326150700b snapshot (DB value missing/invalid).
2026-03-04 15:07:30 [INFO] 🔍 Found 0 orders in DB for trade ny040326150700b via get_orders_by_trade_id.
2026-03-04 15:07:30 [INFO] Found 0 filled orders for ny040326150700b in DB via get_orders_by_trade_id.
2026-03-04 15:07:30 [WARNING] No trade orders found for ny040326150700b to build snapshot.
2026-03-04 15:07:30 [WARNING] Position reconstruction for ny040326150700b yielded no positions. Falling back to main two legs for greeks.
2026-03-04 15:07:30 [INFO] ⚠️ Using derived lot_size 65 for ny040326150700b snapshot (DB value missing/invalid).
2026-03-04 15:07:30 [INFO] 🔍 Found 0 orders in DB for trade ny040326150700b via get_orders_by_trade_id.
2026-03-04 15:07:30 [INFO] Found 0 filled orders for ny040326150700b in DB via get_orders_by_trade_id.
2026-03-04 15:07:30 [WARNING] No trade orders found for ny040326150700b to build snapshot.
2026-03-04 15:07:30 [WARNING] Position reconstruction for ny040326150700b yielded no positions. Falling back to main two legs for greeks.
2026-03-04 15:07:30 [INFO] ⚠️ Using derived lot_size 65 for ny040326150700b snapshot (DB value missing/invalid).
2026-03-04 15:07:30 [INFO] 🔍 Found 0 orders in DB for trade ny040326150700b via get_orders_by_trade_id.
2026-03-04 15:07:30 [INFO] Found 0 filled orders for ny040326150700b in DB via get_orders_by_trade_id.
2026-03-04 15:07:30 [WARNING] No trade orders found for ny040326150700b to build snapshot.
2026-03-04 15:07:30 [WARNING] Position reconstruction for ny040326150700b yielded no positions. Falling back to main two legs for greeks.
2026-03-04 15:07:30 [INFO] ⚠️ Using derived lot_size 65 for ny040326150700b snapshot (DB value missing/invalid).
2026-03-04 15:07:30 [INFO] 🔍 Found 0 orders in DB for trade ny040326150700b via get_orders_by_trade_id.
2026-03-04 15:07:30 [INFO] Found 0 filled orders for ny040326150700b in DB via get_orders_by_trade_id.
2026-03-04 15:07:30 [WARNING] No trade orders found for ny040326150700b to build snapshot.
2026-03-04 15:07:30 [WARNING] Position reconstruction for ny040326150700b yielded no positions. Falling back to main two legs for greeks.
2026-03-04 15:07:31 [INFO] ⚠️ Using derived lot_size 65 for ny040326150700b snapshot (DB value missing/invalid).
2026-03-04 15:07:31 [INFO] 🔍 Found 0 orders in DB for trade ny040326150700b via get_orders_by_trade_id.
2026-03-04 15:07:31 [INFO] Found 0 filled orders for ny040326150700b in DB via get_orders_by_trade_id.
2026-03-04 15:07:31 [WARNING] No trade orders found for ny040326150700b to build snapshot.
2026-03-04 15:07:31 [WARNING] Position reconstruction for ny040326150700b yielded no positions. Falling back to main two legs for greeks.
2026-03-04 15:07:31 [INFO] ⚠️ Using derived lot_size 65 for ny040326150700b snapshot (DB value missing/invalid).
2026-03-04 15:07:31 [INFO] 🔍 Found 0 orders in DB for trade ny040326150700b via get_orders_by_trade_id.
2026-03-04 15:07:31 [INFO] Found 0 filled orders for ny040326150700b in DB via get_orders_by_trade_id.
2026-03-04 15:07:31 [WARNING] No trade orders found for ny040326150700b to build snapshot.
2026-03-04 15:07:31 [WARNING] Position reconstruction for ny040326150700b yielded no positions. Falling back to main two legs for greeks.
2026-03-04 15:07:31 [INFO] ⚠️ Using derived lot_size 65 for ny040326150700b snapshot (DB value missing/invalid).
2026-03-04 15:07:31 [INFO] 🔍 Found 0 orders in DB for trade ny040326150700b via get_orders_by_trade_id.
2026-03-04 15:07:31 [INFO] Found 0 filled orders for ny040326150700b in DB via get_orders_by_trade_id.
2026-03-04 15:07:31 [WARNING] No trade orders found for ny040326150700b to build snapshot.
2026-03-04 15:07:31 [WARNING] Position reconstruction for ny040326150700b yielded no positions. Falling back to main two legs for greeks.
2026-03-04 15:07:32 [INFO] ⚠️ Using derived lot_size 65 for ny040326150700b snapshot (DB value missing/invalid).
2026-03-04 15:07:32 [INFO] 🔍 Found 0 orders in DB for trade ny040326150700b via get_orders_by_trade_id.
2026-03-04 15:07:32 [INFO] Found 0 filled orders for ny040326150700b in DB via get_orders_by_trade_id.
2026-03-04 15:07:32 [WARNING] No trade orders found for ny040326150700b to build snapshot.
2026-03-04 15:07:32 [WARNING] Position reconstruction for ny040326150700b yielded no positions. Falling back to main two legs for greeks.
2026-03-04 15:07:32 [INFO] ⚠️ Using derived lot_size 65 for ny040326150700b snapshot (DB value missing/invalid).
2026-03-04 15:07:32 [INFO] 🔍 Found 0 orders in DB for trade ny040326150700b via get_orders_by_trade_id.
2026-03-04 15:07:32 [INFO] Found 0 filled orders for ny040326150700b in DB via get_orders_by_trade_id.
2026-03-04 15:07:32 [WARNING] No trade orders found for ny040326150700b to build snapshot.
2026-03-04 15:07:32 [WARNING] Position reconstruction for ny040326150700b yielded no positions. Falling back to main two legs for greeks.
2026-03-04 15:07:32 [INFO] ⚠️ Using derived lot_size 65 for ny040326150700b snapshot (DB value missing/invalid).
2026-03-04 15:07:32 [INFO] 🔍 Found 0 orders in DB for trade ny040326150700b via get_orders_by_trade_id.
2026-03-04 15:07:32 [INFO] Found 0 filled orders for ny040326150700b in DB via get_orders_by_trade_id.
2026-03-04 15:07:32 [WARNING] No trade orders found for ny040326150700b to build snapshot.
2026-03-04 15:07:32 [WARNING] Position reconstruction for ny040326150700b yielded no positions. Falling back to main two legs for greeks.
2026-03-04 15:07:32 [INFO] Received and updated option chain for NIFTY via WebSocket.
2026-03-04 15:07:32 [INFO] Received and updated option chain for NIFTY via WebSocket.
2026-03-04 15:07:32 [INFO] ⚠️ Using derived lot_size 65 for ny040326150700b snapshot (DB value missing/invalid).
2026-03-04 15:07:32 [INFO] 🔍 Found 0 orders in DB for trade ny040326150700b via get_orders_by_trade_id.
2026-03-04 15:07:32 [INFO] Found 0 filled orders for ny040326150700b in DB via get_orders_by_trade_id.
2026-03-04 15:07:32 [WARNING] No trade orders found for ny040326150700b to build snapshot.
2026-03-04 15:07:32 [WARNING] Position reconstruction for ny040326150700b yielded no positions. Falling back to main two legs for greeks.
2026-03-04 15:07:33 [INFO] ⚠️ Using derived lot_size 65 for ny040326150700b snapshot (DB value missing/invalid).
2026-03-04 15:07:33 [INFO] 🔍 Found 0 orders in DB for trade ny040326150700b via get_orders_by_trade_id.
2026-03-04 15:07:33 [INFO] Found 0 filled orders for ny040326150700b in DB via get_orders_by_trade_id.
2026-03-04 15:07:33 [WARNING] No trade orders found for ny040326150700b to build snapshot.
2026-03-04 15:07:33 [WARNING] Position reconstruction for ny040326150700b yielded no positions. Falling back to main two legs for greeks.
2026-03-04 15:07:33 [INFO] ⚠️ Using derived lot_size 65 for ny040326150700b snapshot (DB value missing/invalid).
2026-03-04 15:07:33 [INFO] 🔍 Found 0 orders in DB for trade ny040326150700b via get_orders_by_trade_id.
2026-03-04 15:07:33 [INFO] Found 0 filled orders for ny040326150700b in DB via get_orders_by_trade_id.
2026-03-04 15:07:33 [WARNING] No trade orders found for ny040326150700b to build snapshot.
2026-03-04 15:07:33 [WARNING] Position reconstruction for ny040326150700b yielded no positions. Falling back to main two legs for greeks.
2026-03-04 15:07:33 [INFO] ⚠️ Using derived lot_size 65 for ny040326150700b snapshot (DB value missing/invalid).
2026-03-04 15:07:33 [INFO] 🔍 Found 0 orders in DB for trade ny040326150700b via get_orders_by_trade_id.
2026-03-04 15:07:33 [INFO] Found 0 filled orders for ny040326150700b in DB via get_orders_by_trade_id.
2026-03-04 15:07:33 [WARNING] No trade orders found for ny040326150700b to build snapshot.
2026-03-04 15:07:33 [WARNING] Position reconstruction for ny040326150700b yielded no positions. Falling back to main two legs for greeks.
2026-03-04 15:07:33 [INFO] ⚠️ Using derived lot_size 65 for ny040326150700b snapshot (DB value missing/invalid).
2026-03-04 15:07:33 [INFO] 🔍 Found 0 orders in DB for trade ny040326150700b via get_orders_by_trade_id.
2026-03-04 15:07:33 [INFO] Found 0 filled orders for ny040326150700b in DB via get_orders_by_trade_id.
2026-03-04 15:07:33 [WARNING] No trade orders found for ny040326150700b to build snapshot.
2026-03-04 15:07:33 [WARNING] Position reconstruction for ny040326150700b yielded no positions. Falling back to main two legs for greeks.
2026-03-04 15:07:34 [INFO] ⚠️ Using derived lot_size 65 for ny040326150700b snapshot (DB value missing/invalid).
2026-03-04 15:07:34 [INFO] 🔍 Found 0 orders in DB for trade ny040326150700b via get_orders_by_trade_id.
2026-03-04 15:07:34 [INFO] Found 0 filled orders for ny040326150700b in DB via get_orders_by_trade_id.
2026-03-04 15:07:34 [WARNING] No trade orders found for ny040326150700b to build snapshot.
2026-03-04 15:07:34 [WARNING] Position reconstruction for ny040326150700b yielded no positions. Falling back to main two legs for greeks.
2026-03-04 15:07:34 [INFO] ⚠️ Using derived lot_size 65 for ny040326150700b snapshot (DB value missing/invalid).
2026-03-04 15:07:34 [INFO] 🔍 Found 0 orders in DB for trade ny040326150700b via get_orders_by_trade_id.
2026-03-04 15:07:34 [INFO] Found 0 filled orders for ny040326150700b in DB via get_orders_by_trade_id.
2026-03-04 15:07:34 [WARNING] No trade orders found for ny040326150700b to build snapshot.
2026-03-04 15:07:34 [WARNING] Position reconstruction for ny040326150700b yielded no positions. Falling back to main two legs for greeks.
2026-03-04 15:07:34 [INFO] ⚠️ Using derived lot_size 65 for ny040326150700b snapshot (DB value missing/invalid).
2026-03-04 15:07:34 [INFO] 🔍 Found 0 orders in DB for trade ny040326150700b via get_orders_by_trade_id.
2026-03-04 15:07:34 [INFO] Found 0 filled orders for ny040326150700b in DB via get_orders_by_trade_id.
2026-03-04 15:07:34 [WARNING] No trade orders found for ny040326150700b to build snapshot.
2026-03-04 15:07:34 [WARNING] Position reconstruction for ny040326150700b yielded no positions. Falling back to main two legs for greeks.
2026-03-04 15:07:35 [INFO] ⚠️ Using derived lot_size 65 for ny040326150700b snapshot (DB value missing/invalid).
2026-03-04 15:07:35 [INFO] 🔍 Found 0 orders in DB for trade ny040326150700b via get_orders_by_trade_id.
2026-03-04 15:07:35 [INFO] Found 0 filled orders for ny040326150700b in DB via get_orders_by_trade_id.
2026-03-04 15:07:35 [WARNING] No trade orders found for ny040326150700b to build snapshot.
2026-03-04 15:07:35 [WARNING] Position reconstruction for ny040326150700b yielded no positions. Falling back to main two legs for greeks.
2026-03-04 15:07:35 [INFO] Received and updated option chain for SENSEX via WebSocket.
2026-03-04 15:07:35 [INFO] Received and updated option chain for SENSEX via WebSocket.
2026-03-04 15:07:35 [INFO] ⚠️ Using derived lot_size 65 for ny040326150700b snapshot (DB value missing/invalid).
2026-03-04 15:07:35 [INFO] 🔍 Found 0 orders in DB for trade ny040326150700b via get_orders_by_trade_id.
2026-03-04 15:07:35 [INFO] Found 0 filled orders for ny040326150700b in DB via get_orders_by_trade_id.
2026-03-04 15:07:35 [WARNING] No trade orders found for ny040326150700b to build snapshot.
2026-03-04 15:07:35 [WARNING] Position reconstruction for ny040326150700b yielded no positions. Falling back to main two legs for greeks.
2026-03-04 15:07:35 [INFO] ⚠️ Using derived lot_size 65 for ny040326150700b snapshot (DB value missing/invalid).
2026-03-04 15:07:35 [INFO] 🔍 Found 0 orders in DB for trade ny040326150700b via get_orders_by_trade_id.
2026-03-04 15:07:35 [INFO] Found 0 filled orders for ny040326150700b in DB via get_orders_by_trade_id.
2026-03-04 15:07:35 [WARNING] No trade orders found for ny040326150700b to build snapshot.
2026-03-04 15:07:35 [WARNING] Position reconstruction for ny040326150700b yielded no positions. Falling back to main two legs for greeks.
2026-03-04 15:07:35 [INFO] ⚠️ Using derived lot_size 65 for ny040326150700b snapshot (DB value missing/invalid).
2026-03-04 15:07:35 [INFO] 🔍 Found 0 orders in DB for trade ny040326150700b via get_orders_by_trade_id.
2026-03-04 15:07:35 [INFO] Found 0 filled orders for ny040326150700b in DB via get_orders_by_trade_id.
2026-03-04 15:07:35 [WARNING] No trade orders found for ny040326150700b to build snapshot.
2026-03-04 15:07:35 [WARNING] Position reconstruction for ny040326150700b yielded no positions. Falling back to main two legs for greeks.
2026-03-04 15:07:36 [INFO] ⚠️ Using derived lot_size 65 for ny040326150700b snapshot (DB value missing/invalid).
2026-03-04 15:07:36 [INFO] 🔍 Found 0 orders in DB for trade ny040326150700b via get_orders_by_trade_id.
2026-03-04 15:07:36 [INFO] Found 0 filled orders for ny040326150700b in DB via get_orders_by_trade_id.
2026-03-04 15:07:36 [WARNING] No trade orders found for ny040326150700b to build snapshot.
2026-03-04 15:07:36 [WARNING] Position reconstruction for ny040326150700b yielded no positions. Falling back to main two legs for greeks.
2026-03-04 15:07:36 [INFO] ⚠️ Using derived lot_size 65 for ny040326150700b snapshot (DB value missing/invalid).
2026-03-04 15:07:36 [INFO] 🔍 Found 0 orders in DB for trade ny040326150700b via get_orders_by_trade_id.
2026-03-04 15:07:36 [INFO] Found 0 filled orders for ny040326150700b in DB via get_orders_by_trade_id.
2026-03-04 15:07:36 [WARNING] No trade orders found for ny040326150700b to build snapshot.
2026-03-04 15:07:36 [WARNING] Position reconstruction for ny040326150700b yielded no positions. Falling back to main two legs for greeks.
2026-03-04 15:07:36 [INFO] ⚠️ Using derived lot_size 65 for ny040326150700b snapshot (DB value missing/invalid).
2026-03-04 15:07:36 [INFO] 🔍 Found 0 orders in DB for trade ny040326150700b via get_orders_by_trade_id.
2026-03-04 15:07:36 [INFO] Found 0 filled orders for ny040326150700b in DB via get_orders_by_trade_id.
2026-03-04 15:07:36 [WARNING] No trade orders found for ny040326150700b to build snapshot.
2026-03-04 15:07:36 [WARNING] Position reconstruction for ny040326150700b yielded no positions. Falling back to main two legs for greeks.
2026-03-04 15:07:36 [INFO] ⚠️ Using derived lot_size 65 for ny040326150700b snapshot (DB value missing/invalid).
2026-03-04 15:07:36 [INFO] 🔍 Found 0 orders in DB for trade ny040326150700b via get_orders_by_trade_id.
2026-03-04 15:07:36 [INFO] Found 0 filled orders for ny040326150700b in DB via get_orders_by_trade_id.
2026-03-04 15:07:36 [WARNING] No trade orders found for ny040326150700b to build snapshot.
2026-03-04 15:07:36 [WARNING] Position reconstruction for ny040326150700b yielded no positions. Falling back to main two legs for greeks.
2026-03-04 15:07:37 [INFO] ⚠️ Using derived lot_size 65 for ny040326150700b snapshot (DB value missing/invalid).
2026-03-04 15:07:37 [INFO] 🔍 Found 0 orders in DB for trade ny040326150700b via get_orders_by_trade_id.
2026-03-04 15:07:37 [INFO] Found 0 filled orders for ny040326150700b in DB via get_orders_by_trade_id.
2026-03-04 15:07:37 [WARNING] No trade orders found for ny040326150700b to build snapshot.
2026-03-04 15:07:37 [WARNING] Position reconstruction for ny040326150700b yielded no positions. Falling back to main two legs for greeks.
2026-03-04 15:07:37 [INFO] ⚠️ Using derived lot_size 65 for ny040326150700b snapshot (DB value missing/invalid).
2026-03-04 15:07:37 [INFO] 🔍 Found 0 orders in DB for trade ny040326150700b via get_orders_by_trade_id.
2026-03-04 15:07:37 [INFO] Found 0 filled orders for ny040326150700b in DB via get_orders_by_trade_id.
2026-03-04 15:07:37 [WARNING] No trade orders found for ny040326150700b to build snapshot.
2026-03-04 15:07:37 [WARNING] Position reconstruction for ny040326150700b yielded no positions. Falling back to main two legs for greeks.
2026-03-04 15:07:37 [INFO] ⚠️ Using derived lot_size 65 for ny040326150700b snapshot (DB value missing/invalid).
2026-03-04 15:07:37 [INFO] 🔍 Found 0 orders in DB for trade ny040326150700b via get_orders_by_trade_id.
2026-03-04 15:07:37 [INFO] Found 0 filled orders for ny040326150700b in DB via get_orders_by_trade_id.
2026-03-04 15:07:37 [WARNING] No trade orders found for ny040326150700b to build snapshot.
2026-03-04 15:07:37 [WARNING] Position reconstruction for ny040326150700b yielded no positions. Falling back to main two legs for greeks.
2026-03-04 15:07:38 [INFO] ⚠️ Using derived lot_size 65 for ny040326150700b snapshot (DB value missing/invalid).
2026-03-04 15:07:38 [INFO] 🔍 Found 0 orders in DB for trade ny040326150700b via get_orders_by_trade_id.
2026-03-04 15:07:38 [INFO] Found 0 filled orders for ny040326150700b in DB via get_orders_by_trade_id.
2026-03-04 15:07:38 [WARNING] No trade orders found for ny040326150700b to build snapshot.
2026-03-04 15:07:38 [WARNING] Position reconstruction for ny040326150700b yielded no positions. Falling back to main two legs for greeks.
2026-03-04 15:07:38 [INFO] ⚠️ Using derived lot_size 65 for ny040326150700b snapshot (DB value missing/invalid).
2026-03-04 15:07:38 [INFO] 🔍 Found 0 orders in DB for trade ny040326150700b via get_orders_by_trade_id.
2026-03-04 15:07:38 [INFO] Found 0 filled orders for ny040326150700b in DB via get_orders_by_trade_id.
2026-03-04 15:07:38 [WARNING] No trade orders found for ny040326150700b to build snapshot.
2026-03-04 15:07:38 [WARNING] Position reconstruction for ny040326150700b yielded no positions. Falling back to main two legs for greeks.
2026-03-04 15:07:38 [INFO] ⚠️ Using derived lot_size 65 for ny040326150700b snapshot (DB value missing/invalid).
2026-03-04 15:07:38 [INFO] 🔍 Found 0 orders in DB for trade ny040326150700b via get_orders_by_trade_id.
2026-03-04 15:07:38 [INFO] Found 0 filled orders for ny040326150700b in DB via get_orders_by_trade_id.
2026-03-04 15:07:38 [WARNING] No trade orders found for ny040326150700b to build snapshot.
2026-03-04 15:07:38 [WARNING] Position reconstruction for ny040326150700b yielded no positions. Falling back to main two legs for greeks.
2026-03-04 15:07:38 [INFO] ⚠️ Using derived lot_size 65 for ny040326150700b snapshot (DB value missing/invalid).
2026-03-04 15:07:38 [INFO] 🔍 Found 0 orders in DB for trade ny040326150700b via get_orders_by_trade_id.
2026-03-04 15:07:38 [INFO] Found 0 filled orders for ny040326150700b in DB via get_orders_by_trade_id.
2026-03-04 15:07:38 [WARNING] No trade orders found for ny040326150700b to build snapshot.
2026-03-04 15:07:38 [WARNING] Position reconstruction for ny040326150700b yielded no positions. Falling back to main two legs for greeks.
2026-03-04 15:07:39 [INFO] ⚠️ Using derived lot_size 65 for ny040326150700b snapshot (DB value missing/invalid).
2026-03-04 15:07:39 [INFO] 🔍 Found 0 orders in DB for trade ny040326150700b via get_orders_by_trade_id.
2026-03-04 15:07:39 [INFO] Found 0 filled orders for ny040326150700b in DB via get_orders_by_trade_id.
2026-03-04 15:07:39 [WARNING] No trade orders found for ny040326150700b to build snapshot.
2026-03-04 15:07:39 [WARNING] Position reconstruction for ny040326150700b yielded no positions. Falling back to main two legs for greeks.
2026-03-04 15:07:39 [INFO] ⚠️ Using derived lot_size 65 for ny040326150700b snapshot (DB value missing/invalid).
2026-03-04 15:07:39 [INFO] 🔍 Found 0 orders in DB for trade ny040326150700b via get_orders_by_trade_id.
2026-03-04 15:07:39 [INFO] Found 0 filled orders for ny040326150700b in DB via get_orders_by_trade_id.
2026-03-04 15:07:39 [WARNING] No trade orders found for ny040326150700b to build snapshot.
2026-03-04 15:07:39 [WARNING] Position reconstruction for ny040326150700b yielded no positions. Falling back to main two legs for greeks.
2026-03-04 15:07:39 [INFO] ⚠️ Using derived lot_size 65 for ny040326150700b snapshot (DB value missing/invalid).
2026-03-04 15:07:39 [INFO] 🔍 Found 0 orders in DB for trade ny040326150700b via get_orders_by_trade_id.
2026-03-04 15:07:39 [INFO] Found 0 filled orders for ny040326150700b in DB via get_orders_by_trade_id.
2026-03-04 15:07:39 [WARNING] No trade orders found for ny040326150700b to build snapshot.
2026-03-04 15:07:39 [WARNING] Position reconstruction for ny040326150700b yielded no positions. Falling back to main two legs for greeks.
2026-03-04 15:07:39 [INFO] ⚠️ Using derived lot_size 65 for ny040326150700b snapshot (DB value missing/invalid).
2026-03-04 15:07:39 [INFO] 🔍 Found 0 orders in DB for trade ny040326150700b via get_orders_by_trade_id.
2026-03-04 15:07:39 [INFO] Found 0 filled orders for ny040326150700b in DB via get_orders_by_trade_id.
2026-03-04 15:07:39 [WARNING] No trade orders found for ny040326150700b to build snapshot.
2026-03-04 15:07:39 [WARNING] Position reconstruction for ny040326150700b yielded no positions. Falling back to main two legs for greeks.
2026-03-04 15:07:40 [INFO] ⚠️ Using derived lot_size 65 for ny040326150700b snapshot (DB value missing/invalid).
2026-03-04 15:07:40 [INFO] 🔍 Found 0 orders in DB for trade ny040326150700b via get_orders_by_trade_id.
2026-03-04 15:07:40 [INFO] Found 0 filled orders for ny040326150700b in DB via get_orders_by_trade_id.
2026-03-04 15:07:40 [WARNING] No trade orders found for ny040326150700b to build snapshot.
2026-03-04 15:07:40 [WARNING] Position reconstruction for ny040326150700b yielded no positions. Falling back to main two legs for greeks.
2026-03-04 15:07:40 [INFO] ⚠️ Using derived lot_size 65 for ny040326150700b snapshot (DB value missing/invalid).
2026-03-04 15:07:40 [INFO] 🔍 Found 0 orders in DB for trade ny040326150700b via get_orders_by_trade_id.
2026-03-04 15:07:40 [INFO] Found 0 filled orders for ny040326150700b in DB via get_orders_by_trade_id.
2026-03-04 15:07:40 [WARNING] No trade orders found for ny040326150700b to build snapshot.
2026-03-04 15:07:40 [WARNING] Position reconstruction for ny040326150700b yielded no positions. Falling back to main two legs for greeks.
2026-03-04 15:07:40 [INFO] ⚠️ Using derived lot_size 65 for ny040326150700b snapshot (DB value missing/invalid).
2026-03-04 15:07:40 [INFO] 🔍 Found 0 orders in DB for trade ny040326150700b via get_orders_by_trade_id.
2026-03-04 15:07:40 [INFO] Found 0 filled orders for ny040326150700b in DB via get_orders_by_trade_id.
2026-03-04 15:07:40 [WARNING] No trade orders found for ny040326150700b to build snapshot.
2026-03-04 15:07:40 [WARNING] Position reconstruction for ny040326150700b yielded no positions. Falling back to main two legs for greeks.
2026-03-04 15:07:41 [INFO] ⚠️ Using derived lot_size 65 for ny040326150700b snapshot (DB value missing/invalid).
2026-03-04 15:07:41 [INFO] 🔍 Found 0 orders in DB for trade ny040326150700b via get_orders_by_trade_id.
2026-03-04 15:07:41 [INFO] Found 0 filled orders for ny040326150700b in DB via get_orders_by_trade_id.
2026-03-04 15:07:41 [WARNING] No trade orders found for ny040326150700b to build snapshot.
2026-03-04 15:07:41 [WARNING] Position reconstruction for ny040326150700b yielded no positions. Falling back to main two legs for greeks.
2026-03-04 15:07:41 [INFO] ⚠️ Using derived lot_size 65 for ny040326150700b snapshot (DB value missing/invalid).
2026-03-04 15:07:41 [INFO] 🔍 Found 0 orders in DB for trade ny040326150700b via get_orders_by_trade_id.
2026-03-04 15:07:41 [INFO] Found 0 filled orders for ny040326150700b in DB via get_orders_by_trade_id.
2026-03-04 15:07:41 [WARNING] No trade orders found for ny040326150700b to build snapshot.
2026-03-04 15:07:41 [WARNING] Position reconstruction for ny040326150700b yielded no positions. Falling back to main two legs for greeks.
2026-03-04 15:07:41 [INFO] ⚠️ Using derived lot_size 65 for ny040326150700b snapshot (DB value missing/invalid).
2026-03-04 15:07:41 [INFO] 🔍 Found 0 orders in DB for trade ny040326150700b via get_orders_by_trade_id.
2026-03-04 15:07:41 [INFO] Found 0 filled orders for ny040326150700b in DB via get_orders_by_trade_id.
2026-03-04 15:07:41 [WARNING] No trade orders found for ny040326150700b to build snapshot.
2026-03-04 15:07:41 [WARNING] Position reconstruction for ny040326150700b yielded no positions. Falling back to main two legs for greeks.
2026-03-04 15:07:41 [INFO] ⚠️ Using derived lot_size 65 for ny040326150700b snapshot (DB value missing/invalid).
2026-03-04 15:07:41 [INFO] 🔍 Found 0 orders in DB for trade ny040326150700b via get_orders_by_trade_id.
2026-03-04 15:07:41 [INFO] Found 0 filled orders for ny040326150700b in DB via get_orders_by_trade_id.
2026-03-04 15:07:41 [WARNING] No trade orders found for ny040326150700b to build snapshot.
2026-03-04 15:07:41 [WARNING] Position reconstruction for ny040326150700b yielded no positions. Falling back to main two legs for greeks.
2026-03-04 15:07:42 [INFO] ⚠️ Using derived lot_size 65 for ny040326150700b snapshot (DB value missing/invalid).
2026-03-04 15:07:42 [INFO] 🔍 Found 0 orders in DB for trade ny040326150700b via get_orders_by_trade_id.
2026-03-04 15:07:42 [INFO] Found 0 filled orders for ny040326150700b in DB via get_orders_by_trade_id.
2026-03-04 15:07:42 [WARNING] No trade orders found for ny040326150700b to build snapshot.
2026-03-04 15:07:42 [WARNING] Position reconstruction for ny040326150700b yielded no positions. Falling back to main two legs for greeks.
2026-03-04 15:07:42 [INFO] ⚠️ Using derived lot_size 65 for ny040326150700b snapshot (DB value missing/invalid).
2026-03-04 15:07:42 [INFO] 🔍 Found 0 orders in DB for trade ny040326150700b via get_orders_by_trade_id.
2026-03-04 15:07:42 [INFO] Found 0 filled orders for ny040326150700b in DB via get_orders_by_trade_id.
2026-03-04 15:07:42 [WARNING] No trade orders found for ny040326150700b to build snapshot.
2026-03-04 15:07:42 [WARNING] Position reconstruction for ny040326150700b yielded no positions. Falling back to main two legs for greeks.
2026-03-04 15:07:42 [INFO] ⚠️ Using derived lot_size 65 for ny040326150700b snapshot (DB value missing/invalid).
2026-03-04 15:07:42 [INFO] 🔍 Found 0 orders in DB for trade ny040326150700b via get_orders_by_trade_id.
2026-03-04 15:07:42 [INFO] Found 0 filled orders for ny040326150700b in DB via get_orders_by_trade_id.
2026-03-04 15:07:42 [WARNING] No trade orders found for ny040326150700b to build snapshot.
2026-03-04 15:07:42 [WARNING] Position reconstruction for ny040326150700b yielded no positions. Falling back to main two legs for greeks.
2026-03-04 15:07:42 [INFO] ⚠️ Using derived lot_size 65 for ny040326150700b snapshot (DB value missing/invalid).
2026-03-04 15:07:42 [INFO] 🔍 Found 0 orders in DB for trade ny040326150700b via get_orders_by_trade_id.
2026-03-04 15:07:42 [INFO] Found 0 filled orders for ny040326150700b in DB via get_orders_by_trade_id.
2026-03-04 15:07:42 [WARNING] No trade orders found for ny040326150700b to build snapshot.
2026-03-04 15:07:42 [WARNING] Position reconstruction for ny040326150700b yielded no positions. Falling back to main two legs for greeks.
2026-03-04 15:07:43 [INFO] ⚠️ Using derived lot_size 65 for ny040326150700b snapshot (DB value missing/invalid).
2026-03-04 15:07:43 [INFO] 🔍 Found 0 orders in DB for trade ny040326150700b via get_orders_by_trade_id.
2026-03-04 15:07:43 [INFO] Found 0 filled orders for ny040326150700b in DB via get_orders_by_trade_id.
2026-03-04 15:07:43 [WARNING] No trade orders found for ny040326150700b to build snapshot.
2026-03-04 15:07:43 [WARNING] Position reconstruction for ny040326150700b yielded no positions. Falling back to main two legs for greeks.
2026-03-04 15:07:43 [INFO] ⚠️ Using derived lot_size 65 for ny040326150700b snapshot (DB value missing/invalid).
2026-03-04 15:07:43 [INFO] 🔍 Found 0 orders in DB for trade ny040326150700b via get_orders_by_trade_id.
2026-03-04 15:07:43 [INFO] Found 0 filled orders for ny040326150700b in DB via get_orders_by_trade_id.
2026-03-04 15:07:43 [WARNING] No trade orders found for ny040326150700b to build snapshot.
2026-03-04 15:07:43 [WARNING] Position reconstruction for ny040326150700b yielded no positions. Falling back to main two legs for greeks.
2026-03-04 15:07:43 [INFO] ⚠️ Using derived lot_size 65 for ny040326150700b snapshot (DB value missing/invalid).
2026-03-04 15:07:43 [INFO] 🔍 Found 0 orders in DB for trade ny040326150700b via get_orders_by_trade_id.
2026-03-04 15:07:43 [INFO] Found 0 filled orders for ny040326150700b in DB via get_orders_by_trade_id.
2026-03-04 15:07:43 [WARNING] No trade orders found for ny040326150700b to build snapshot.
2026-03-04 15:07:43 [WARNING] Position reconstruction for ny040326150700b yielded no positions. Falling back to main two legs for greeks.
2026-03-04 15:07:44 [INFO] ⚠️ Using derived lot_size 65 for ny040326150700b snapshot (DB value missing/invalid).
2026-03-04 15:07:44 [INFO] 🔍 Found 0 orders in DB for trade ny040326150700b via get_orders_by_trade_id.
2026-03-04 15:07:44 [INFO] Found 0 filled orders for ny040326150700b in DB via get_orders_by_trade_id.
2026-03-04 15:07:44 [WARNING] No trade orders found for ny040326150700b to build snapshot.
2026-03-04 15:07:44 [WARNING] Position reconstruction for ny040326150700b yielded no positions. Falling back to main two legs for greeks.
2026-03-04 15:07:44 [INFO] ⚠️ Using derived lot_size 65 for ny040326150700b snapshot (DB value missing/invalid).
2026-03-04 15:07:44 [INFO] 🔍 Found 0 orders in DB for trade ny040326150700b via get_orders_by_trade_id.
2026-03-04 15:07:44 [INFO] Found 0 filled orders for ny040326150700b in DB via get_orders_by_trade_id.
2026-03-04 15:07:44 [WARNING] No trade orders found for ny040326150700b to build snapshot.
2026-03-04 15:07:44 [WARNING] Position reconstruction for ny040326150700b yielded no positions. Falling back to main two legs for greeks.
2026-03-04 15:07:44 [INFO] ⚠️ Using derived lot_size 65 for ny040326150700b snapshot (DB value missing/invalid).
2026-03-04 15:07:44 [INFO] 🔍 Found 0 orders in DB for trade ny040326150700b via get_orders_by_trade_id.
2026-03-04 15:07:44 [INFO] Found 0 filled orders for ny040326150700b in DB via get_orders_by_trade_id.
2026-03-04 15:07:44 [WARNING] No trade orders found for ny040326150700b to build snapshot.
2026-03-04 15:07:44 [WARNING] Position reconstruction for ny040326150700b yielded no positions. Falling back to main two legs for greeks.
2026-03-04 15:07:44 [INFO] ⚠️ Using derived lot_size 65 for ny040326150700b snapshot (DB value missing/invalid).
2026-03-04 15:07:44 [INFO] 🔍 Found 0 orders in DB for trade ny040326150700b via get_orders_by_trade_id.
2026-03-04 15:07:44 [INFO] Found 0 filled orders for ny040326150700b in DB via get_orders_by_trade_id.
2026-03-04 15:07:44 [WARNING] No trade orders found for ny040326150700b to build snapshot.
2026-03-04 15:07:44 [WARNING] Position reconstruction for ny040326150700b yielded no positions. Falling back to main two legs for greeks.
2026-03-04 15:07:45 [INFO] ⚠️ Using derived lot_size 65 for ny040326150700b snapshot (DB value missing/invalid).
2026-03-04 15:07:45 [INFO] 🔍 Found 0 orders in DB for trade ny040326150700b via get_orders_by_trade_id.
2026-03-04 15:07:45 [INFO] Found 0 filled orders for ny040326150700b in DB via get_orders_by_trade_id.
2026-03-04 15:07:45 [WARNING] No trade orders found for ny040326150700b to build snapshot.
2026-03-04 15:07:45 [WARNING] Position reconstruction for ny040326150700b yielded no positions. Falling back to main two legs for greeks.
2026-03-04 15:07:45 [INFO] ⚠️ Using derived lot_size 65 for ny040326150700b snapshot (DB value missing/invalid).
2026-03-04 15:07:45 [INFO] 🔍 Found 0 orders in DB for trade ny040326150700b via get_orders_by_trade_id.
2026-03-04 15:07:45 [INFO] Found 0 filled orders for ny040326150700b in DB via get_orders_by_trade_id.
2026-03-04 15:07:45 [WARNING] No trade orders found for ny040326150700b to build snapshot.
2026-03-04 15:07:45 [WARNING] Position reconstruction for ny040326150700b yielded no positions. Falling back to main two legs for greeks.
2026-03-04 15:07:45 [INFO] ⚠️ Using derived lot_size 65 for ny040326150700b snapshot (DB value missing/invalid).
2026-03-04 15:07:45 [INFO] 🔍 Found 0 orders in DB for trade ny040326150700b via get_orders_by_trade_id.
2026-03-04 15:07:45 [INFO] Found 0 filled orders for ny040326150700b in DB via get_orders_by_trade_id.
2026-03-04 15:07:45 [WARNING] No trade orders found for ny040326150700b to build snapshot.
2026-03-04 15:07:45 [WARNING] Position reconstruction for ny040326150700b yielded no positions. Falling back to main two legs for greeks.
2026-03-04 15:07:46 [INFO] ⚠️ Using derived lot_size 65 for ny040326150700b snapshot (DB value missing/invalid).
2026-03-04 15:07:46 [INFO] 🔍 Found 0 orders in DB for trade ny040326150700b via get_orders_by_trade_id.
2026-03-04 15:07:46 [INFO] Found 0 filled orders for ny040326150700b in DB via get_orders_by_trade_id.
2026-03-04 15:07:46 [WARNING] No trade orders found for ny040326150700b to build snapshot.
2026-03-04 15:07:46 [WARNING] Position reconstruction for ny040326150700b yielded no positions. Falling back to main two legs for greeks.
2026-03-04 15:07:46 [INFO] ⚠️ Using derived lot_size 65 for ny040326150700b snapshot (DB value missing/invalid).
2026-03-04 15:07:46 [INFO] 🔍 Found 0 orders in DB for trade ny040326150700b via get_orders_by_trade_id.
2026-03-04 15:07:46 [INFO] Found 0 filled orders for ny040326150700b in DB via get_orders_by_trade_id.
2026-03-04 15:07:46 [WARNING] No trade orders found for ny040326150700b to build snapshot.
2026-03-04 15:07:46 [WARNING] Position reconstruction for ny040326150700b yielded no positions. Falling back to main two legs for greeks.
2026-03-04 15:07:46 [INFO] ⚠️ Using derived lot_size 65 for ny040326150700b snapshot (DB value missing/invalid).
2026-03-04 15:07:46 [INFO] 🔍 Found 0 orders in DB for trade ny040326150700b via get_orders_by_trade_id.
2026-03-04 15:07:46 [INFO] Found 0 filled orders for ny040326150700b in DB via get_orders_by_trade_id.
2026-03-04 15:07:46 [WARNING] No trade orders found for ny040326150700b to build snapshot.
2026-03-04 15:07:46 [WARNING] Position reconstruction for ny040326150700b yielded no positions. Falling back to main two legs for greeks.
2026-03-04 15:07:46 [INFO] ⚠️ Using derived lot_size 65 for ny040326150700b snapshot (DB value missing/invalid).
2026-03-04 15:07:46 [INFO] 🔍 Found 0 orders in DB for trade ny040326150700b via get_orders_by_trade_id.
2026-03-04 15:07:46 [INFO] Found 0 filled orders for ny040326150700b in DB via get_orders_by_trade_id.
2026-03-04 15:07:46 [WARNING] No trade orders found for ny040326150700b to build snapshot.
2026-03-04 15:07:46 [WARNING] Position reconstruction for ny040326150700b yielded no positions. Falling back to main two legs for greeks.
2026-03-04 15:07:47 [INFO] ⚠️ Using derived lot_size 65 for ny040326150700b snapshot (DB value missing/invalid).
2026-03-04 15:07:47 [INFO] 🔍 Found 0 orders in DB for trade ny040326150700b via get_orders_by_trade_id.
2026-03-04 15:07:47 [INFO] Found 0 filled orders for ny040326150700b in DB via get_orders_by_trade_id.
2026-03-04 15:07:47 [WARNING] No trade orders found for ny040326150700b to build snapshot.
2026-03-04 15:07:47 [WARNING] Position reconstruction for ny040326150700b yielded no positions. Falling back to main two legs for greeks.
2026-03-04 15:07:47 [INFO] ⚠️ Using derived lot_size 65 for ny040326150700b snapshot (DB value missing/invalid).
2026-03-04 15:07:47 [INFO] 🔍 Found 0 orders in DB for trade ny040326150700b via get_orders_by_trade_id.
2026-03-04 15:07:47 [INFO] Found 0 filled orders for ny040326150700b in DB via get_orders_by_trade_id.
2026-03-04 15:07:47 [WARNING] No trade orders found for ny040326150700b to build snapshot.
2026-03-04 15:07:47 [WARNING] Position reconstruction for ny040326150700b yielded no positions. Falling back to main two legs for greeks.
2026-03-04 15:07:47 [INFO] ⚠️ Using derived lot_size 65 for ny040326150700b snapshot (DB value missing/invalid).
2026-03-04 15:07:47 [INFO] 🔍 Found 0 orders in DB for trade ny040326150700b via get_orders_by_trade_id.
2026-03-04 15:07:47 [INFO] Found 0 filled orders for ny040326150700b in DB via get_orders_by_trade_id.
2026-03-04 15:07:47 [WARNING] No trade orders found for ny040326150700b to build snapshot.
2026-03-04 15:07:47 [WARNING] Position reconstruction for ny040326150700b yielded no positions. Falling back to main two legs for greeks.
2026-03-04 15:07:47 [INFO] ⚠️ Using derived lot_size 65 for ny040326150700b snapshot (DB value missing/invalid).
2026-03-04 15:07:47 [INFO] 🔍 Found 0 orders in DB for trade ny040326150700b via get_orders_by_trade_id.
2026-03-04 15:07:47 [INFO] Found 0 filled orders for ny040326150700b in DB via get_orders_by_trade_id.
2026-03-04 15:07:47 [WARNING] No trade orders found for ny040326150700b to build snapshot.
2026-03-04 15:07:47 [WARNING] Position reconstruction for ny040326150700b yielded no positions. Falling back to main two legs for greeks.
2026-03-04 15:07:48 [INFO] ⚠️ Using derived lot_size 65 for ny040326150700b snapshot (DB value missing/invalid).
2026-03-04 15:07:48 [INFO] 🔍 Found 0 orders in DB for trade ny040326150700b via get_orders_by_trade_id.
2026-03-04 15:07:48 [INFO] Found 0 filled orders for ny040326150700b in DB via get_orders_by_trade_id.
2026-03-04 15:07:48 [WARNING] No trade orders found for ny040326150700b to build snapshot.
2026-03-04 15:07:48 [WARNING] Position reconstruction for ny040326150700b yielded no positions. Falling back to main two legs for greeks.
2026-03-04 15:07:48 [INFO] Received and updated option chain for NIFTY via WebSocket.
2026-03-04 15:07:48 [INFO] Received and updated option chain for NIFTY via WebSocket.
2026-03-04 15:07:48 [INFO] ⚠️ Using derived lot_size 65 for ny040326150700b snapshot (DB value missing/invalid).
2026-03-04 15:07:48 [INFO] 🔍 Found 0 orders in DB for trade ny040326150700b via get_orders_by_trade_id.
2026-03-04 15:07:48 [INFO] Found 0 filled orders for ny040326150700b in DB via get_orders_by_trade_id.
2026-03-04 15:07:48 [WARNING] No trade orders found for ny040326150700b to build snapshot.
2026-03-04 15:07:48 [WARNING] Position reconstruction for ny040326150700b yielded no positions. Falling back to main two legs for greeks.
2026-03-04 15:07:48 [INFO] ⚠️ Using derived lot_size 65 for ny040326150700b snapshot (DB value missing/invalid).
2026-03-04 15:07:48 [INFO] 🔍 Found 0 orders in DB for trade ny040326150700b via get_orders_by_trade_id.
2026-03-04 15:07:48 [INFO] Found 0 filled orders for ny040326150700b in DB via get_orders_by_trade_id.
2026-03-04 15:07:48 [WARNING] No trade orders found for ny040326150700b to build snapshot.
2026-03-04 15:07:48 [WARNING] Position reconstruction for ny040326150700b yielded no positions. Falling back to main two legs for greeks.
2026-03-04 15:07:48 [INFO] ⚠️ Using derived lot_size 65 for ny040326150700b snapshot (DB value missing/invalid).
2026-03-04 15:07:48 [INFO] 🔍 Found 0 orders in DB for trade ny040326150700b via get_orders_by_trade_id.
2026-03-04 15:07:48 [INFO] Found 0 filled orders for ny040326150700b in DB via get_orders_by_trade_id.
2026-03-04 15:07:48 [WARNING] No trade orders found for ny040326150700b to build snapshot.
2026-03-04 15:07:48 [WARNING] Position reconstruction for ny040326150700b yielded no positions. Falling back to main two legs for greeks.
2026-03-04 15:07:49 [INFO] ⚠️ Using derived lot_size 65 for ny040326150700b snapshot (DB value missing/invalid).
2026-03-04 15:07:49 [INFO] 🔍 Found 0 orders in DB for trade ny040326150700b via get_orders_by_trade_id.
2026-03-04 15:07:49 [INFO] Found 0 filled orders for ny040326150700b in DB via get_orders_by_trade_id.
2026-03-04 15:07:49 [WARNING] No trade orders found for ny040326150700b to build snapshot.
2026-03-04 15:07:49 [WARNING] Position reconstruction for ny040326150700b yielded no positions. Falling back to main two legs for greeks.
2026-03-04 15:07:49 [INFO] ⚠️ Using derived lot_size 65 for ny040326150700b snapshot (DB value missing/invalid).
2026-03-04 15:07:49 [INFO] 🔍 Found 0 orders in DB for trade ny040326150700b via get_orders_by_trade_id.
2026-03-04 15:07:49 [INFO] Found 0 filled orders for ny040326150700b in DB via get_orders_by_trade_id.
2026-03-04 15:07:49 [WARNING] No trade orders found for ny040326150700b to build snapshot.
2026-03-04 15:07:49 [WARNING] Position reconstruction for ny040326150700b yielded no positions. Falling back to main two legs for greeks.
2026-03-04 15:07:49 [INFO] ⚠️ Using derived lot_size 65 for ny040326150700b snapshot (DB value missing/invalid).
2026-03-04 15:07:49 [INFO] 🔍 Found 0 orders in DB for trade ny040326150700b via get_orders_by_trade_id.
2026-03-04 15:07:49 [INFO] Found 0 filled orders for ny040326150700b in DB via get_orders_by_trade_id.
2026-03-04 15:07:49 [WARNING] No trade orders found for ny040326150700b to build snapshot.
2026-03-04 15:07:49 [WARNING] Position reconstruction for ny040326150700b yielded no positions. Falling back to main two legs for greeks.
2026-03-04 15:07:50 [INFO] ⚠️ Using derived lot_size 65 for ny040326150700b snapshot (DB value missing/invalid).
2026-03-04 15:07:50 [INFO] 🔍 Found 0 orders in DB for trade ny040326150700b via get_orders_by_trade_id.
2026-03-04 15:07:50 [INFO] Found 0 filled orders for ny040326150700b in DB via get_orders_by_trade_id.
2026-03-04 15:07:50 [WARNING] No trade orders found for ny040326150700b to build snapshot.
2026-03-04 15:07:50 [WARNING] Position reconstruction for ny040326150700b yielded no positions. Falling back to main two legs for greeks.
2026-03-04 15:07:50 [INFO] ⚠️ Using derived lot_size 65 for ny040326150700b snapshot (DB value missing/invalid).
2026-03-04 15:07:50 [INFO] 🔍 Found 0 orders in DB for trade ny040326150700b via get_orders_by_trade_id.
2026-03-04 15:07:50 [INFO] Found 0 filled orders for ny040326150700b in DB via get_orders_by_trade_id.
2026-03-04 15:07:50 [WARNING] No trade orders found for ny040326150700b to build snapshot.
2026-03-04 15:07:50 [WARNING] Position reconstruction for ny040326150700b yielded no positions. Falling back to main two legs for greeks.
2026-03-04 15:07:50 [INFO] Received and updated option chain for SENSEX via WebSocket.
2026-03-04 15:07:50 [INFO] Received and updated option chain for SENSEX via WebSocket.
2026-03-04 15:07:50 [INFO] ⚠️ Using derived lot_size 65 for ny040326150700b snapshot (DB value missing/invalid).
2026-03-04 15:07:50 [INFO] 🔍 Found 0 orders in DB for trade ny040326150700b via get_orders_by_trade_id.
2026-03-04 15:07:50 [INFO] Found 0 filled orders for ny040326150700b in DB via get_orders_by_trade_id.
2026-03-04 15:07:50 [WARNING] No trade orders found for ny040326150700b to build snapshot.
2026-03-04 15:07:50 [WARNING] Position reconstruction for ny040326150700b yielded no positions. Falling back to main two legs for greeks.
2026-03-04 15:07:50 [INFO] ⚠️ Using derived lot_size 65 for ny040326150700b snapshot (DB value missing/invalid).
2026-03-04 15:07:50 [INFO] 🔍 Found 0 orders in DB for trade ny040326150700b via get_orders_by_trade_id.
2026-03-04 15:07:50 [INFO] Found 0 filled orders for ny040326150700b in DB via get_orders_by_trade_id.
2026-03-04 15:07:50 [WARNING] No trade orders found for ny040326150700b to build snapshot.
2026-03-04 15:07:50 [WARNING] Position reconstruction for ny040326150700b yielded no positions. Falling back to main two legs for greeks.
2026-03-04 15:07:51 [INFO] 🛑 Shutting down trade process for ny040326150700b.
2026-03-04 15:07:51 [INFO] 🛑 Shutting down trade process for ny040326150700b.
2026-03-04 15:07:51 [INFO] 🛑 Stopping all monitors for trade: ny040326150700b
2026-03-04 15:07:51 [INFO] 🛑 SLMonitor disabled: ny040326150700b
2026-03-04 15:07:51 [INFO] 🛑 Stopping all monitors for trade: ny040326150700b
2026-03-04 15:07:51 [INFO] 🛑 SLMonitor disabled: ny040326150700b
2026-03-04 15:07:51 [INFO] 🛑 HedgeMonitor disabled for ny040326150700b.
2026-03-04 15:07:51 [INFO] 🛑 RollMonitor disabled: ny040326150700b
2026-03-04 15:07:51 [INFO] 🛑 HedgeMonitor disabled for ny040326150700b.
2026-03-04 15:07:51 [INFO] 🛑 SquareOffMonitor disabled for ny040326150700b
2026-03-04 15:07:51 [INFO] 🛑 RollMonitor disabled: ny040326150700b
2026-03-04 15:07:51 [INFO] 🛑 StraddlePriceMonitor disabled: ny040326150700b
2026-03-04 15:07:51 [INFO] 🛑 SquareOffMonitor disabled for ny040326150700b
2026-03-04 15:07:51 [INFO] 🛑 StraddlePriceMonitor disabled: ny040326150700b
2026-03-04 15:07:51 [INFO] ✅ Market Data Client closed.
2026-03-04 15:07:51 [INFO] 🔒 Database closed
2026-03-04 15:07:51 [INFO] ✅ Market Data Client closed.
2026-03-04 15:07:51 [INFO] ✅ Process for ny040326150700b finished.
2026-03-04 15:07:51 [INFO] 🔒 Database closed
2026-03-04 15:07:51 [INFO] ✅ Process for ny040326150700b finished.
2026-03-04 15:07:51 [INFO] Price sync loop cancelled.
2026-03-04 15:07:51 [INFO] Price sync loop cancelled.
2026-03-04 15:12:32 [INFO] 🚀 Process for trade ny040326150700b started.
2026-03-04 15:12:32 [INFO] ✅ Database initialized
2026-03-04 15:12:32 [INFO] ✅ Market Data Client initialized.
2026-03-04 15:12:32 [INFO] ✅ SLMonitor initialized: ny040326150700b
2026-03-04 15:12:32 [INFO]    SL BPS: 14.0 (0.14%) of spot price
2026-03-04 15:12:32 [INFO]    Check Interval: 60.0s
2026-03-04 15:12:32 [INFO] ✅ RollMonitor initialized: ny040326150700b
2026-03-04 15:12:32 [INFO]    Check Interval: 60.0s
2026-03-04 15:12:32 [INFO] ✅ SquareOffMonitor initialized for ny040326150700b at 15:27:00
2026-03-04 15:12:32 [INFO] ✅ StraddlePriceMonitor initialized: ny040326150700b
2026-03-04 15:12:32 [INFO] ✅ All monitors initialized for ny040326150700b
2026-03-04 15:12:32 [INFO] ✅ TradeManager created: ny040326150700b
2026-03-04 15:12:32 [INFO] 📊 Starting all monitors for new trade: ny040326150700b
2026-03-04 15:12:32 [INFO] 🛡️ SLMonitor enabled: ny040326150700b
2026-03-04 15:12:32 [INFO] ✅ HedgeMonitor enabled for ny040326150700b. Checks will be orchestrated.
2026-03-04 15:12:32 [INFO] 🔄 RollMonitor enabled: ny040326150700b
2026-03-04 15:12:32 [INFO] ⏹️ SquareOffMonitor enabled: ny040326150700b
2026-03-04 15:12:32 [INFO] 🎯 StraddlePriceMonitor enabled: ny040326150700b | Initial HWM: 680.98
2026-03-04 15:12:32 [INFO] 🚀 Connecting to Market Data Service stream at ws://127.0.0.1:8001/ws/data...
2026-03-04 15:12:32 [INFO] Handshake headers being sent: {'Origin': 'http://127.0.0.1'}
2026-03-04 15:12:32 [INFO] ⚠️ Using derived lot_size 65 for ny040326150700b snapshot (DB value missing/invalid).
2026-03-04 15:12:32 [INFO] 🔍 Found 0 orders in DB for trade ny040326150700b via get_orders_by_trade_id.
2026-03-04 15:12:32 [INFO] Found 0 filled orders for ny040326150700b in DB via get_orders_by_trade_id.
2026-03-04 15:12:32 [WARNING] No trade orders found for ny040326150700b to build snapshot.
2026-03-04 15:12:32 [WARNING] Position reconstruction for ny040326150700b yielded no positions. Falling back to main two legs for greeks.
2026-03-04 15:12:32 [INFO] ✅ Connected to Market Data Service real-time stream.
2026-03-04 15:12:32 [INFO] ⚠️ Using derived lot_size 65 for ny040326150700b snapshot (DB value missing/invalid).
2026-03-04 15:12:32 [INFO] 🔍 Found 0 orders in DB for trade ny040326150700b via get_orders_by_trade_id.
2026-03-04 15:12:32 [INFO] Found 0 filled orders for ny040326150700b in DB via get_orders_by_trade_id.
2026-03-04 15:12:32 [WARNING] No trade orders found for ny040326150700b to build snapshot.
2026-03-04 15:12:32 [WARNING] Position reconstruction for ny040326150700b yielded no positions. Falling back to main two legs for greeks.
2026-03-04 15:12:33 [INFO] ⚠️ Using derived lot_size 65 for ny040326150700b snapshot (DB value missing/invalid).
2026-03-04 15:12:33 [INFO] 🔍 Found 0 orders in DB for trade ny040326150700b via get_orders_by_trade_id.
2026-03-04 15:12:33 [INFO] Found 0 filled orders for ny040326150700b in DB via get_orders_by_trade_id.
2026-03-04 15:12:33 [WARNING] No trade orders found for ny040326150700b to build snapshot.
2026-03-04 15:12:33 [WARNING] Position reconstruction for ny040326150700b yielded no positions. Falling back to main two legs for greeks.
2026-03-04 15:12:33 [INFO] ⚠️ Using derived lot_size 65 for ny040326150700b snapshot (DB value missing/invalid).
2026-03-04 15:12:33 [INFO] 🔍 Found 0 orders in DB for trade ny040326150700b via get_orders_by_trade_id.
2026-03-04 15:12:33 [INFO] Found 0 filled orders for ny040326150700b in DB via get_orders_by_trade_id.
2026-03-04 15:12:33 [WARNING] No trade orders found for ny040326150700b to build snapshot.
2026-03-04 15:12:33 [WARNING] Position reconstruction for ny040326150700b yielded no positions. Falling back to main two legs for greeks.
2026-03-04 15:12:34 [INFO] Received and updated option chain for NIFTY via WebSocket.
2026-03-04 15:12:34 [INFO] ⚠️ Using derived lot_size 65 for ny040326150700b snapshot (DB value missing/invalid).
2026-03-04 15:12:34 [INFO] 🔍 Found 0 orders in DB for trade ny040326150700b via get_orders_by_trade_id.
2026-03-04 15:12:34 [INFO] Found 0 filled orders for ny040326150700b in DB via get_orders_by_trade_id.
2026-03-04 15:12:34 [WARNING] No trade orders found for ny040326150700b to build snapshot.
2026-03-04 15:12:34 [WARNING] Position reconstruction for ny040326150700b yielded no positions. Falling back to main two legs for greeks.
2026-03-04 15:12:34 [INFO] ⚠️ Using derived lot_size 65 for ny040326150700b snapshot (DB value missing/invalid).
2026-03-04 15:12:34 [INFO] 🔍 Found 0 orders in DB for trade ny040326150700b via get_orders_by_trade_id.
2026-03-04 15:12:34 [INFO] Found 0 filled orders for ny040326150700b in DB via get_orders_by_trade_id.
2026-03-04 15:12:34 [WARNING] No trade orders found for ny040326150700b to build snapshot.
2026-03-04 15:12:34 [WARNING] Position reconstruction for ny040326150700b yielded no positions. Falling back to main two legs for greeks.
2026-03-04 15:12:35 [INFO] ⚠️ Using derived lot_size 65 for ny040326150700b snapshot (DB value missing/invalid).
2026-03-04 15:12:35 [INFO] 🔍 Found 0 orders in DB for trade ny040326150700b via get_orders_by_trade_id.
2026-03-04 15:12:35 [INFO] Found 0 filled orders for ny040326150700b in DB via get_orders_by_trade_id.
2026-03-04 15:12:35 [WARNING] No trade orders found for ny040326150700b to build snapshot.
2026-03-04 15:12:35 [WARNING] Position reconstruction for ny040326150700b yielded no positions. Falling back to main two legs for greeks.
2026-03-04 15:12:36 [INFO] ⚠️ Using derived lot_size 65 for ny040326150700b snapshot (DB value missing/invalid).
2026-03-04 15:12:36 [INFO] 🔍 Found 0 orders in DB for trade ny040326150700b via get_orders_by_trade_id.
2026-03-04 15:12:36 [INFO] Found 0 filled orders for ny040326150700b in DB via get_orders_by_trade_id.
2026-03-04 15:12:36 [WARNING] No trade orders found for ny040326150700b to build snapshot.
2026-03-04 15:12:36 [WARNING] Position reconstruction for ny040326150700b yielded no positions. Falling back to main two legs for greeks.
2026-03-04 15:12:36 [INFO] ⚠️ Using derived lot_size 65 for ny040326150700b snapshot (DB value missing/invalid).
2026-03-04 15:12:36 [INFO] 🔍 Found 0 orders in DB for trade ny040326150700b via get_orders_by_trade_id.
2026-03-04 15:12:36 [INFO] Found 0 filled orders for ny040326150700b in DB via get_orders_by_trade_id.
2026-03-04 15:12:36 [WARNING] No trade orders found for ny040326150700b to build snapshot.
2026-03-04 15:12:36 [WARNING] Position reconstruction for ny040326150700b yielded no positions. Falling back to main two legs for greeks.
2026-03-04 15:12:36 [INFO] Received and updated option chain for SENSEX via WebSocket.
2026-03-04 15:12:37 [INFO] ⚠️ Using derived lot_size 65 for ny040326150700b snapshot (DB value missing/invalid).
2026-03-04 15:12:37 [INFO] 🔍 Found 0 orders in DB for trade ny040326150700b via get_orders_by_trade_id.
2026-03-04 15:12:37 [INFO] Found 0 filled orders for ny040326150700b in DB via get_orders_by_trade_id.
2026-03-04 15:12:37 [WARNING] No trade orders found for ny040326150700b to build snapshot.
2026-03-04 15:12:37 [WARNING] Position reconstruction for ny040326150700b yielded no positions. Falling back to main two legs for greeks.
2026-03-04 15:12:37 [INFO] ⚠️ Using derived lot_size 65 for ny040326150700b snapshot (DB value missing/invalid).
2026-03-04 15:12:37 [INFO] 🔍 Found 0 orders in DB for trade ny040326150700b via get_orders_by_trade_id.
2026-03-04 15:12:37 [INFO] Found 0 filled orders for ny040326150700b in DB via get_orders_by_trade_id.
2026-03-04 15:12:37 [WARNING] No trade orders found for ny040326150700b to build snapshot.
2026-03-04 15:12:37 [WARNING] Position reconstruction for ny040326150700b yielded no positions. Falling back to main two legs for greeks.
2026-03-04 15:12:38 [INFO] ⚠️ Using derived lot_size 65 for ny040326150700b snapshot (DB value missing/invalid).
2026-03-04 15:12:38 [INFO] 🔍 Found 0 orders in DB for trade ny040326150700b via get_orders_by_trade_id.
2026-03-04 15:12:38 [INFO] Found 0 filled orders for ny040326150700b in DB via get_orders_by_trade_id.
2026-03-04 15:12:38 [WARNING] No trade orders found for ny040326150700b to build snapshot.
2026-03-04 15:12:38 [WARNING] Position reconstruction for ny040326150700b yielded no positions. Falling back to main two legs for greeks.
2026-03-04 15:12:38 [INFO] ⚠️ Using derived lot_size 65 for ny040326150700b snapshot (DB value missing/invalid).
2026-03-04 15:12:38 [INFO] 🔍 Found 0 orders in DB for trade ny040326150700b via get_orders_by_trade_id.
2026-03-04 15:12:38 [INFO] Found 0 filled orders for ny040326150700b in DB via get_orders_by_trade_id.
2026-03-04 15:12:38 [WARNING] No trade orders found for ny040326150700b to build snapshot.
2026-03-04 15:12:38 [WARNING] Position reconstruction for ny040326150700b yielded no positions. Falling back to main two legs for greeks.
2026-03-04 15:12:39 [INFO] ⚠️ Using derived lot_size 65 for ny040326150700b snapshot (DB value missing/invalid).
2026-03-04 15:12:39 [INFO] 🔍 Found 0 orders in DB for trade ny040326150700b via get_orders_by_trade_id.
2026-03-04 15:12:39 [INFO] Found 0 filled orders for ny040326150700b in DB via get_orders_by_trade_id.
2026-03-04 15:12:39 [WARNING] No trade orders found for ny040326150700b to build snapshot.
2026-03-04 15:12:39 [WARNING] Position reconstruction for ny040326150700b yielded no positions. Falling back to main two legs for greeks.
2026-03-04 15:12:39 [INFO] ⚠️ Using derived lot_size 65 for ny040326150700b snapshot (DB value missing/invalid).
2026-03-04 15:12:39 [INFO] 🔍 Found 0 orders in DB for trade ny040326150700b via get_orders_by_trade_id.
2026-03-04 15:12:39 [INFO] Found 0 filled orders for ny040326150700b in DB via get_orders_by_trade_id.
2026-03-04 15:12:39 [WARNING] No trade orders found for ny040326150700b to build snapshot.
2026-03-04 15:12:39 [WARNING] Position reconstruction for ny040326150700b yielded no positions. Falling back to main two legs for greeks.
2026-03-04 15:12:40 [INFO] ⚠️ Using derived lot_size 65 for ny040326150700b snapshot (DB value missing/invalid).
2026-03-04 15:12:40 [INFO] 🔍 Found 0 orders in DB for trade ny040326150700b via get_orders_by_trade_id.
2026-03-04 15:12:40 [INFO] Found 0 filled orders for ny040326150700b in DB via get_orders_by_trade_id.
2026-03-04 15:12:40 [WARNING] No trade orders found for ny040326150700b to build snapshot.
2026-03-04 15:12:40 [WARNING] Position reconstruction for ny040326150700b yielded no positions. Falling back to main two legs for greeks.
2026-03-04 15:12:40 [INFO] ⚠️ Using derived lot_size 65 for ny040326150700b snapshot (DB value missing/invalid).
2026-03-04 15:12:40 [INFO] 🔍 Found 0 orders in DB for trade ny040326150700b via get_orders_by_trade_id.
2026-03-04 15:12:40 [INFO] Found 0 filled orders for ny040326150700b in DB via get_orders_by_trade_id.
2026-03-04 15:12:40 [WARNING] No trade orders found for ny040326150700b to build snapshot.
2026-03-04 15:12:40 [WARNING] Position reconstruction for ny040326150700b yielded no positions. Falling back to main two legs for greeks.
2026-03-04 15:12:41 [INFO] ⚠️ Using derived lot_size 65 for ny040326150700b snapshot (DB value missing/invalid).
2026-03-04 15:12:41 [INFO] 🔍 Found 0 orders in DB for trade ny040326150700b via get_orders_by_trade_id.
2026-03-04 15:12:41 [INFO] Found 0 filled orders for ny040326150700b in DB via get_orders_by_trade_id.
2026-03-04 15:12:41 [WARNING] No trade orders found for ny040326150700b to build snapshot.
2026-03-04 15:12:41 [WARNING] Position reconstruction for ny040326150700b yielded no positions. Falling back to main two legs for greeks.
2026-03-04 15:12:42 [INFO] ⚠️ Using derived lot_size 65 for ny040326150700b snapshot (DB value missing/invalid).
2026-03-04 15:12:42 [INFO] 🔍 Found 0 orders in DB for trade ny040326150700b via get_orders_by_trade_id.
2026-03-04 15:12:42 [INFO] Found 0 filled orders for ny040326150700b in DB via get_orders_by_trade_id.
2026-03-04 15:12:42 [WARNING] No trade orders found for ny040326150700b to build snapshot.
2026-03-04 15:12:42 [WARNING] Position reconstruction for ny040326150700b yielded no positions. Falling back to main two legs for greeks.
2026-03-04 15:12:42 [INFO] ⚠️ Using derived lot_size 65 for ny040326150700b snapshot (DB value missing/invalid).
2026-03-04 15:12:42 [INFO] 🔍 Found 0 orders in DB for trade ny040326150700b via get_orders_by_trade_id.
2026-03-04 15:12:42 [INFO] Found 0 filled orders for ny040326150700b in DB via get_orders_by_trade_id.
2026-03-04 15:12:42 [WARNING] No trade orders found for ny040326150700b to build snapshot.
2026-03-04 15:12:42 [WARNING] Position reconstruction for ny040326150700b yielded no positions. Falling back to main two legs for greeks.
2026-03-04 15:12:43 [INFO] ⚠️ Using derived lot_size 65 for ny040326150700b snapshot (DB value missing/invalid).
2026-03-04 15:12:43 [INFO] 🔍 Found 0 orders in DB for trade ny040326150700b via get_orders_by_trade_id.
2026-03-04 15:12:43 [INFO] Found 0 filled orders for ny040326150700b in DB via get_orders_by_trade_id.
2026-03-04 15:12:43 [WARNING] No trade orders found for ny040326150700b to build snapshot.
2026-03-04 15:12:43 [WARNING] Position reconstruction for ny040326150700b yielded no positions. Falling back to main two legs for greeks.
2026-03-04 15:12:43 [INFO] ⚠️ Using derived lot_size 65 for ny040326150700b snapshot (DB value missing/invalid).
2026-03-04 15:12:43 [INFO] 🔍 Found 0 orders in DB for trade ny040326150700b via get_orders_by_trade_id.
2026-03-04 15:12:43 [INFO] Found 0 filled orders for ny040326150700b in DB via get_orders_by_trade_id.
2026-03-04 15:12:43 [WARNING] No trade orders found for ny040326150700b to build snapshot.
2026-03-04 15:12:43 [WARNING] Position reconstruction for ny040326150700b yielded no positions. Falling back to main two legs for greeks.
2026-03-04 15:12:44 [INFO] ⚠️ Using derived lot_size 65 for ny040326150700b snapshot (DB value missing/invalid).
2026-03-04 15:12:44 [INFO] 🔍 Found 0 orders in DB for trade ny040326150700b via get_orders_by_trade_id.
2026-03-04 15:12:44 [INFO] Found 0 filled orders for ny040326150700b in DB via get_orders_by_trade_id.
2026-03-04 15:12:44 [WARNING] No trade orders found for ny040326150700b to build snapshot.
2026-03-04 15:12:44 [WARNING] Position reconstruction for ny040326150700b yielded no positions. Falling back to main two legs for greeks.
2026-03-04 15:12:44 [INFO] ⚠️ Using derived lot_size 65 for ny040326150700b snapshot (DB value missing/invalid).
2026-03-04 15:12:44 [INFO] 🔍 Found 0 orders in DB for trade ny040326150700b via get_orders_by_trade_id.
2026-03-04 15:12:44 [INFO] Found 0 filled orders for ny040326150700b in DB via get_orders_by_trade_id.
2026-03-04 15:12:44 [WARNING] No trade orders found for ny040326150700b to build snapshot.
2026-03-04 15:12:44 [WARNING] Position reconstruction for ny040326150700b yielded no positions. Falling back to main two legs for greeks.
2026-03-04 15:12:45 [INFO] ⚠️ Using derived lot_size 65 for ny040326150700b snapshot (DB value missing/invalid).
2026-03-04 15:12:45 [INFO] 🔍 Found 0 orders in DB for trade ny040326150700b via get_orders_by_trade_id.
2026-03-04 15:12:45 [INFO] Found 0 filled orders for ny040326150700b in DB via get_orders_by_trade_id.
2026-03-04 15:12:45 [WARNING] No trade orders found for ny040326150700b to build snapshot.
2026-03-04 15:12:45 [WARNING] Position reconstruction for ny040326150700b yielded no positions. Falling back to main two legs for greeks.
2026-03-04 15:12:46 [INFO] ⚠️ Using derived lot_size 65 for ny040326150700b snapshot (DB value missing/invalid).
2026-03-04 15:12:46 [INFO] 🔍 Found 0 orders in DB for trade ny040326150700b via get_orders_by_trade_id.
2026-03-04 15:12:46 [INFO] Found 0 filled orders for ny040326150700b in DB via get_orders_by_trade_id.
2026-03-04 15:12:46 [WARNING] No trade orders found for ny040326150700b to build snapshot.
2026-03-04 15:12:46 [WARNING] Position reconstruction for ny040326150700b yielded no positions. Falling back to main two legs for greeks.
2026-03-04 15:12:46 [INFO] ⚠️ Using derived lot_size 65 for ny040326150700b snapshot (DB value missing/invalid).
2026-03-04 15:12:46 [INFO] 🔍 Found 0 orders in DB for trade ny040326150700b via get_orders_by_trade_id.
2026-03-04 15:12:46 [INFO] Found 0 filled orders for ny040326150700b in DB via get_orders_by_trade_id.
2026-03-04 15:12:46 [WARNING] No trade orders found for ny040326150700b to build snapshot.
2026-03-04 15:12:46 [WARNING] Position reconstruction for ny040326150700b yielded no positions. Falling back to main two legs for greeks.
2026-03-04 15:12:47 [INFO] ⚠️ Using derived lot_size 65 for ny040326150700b snapshot (DB value missing/invalid).
2026-03-04 15:12:47 [INFO] 🔍 Found 0 orders in DB for trade ny040326150700b via get_orders_by_trade_id.
2026-03-04 15:12:47 [INFO] Found 0 filled orders for ny040326150700b in DB via get_orders_by_trade_id.
2026-03-04 15:12:47 [WARNING] No trade orders found for ny040326150700b to build snapshot.
2026-03-04 15:12:47 [WARNING] Position reconstruction for ny040326150700b yielded no positions. Falling back to main two legs for greeks.
2026-03-04 15:12:47 [INFO] ⚠️ Using derived lot_size 65 for ny040326150700b snapshot (DB value missing/invalid).
2026-03-04 15:12:47 [INFO] 🔍 Found 0 orders in DB for trade ny040326150700b via get_orders_by_trade_id.
2026-03-04 15:12:47 [INFO] Found 0 filled orders for ny040326150700b in DB via get_orders_by_trade_id.
2026-03-04 15:12:47 [WARNING] No trade orders found for ny040326150700b to build snapshot.
2026-03-04 15:12:47 [WARNING] Position reconstruction for ny040326150700b yielded no positions. Falling back to main two legs for greeks.
2026-03-04 15:12:48 [INFO] ⚠️ Using derived lot_size 65 for ny040326150700b snapshot (DB value missing/invalid).
2026-03-04 15:12:48 [INFO] 🔍 Found 0 orders in DB for trade ny040326150700b via get_orders_by_trade_id.
2026-03-04 15:12:48 [INFO] Found 0 filled orders for ny040326150700b in DB via get_orders_by_trade_id.
2026-03-04 15:12:48 [WARNING] No trade orders found for ny040326150700b to build snapshot.
2026-03-04 15:12:48 [WARNING] Position reconstruction for ny040326150700b yielded no positions. Falling back to main two legs for greeks.
2026-03-04 15:12:48 [INFO] ⚠️ Using derived lot_size 65 for ny040326150700b snapshot (DB value missing/invalid).
2026-03-04 15:12:48 [INFO] 🔍 Found 0 orders in DB for trade ny040326150700b via get_orders_by_trade_id.
2026-03-04 15:12:48 [INFO] Found 0 filled orders for ny040326150700b in DB via get_orders_by_trade_id.
2026-03-04 15:12:48 [WARNING] No trade orders found for ny040326150700b to build snapshot.
2026-03-04 15:12:48 [WARNING] Position reconstruction for ny040326150700b yielded no positions. Falling back to main two legs for greeks.
2026-03-04 15:12:49 [INFO] Received and updated option chain for NIFTY via WebSocket.
2026-03-04 15:12:49 [INFO] ⚠️ Using derived lot_size 65 for ny040326150700b snapshot (DB value missing/invalid).
2026-03-04 15:12:49 [INFO] 🔍 Found 0 orders in DB for trade ny040326150700b via get_orders_by_trade_id.
2026-03-04 15:12:49 [INFO] Found 0 filled orders for ny040326150700b in DB via get_orders_by_trade_id.
2026-03-04 15:12:49 [WARNING] No trade orders found for ny040326150700b to build snapshot.
2026-03-04 15:12:49 [WARNING] Position reconstruction for ny040326150700b yielded no positions. Falling back to main two legs for greeks.
2026-03-04 15:12:49 [INFO] ⚠️ Using derived lot_size 65 for ny040326150700b snapshot (DB value missing/invalid).
2026-03-04 15:12:49 [INFO] 🔍 Found 0 orders in DB for trade ny040326150700b via get_orders_by_trade_id.
2026-03-04 15:12:49 [INFO] Found 0 filled orders for ny040326150700b in DB via get_orders_by_trade_id.
2026-03-04 15:12:49 [WARNING] No trade orders found for ny040326150700b to build snapshot.
2026-03-04 15:12:49 [WARNING] Position reconstruction for ny040326150700b yielded no positions. Falling back to main two legs for greeks.
2026-03-04 15:12:50 [INFO] ⚠️ Using derived lot_size 65 for ny040326150700b snapshot (DB value missing/invalid).
2026-03-04 15:12:50 [INFO] 🔍 Found 0 orders in DB for trade ny040326150700b via get_orders_by_trade_id.
2026-03-04 15:12:50 [INFO] Found 0 filled orders for ny040326150700b in DB via get_orders_by_trade_id.
2026-03-04 15:12:50 [WARNING] No trade orders found for ny040326150700b to build snapshot.
2026-03-04 15:12:50 [WARNING] Position reconstruction for ny040326150700b yielded no positions. Falling back to main two legs for greeks.
2026-03-04 15:12:50 [INFO] ⚠️ Using derived lot_size 65 for ny040326150700b snapshot (DB value missing/invalid).
2026-03-04 15:12:50 [INFO] 🔍 Found 0 orders in DB for trade ny040326150700b via get_orders_by_trade_id.
2026-03-04 15:12:50 [INFO] Found 0 filled orders for ny040326150700b in DB via get_orders_by_trade_id.
2026-03-04 15:12:50 [WARNING] No trade orders found for ny040326150700b to build snapshot.
2026-03-04 15:12:50 [WARNING] Position reconstruction for ny040326150700b yielded no positions. Falling back to main two legs for greeks.
2026-03-04 15:12:51 [INFO] Received and updated option chain for SENSEX via WebSocket.
2026-03-04 15:12:51 [INFO] ⚠️ Using derived lot_size 65 for ny040326150700b snapshot (DB value missing/invalid).
2026-03-04 15:12:51 [INFO] 🔍 Found 0 orders in DB for trade ny040326150700b via get_orders_by_trade_id.
2026-03-04 15:12:51 [INFO] Found 0 filled orders for ny040326150700b in DB via get_orders_by_trade_id.
2026-03-04 15:12:51 [WARNING] No trade orders found for ny040326150700b to build snapshot.
2026-03-04 15:12:51 [WARNING] Position reconstruction for ny040326150700b yielded no positions. Falling back to main two legs for greeks.
2026-03-04 15:12:52 [INFO] ⚠️ Using derived lot_size 65 for ny040326150700b snapshot (DB value missing/invalid).
2026-03-04 15:12:52 [INFO] 🔍 Found 0 orders in DB for trade ny040326150700b via get_orders_by_trade_id.
2026-03-04 15:12:52 [INFO] Found 0 filled orders for ny040326150700b in DB via get_orders_by_trade_id.
2026-03-04 15:12:52 [WARNING] No trade orders found for ny040326150700b to build snapshot.
2026-03-04 15:12:52 [WARNING] Position reconstruction for ny040326150700b yielded no positions. Falling back to main two legs for greeks.
2026-03-04 15:12:52 [INFO] ⚠️ Using derived lot_size 65 for ny040326150700b snapshot (DB value missing/invalid).
2026-03-04 15:12:52 [INFO] 🔍 Found 0 orders in DB for trade ny040326150700b via get_orders_by_trade_id.
2026-03-04 15:12:52 [INFO] Found 0 filled orders for ny040326150700b in DB via get_orders_by_trade_id.
2026-03-04 15:12:52 [WARNING] No trade orders found for ny040326150700b to build snapshot.
2026-03-04 15:12:52 [WARNING] Position reconstruction for ny040326150700b yielded no positions. Falling back to main two legs for greeks.
2026-03-04 15:12:53 [INFO] ⚠️ Using derived lot_size 65 for ny040326150700b snapshot (DB value missing/invalid).
2026-03-04 15:12:53 [INFO] 🔍 Found 0 orders in DB for trade ny040326150700b via get_orders_by_trade_id.
2026-03-04 15:12:53 [INFO] Found 0 filled orders for ny040326150700b in DB via get_orders_by_trade_id.
2026-03-04 15:12:53 [WARNING] No trade orders found for ny040326150700b to build snapshot.
2026-03-04 15:12:53 [WARNING] Position reconstruction for ny040326150700b yielded no positions. Falling back to main two legs for greeks.
2026-03-04 15:12:53 [INFO] ⚠️ Using derived lot_size 65 for ny040326150700b snapshot (DB value missing/invalid).
2026-03-04 15:12:53 [INFO] 🔍 Found 0 orders in DB for trade ny040326150700b via get_orders_by_trade_id.
2026-03-04 15:12:53 [INFO] Found 0 filled orders for ny040326150700b in DB via get_orders_by_trade_id.
2026-03-04 15:12:53 [WARNING] No trade orders found for ny040326150700b to build snapshot.
2026-03-04 15:12:53 [WARNING] Position reconstruction for ny040326150700b yielded no positions. Falling back to main two legs for greeks.
2026-03-04 15:12:54 [INFO] ⚠️ Using derived lot_size 65 for ny040326150700b snapshot (DB value missing/invalid).
2026-03-04 15:12:54 [INFO] 🔍 Found 0 orders in DB for trade ny040326150700b via get_orders_by_trade_id.
2026-03-04 15:12:54 [INFO] Found 0 filled orders for ny040326150700b in DB via get_orders_by_trade_id.
2026-03-04 15:12:54 [WARNING] No trade orders found for ny040326150700b to build snapshot.
2026-03-04 15:12:54 [WARNING] Position reconstruction for ny040326150700b yielded no positions. Falling back to main two legs for greeks.
2026-03-04 15:12:54 [INFO] ⚠️ Using derived lot_size 65 for ny040326150700b snapshot (DB value missing/invalid).
2026-03-04 15:12:54 [INFO] 🔍 Found 0 orders in DB for trade ny040326150700b via get_orders_by_trade_id.
2026-03-04 15:12:54 [INFO] Found 0 filled orders for ny040326150700b in DB via get_orders_by_trade_id.
2026-03-04 15:12:54 [WARNING] No trade orders found for ny040326150700b to build snapshot.
2026-03-04 15:12:54 [WARNING] Position reconstruction for ny040326150700b yielded no positions. Falling back to main two legs for greeks.
2026-03-04 15:12:55 [INFO] ⚠️ Using derived lot_size 65 for ny040326150700b snapshot (DB value missing/invalid).
2026-03-04 15:12:55 [INFO] 🔍 Found 0 orders in DB for trade ny040326150700b via get_orders_by_trade_id.
2026-03-04 15:12:55 [INFO] Found 0 filled orders for ny040326150700b in DB via get_orders_by_trade_id.
2026-03-04 15:12:55 [WARNING] No trade orders found for ny040326150700b to build snapshot.
2026-03-04 15:12:55 [WARNING] Position reconstruction for ny040326150700b yielded no positions. Falling back to main two legs for greeks.
2026-03-04 15:12:55 [INFO] ⚠️ Using derived lot_size 65 for ny040326150700b snapshot (DB value missing/invalid).
2026-03-04 15:12:55 [INFO] 🔍 Found 0 orders in DB for trade ny040326150700b via get_orders_by_trade_id.
2026-03-04 15:12:55 [INFO] Found 0 filled orders for ny040326150700b in DB via get_orders_by_trade_id.
2026-03-04 15:12:55 [WARNING] No trade orders found for ny040326150700b to build snapshot.
2026-03-04 15:12:55 [WARNING] Position reconstruction for ny040326150700b yielded no positions. Falling back to main two legs for greeks.
2026-03-04 15:12:56 [INFO] ⚠️ Using derived lot_size 65 for ny040326150700b snapshot (DB value missing/invalid).
2026-03-04 15:12:56 [INFO] 🔍 Found 0 orders in DB for trade ny040326150700b via get_orders_by_trade_id.
2026-03-04 15:12:56 [INFO] Found 0 filled orders for ny040326150700b in DB via get_orders_by_trade_id.
2026-03-04 15:12:56 [WARNING] No trade orders found for ny040326150700b to build snapshot.
2026-03-04 15:12:56 [WARNING] Position reconstruction for ny040326150700b yielded no positions. Falling back to main two legs for greeks.
2026-03-04 15:12:56 [INFO] ⚠️ Using derived lot_size 65 for ny040326150700b snapshot (DB value missing/invalid).
2026-03-04 15:12:56 [INFO] 🔍 Found 0 orders in DB for trade ny040326150700b via get_orders_by_trade_id.
2026-03-04 15:12:56 [INFO] Found 0 filled orders for ny040326150700b in DB via get_orders_by_trade_id.
2026-03-04 15:12:56 [WARNING] No trade orders found for ny040326150700b to build snapshot.
2026-03-04 15:12:56 [WARNING] Position reconstruction for ny040326150700b yielded no positions. Falling back to main two legs for greeks.
2026-03-04 15:12:57 [INFO] ⚠️ Using derived lot_size 65 for ny040326150700b snapshot (DB value missing/invalid).
2026-03-04 15:12:57 [INFO] 🔍 Found 0 orders in DB for trade ny040326150700b via get_orders_by_trade_id.
2026-03-04 15:12:57 [INFO] Found 0 filled orders for ny040326150700b in DB via get_orders_by_trade_id.
2026-03-04 15:12:57 [WARNING] No trade orders found for ny040326150700b to build snapshot.
2026-03-04 15:12:57 [WARNING] Position reconstruction for ny040326150700b yielded no positions. Falling back to main two legs for greeks.
2026-03-04 15:12:58 [INFO] ⚠️ Using derived lot_size 65 for ny040326150700b snapshot (DB value missing/invalid).
2026-03-04 15:12:58 [INFO] 🔍 Found 0 orders in DB for trade ny040326150700b via get_orders_by_trade_id.
2026-03-04 15:12:58 [INFO] Found 0 filled orders for ny040326150700b in DB via get_orders_by_trade_id.
2026-03-04 15:12:58 [WARNING] No trade orders found for ny040326150700b to build snapshot.
2026-03-04 15:12:58 [WARNING] Position reconstruction for ny040326150700b yielded no positions. Falling back to main two legs for greeks.
2026-03-04 15:12:58 [INFO] ⚠️ Using derived lot_size 65 for ny040326150700b snapshot (DB value missing/invalid).
2026-03-04 15:12:58 [INFO] 🔍 Found 0 orders in DB for trade ny040326150700b via get_orders_by_trade_id.
2026-03-04 15:12:58 [INFO] Found 0 filled orders for ny040326150700b in DB via get_orders_by_trade_id.
2026-03-04 15:12:58 [WARNING] No trade orders found for ny040326150700b to build snapshot.
2026-03-04 15:12:58 [WARNING] Position reconstruction for ny040326150700b yielded no positions. Falling back to main two legs for greeks.
2026-03-04 15:12:59 [INFO] ⚠️ Using derived lot_size 65 for ny040326150700b snapshot (DB value missing/invalid).
2026-03-04 15:12:59 [INFO] 🔍 Found 0 orders in DB for trade ny040326150700b via get_orders_by_trade_id.
2026-03-04 15:12:59 [INFO] Found 0 filled orders for ny040326150700b in DB via get_orders_by_trade_id.
2026-03-04 15:12:59 [WARNING] No trade orders found for ny040326150700b to build snapshot.
2026-03-04 15:12:59 [WARNING] Position reconstruction for ny040326150700b yielded no positions. Falling back to main two legs for greeks.
2026-03-04 15:12:59 [INFO] ⚠️ Using derived lot_size 65 for ny040326150700b snapshot (DB value missing/invalid).
2026-03-04 15:12:59 [INFO] 🔍 Found 0 orders in DB for trade ny040326150700b via get_orders_by_trade_id.
2026-03-04 15:12:59 [INFO] Found 0 filled orders for ny040326150700b in DB via get_orders_by_trade_id.
2026-03-04 15:12:59 [WARNING] No trade orders found for ny040326150700b to build snapshot.
2026-03-04 15:12:59 [WARNING] Position reconstruction for ny040326150700b yielded no positions. Falling back to main two legs for greeks.
2026-03-04 15:13:00 [INFO] ⚠️ Using derived lot_size 65 for ny040326150700b snapshot (DB value missing/invalid).
2026-03-04 15:13:00 [INFO] 🔍 Found 0 orders in DB for trade ny040326150700b via get_orders_by_trade_id.
2026-03-04 15:13:00 [INFO] Found 0 filled orders for ny040326150700b in DB via get_orders_by_trade_id.
2026-03-04 15:13:00 [WARNING] No trade orders found for ny040326150700b to build snapshot.
2026-03-04 15:13:00 [WARNING] Position reconstruction for ny040326150700b yielded no positions. Falling back to main two legs for greeks.
2026-03-04 15:13:00 [INFO] ⚠️ Using derived lot_size 65 for ny040326150700b snapshot (DB value missing/invalid).
2026-03-04 15:13:00 [INFO] 🔍 Found 0 orders in DB for trade ny040326150700b via get_orders_by_trade_id.
2026-03-04 15:13:00 [INFO] Found 0 filled orders for ny040326150700b in DB via get_orders_by_trade_id.
2026-03-04 15:13:00 [WARNING] No trade orders found for ny040326150700b to build snapshot.
2026-03-04 15:13:00 [WARNING] Position reconstruction for ny040326150700b yielded no positions. Falling back to main two legs for greeks.
2026-03-04 15:13:01 [INFO] ⚠️ Using derived lot_size 65 for ny040326150700b snapshot (DB value missing/invalid).
2026-03-04 15:13:01 [INFO] 🔍 Found 0 orders in DB for trade ny040326150700b via get_orders_by_trade_id.
2026-03-04 15:13:01 [INFO] Found 0 filled orders for ny040326150700b in DB via get_orders_by_trade_id.
2026-03-04 15:13:01 [WARNING] No trade orders found for ny040326150700b to build snapshot.
2026-03-04 15:13:01 [WARNING] Position reconstruction for ny040326150700b yielded no positions. Falling back to main two legs for greeks.
2026-03-04 15:13:01 [INFO] ⚠️ Using derived lot_size 65 for ny040326150700b snapshot (DB value missing/invalid).
2026-03-04 15:13:01 [INFO] 🔍 Found 0 orders in DB for trade ny040326150700b via get_orders_by_trade_id.
2026-03-04 15:13:01 [INFO] Found 0 filled orders for ny040326150700b in DB via get_orders_by_trade_id.
2026-03-04 15:13:01 [WARNING] No trade orders found for ny040326150700b to build snapshot.
2026-03-04 15:13:01 [WARNING] Position reconstruction for ny040326150700b yielded no positions. Falling back to main two legs for greeks.
2026-03-04 15:13:02 [INFO] ⚠️ Using derived lot_size 65 for ny040326150700b snapshot (DB value missing/invalid).
2026-03-04 15:13:02 [INFO] 🔍 Found 0 orders in DB for trade ny040326150700b via get_orders_by_trade_id.
2026-03-04 15:13:02 [INFO] Found 0 filled orders for ny040326150700b in DB via get_orders_by_trade_id.
2026-03-04 15:13:02 [WARNING] No trade orders found for ny040326150700b to build snapshot.
2026-03-04 15:13:02 [WARNING] Position reconstruction for ny040326150700b yielded no positions. Falling back to main two legs for greeks.
2026-03-04 15:13:02 [INFO] ⚠️ Using derived lot_size 65 for ny040326150700b snapshot (DB value missing/invalid).
2026-03-04 15:13:02 [INFO] 🔍 Found 0 orders in DB for trade ny040326150700b via get_orders_by_trade_id.
2026-03-04 15:13:02 [INFO] Found 0 filled orders for ny040326150700b in DB via get_orders_by_trade_id.
2026-03-04 15:13:02 [WARNING] No trade orders found for ny040326150700b to build snapshot.
2026-03-04 15:13:02 [WARNING] Position reconstruction for ny040326150700b yielded no positions. Falling back to main two legs for greeks.
2026-03-04 15:13:03 [INFO] ⚠️ Using derived lot_size 65 for ny040326150700b snapshot (DB value missing/invalid).
2026-03-04 15:13:03 [INFO] 🔍 Found 0 orders in DB for trade ny040326150700b via get_orders_by_trade_id.
2026-03-04 15:13:03 [INFO] Found 0 filled orders for ny040326150700b in DB via get_orders_by_trade_id.
2026-03-04 15:13:03 [WARNING] No trade orders found for ny040326150700b to build snapshot.
2026-03-04 15:13:03 [WARNING] Position reconstruction for ny040326150700b yielded no positions. Falling back to main two legs for greeks.
2026-03-04 15:13:03 [INFO] ⚠️ Using derived lot_size 65 for ny040326150700b snapshot (DB value missing/invalid).
2026-03-04 15:13:03 [INFO] 🔍 Found 0 orders in DB for trade ny040326150700b via get_orders_by_trade_id.
2026-03-04 15:13:03 [INFO] Found 0 filled orders for ny040326150700b in DB via get_orders_by_trade_id.
2026-03-04 15:13:03 [WARNING] No trade orders found for ny040326150700b to build snapshot.
2026-03-04 15:13:03 [WARNING] Position reconstruction for ny040326150700b yielded no positions. Falling back to main two legs for greeks.
2026-03-04 15:13:04 [INFO] Received and updated option chain for NIFTY via WebSocket.
2026-03-04 15:13:04 [INFO] ⚠️ Using derived lot_size 65 for ny040326150700b snapshot (DB value missing/invalid).
2026-03-04 15:13:04 [INFO] 🔍 Found 0 orders in DB for trade ny040326150700b via get_orders_by_trade_id.
2026-03-04 15:13:04 [INFO] Found 0 filled orders for ny040326150700b in DB via get_orders_by_trade_id.
2026-03-04 15:13:04 [WARNING] No trade orders found for ny040326150700b to build snapshot.
2026-03-04 15:13:04 [WARNING] Position reconstruction for ny040326150700b yielded no positions. Falling back to main two legs for greeks.
2026-03-04 15:13:05 [INFO] ⚠️ Using derived lot_size 65 for ny040326150700b snapshot (DB value missing/invalid).
2026-03-04 15:13:05 [INFO] 🔍 Found 0 orders in DB for trade ny040326150700b via get_orders_by_trade_id.
2026-03-04 15:13:05 [INFO] Found 0 filled orders for ny040326150700b in DB via get_orders_by_trade_id.
2026-03-04 15:13:05 [WARNING] No trade orders found for ny040326150700b to build snapshot.
2026-03-04 15:13:05 [WARNING] Position reconstruction for ny040326150700b yielded no positions. Falling back to main two legs for greeks.
2026-03-04 15:13:05 [INFO] ⚠️ Using derived lot_size 65 for ny040326150700b snapshot (DB value missing/invalid).
2026-03-04 15:13:05 [INFO] 🔍 Found 0 orders in DB for trade ny040326150700b via get_orders_by_trade_id.
2026-03-04 15:13:05 [INFO] Found 0 filled orders for ny040326150700b in DB via get_orders_by_trade_id.
2026-03-04 15:13:05 [WARNING] No trade orders found for ny040326150700b to build snapshot.
2026-03-04 15:13:05 [WARNING] Position reconstruction for ny040326150700b yielded no positions. Falling back to main two legs for greeks.
2026-03-04 15:13:06 [INFO] ⚠️ Using derived lot_size 65 for ny040326150700b snapshot (DB value missing/invalid).
2026-03-04 15:13:06 [INFO] 🔍 Found 0 orders in DB for trade ny040326150700b via get_orders_by_trade_id.
2026-03-04 15:13:06 [INFO] Found 0 filled orders for ny040326150700b in DB via get_orders_by_trade_id.
2026-03-04 15:13:06 [WARNING] No trade orders found for ny040326150700b to build snapshot.
2026-03-04 15:13:06 [WARNING] Position reconstruction for ny040326150700b yielded no positions. Falling back to main two legs for greeks.
2026-03-04 15:13:06 [INFO] Received and updated option chain for SENSEX via WebSocket.
2026-03-04 15:13:06 [INFO] ⚠️ Using derived lot_size 65 for ny040326150700b snapshot (DB value missing/invalid).
2026-03-04 15:13:06 [INFO] 🔍 Found 0 orders in DB for trade ny040326150700b via get_orders_by_trade_id.
2026-03-04 15:13:06 [INFO] Found 0 filled orders for ny040326150700b in DB via get_orders_by_trade_id.
2026-03-04 15:13:06 [WARNING] No trade orders found for ny040326150700b to build snapshot.
2026-03-04 15:13:06 [WARNING] Position reconstruction for ny040326150700b yielded no positions. Falling back to main two legs for greeks.
2026-03-04 15:13:07 [INFO] ⚠️ Using derived lot_size 65 for ny040326150700b snapshot (DB value missing/invalid).
2026-03-04 15:13:07 [INFO] 🔍 Found 0 orders in DB for trade ny040326150700b via get_orders_by_trade_id.
2026-03-04 15:13:07 [INFO] Found 0 filled orders for ny040326150700b in DB via get_orders_by_trade_id.
2026-03-04 15:13:07 [WARNING] No trade orders found for ny040326150700b to build snapshot.
2026-03-04 15:13:07 [WARNING] Position reconstruction for ny040326150700b yielded no positions. Falling back to main two legs for greeks.
2026-03-04 15:13:07 [INFO] ⚠️ Using derived lot_size 65 for ny040326150700b snapshot (DB value missing/invalid).
2026-03-04 15:13:07 [INFO] 🔍 Found 0 orders in DB for trade ny040326150700b via get_orders_by_trade_id.
2026-03-04 15:13:07 [INFO] Found 0 filled orders for ny040326150700b in DB via get_orders_by_trade_id.
2026-03-04 15:13:07 [WARNING] No trade orders found for ny040326150700b to build snapshot.
2026-03-04 15:13:07 [WARNING] Position reconstruction for ny040326150700b yielded no positions. Falling back to main two legs for greeks.
2026-03-04 15:13:08 [INFO] ⚠️ Using derived lot_size 65 for ny040326150700b snapshot (DB value missing/invalid).
2026-03-04 15:13:08 [INFO] 🔍 Found 0 orders in DB for trade ny040326150700b via get_orders_by_trade_id.
2026-03-04 15:13:08 [INFO] Found 0 filled orders for ny040326150700b in DB via get_orders_by_trade_id.
2026-03-04 15:13:08 [WARNING] No trade orders found for ny040326150700b to build snapshot.
2026-03-04 15:13:08 [WARNING] Position reconstruction for ny040326150700b yielded no positions. Falling back to main two legs for greeks.
2026-03-04 15:13:08 [INFO] ⚠️ Using derived lot_size 65 for ny040326150700b snapshot (DB value missing/invalid).
2026-03-04 15:13:08 [INFO] 🔍 Found 0 orders in DB for trade ny040326150700b via get_orders_by_trade_id.
2026-03-04 15:13:08 [INFO] Found 0 filled orders for ny040326150700b in DB via get_orders_by_trade_id.
2026-03-04 15:13:08 [WARNING] No trade orders found for ny040326150700b to build snapshot.
2026-03-04 15:13:08 [WARNING] Position reconstruction for ny040326150700b yielded no positions. Falling back to main two legs for greeks.
2026-03-04 15:13:09 [INFO] ⚠️ Using derived lot_size 65 for ny040326150700b snapshot (DB value missing/invalid).
2026-03-04 15:13:09 [INFO] 🔍 Found 0 orders in DB for trade ny040326150700b via get_orders_by_trade_id.
2026-03-04 15:13:09 [INFO] Found 0 filled orders for ny040326150700b in DB via get_orders_by_trade_id.
2026-03-04 15:13:09 [WARNING] No trade orders found for ny040326150700b to build snapshot.
2026-03-04 15:13:09 [WARNING] Position reconstruction for ny040326150700b yielded no positions. Falling back to main two legs for greeks.
2026-03-04 15:13:09 [INFO] ⚠️ Using derived lot_size 65 for ny040326150700b snapshot (DB value missing/invalid).
2026-03-04 15:13:09 [INFO] 🔍 Found 0 orders in DB for trade ny040326150700b via get_orders_by_trade_id.
2026-03-04 15:13:09 [INFO] Found 0 filled orders for ny040326150700b in DB via get_orders_by_trade_id.
2026-03-04 15:13:09 [WARNING] No trade orders found for ny040326150700b to build snapshot.
2026-03-04 15:13:09 [WARNING] Position reconstruction for ny040326150700b yielded no positions. Falling back to main two legs for greeks.
2026-03-04 15:13:10 [INFO] ⚠️ Using derived lot_size 65 for ny040326150700b snapshot (DB value missing/invalid).
2026-03-04 15:13:10 [INFO] 🔍 Found 0 orders in DB for trade ny040326150700b via get_orders_by_trade_id.
2026-03-04 15:13:10 [INFO] Found 0 filled orders for ny040326150700b in DB via get_orders_by_trade_id.
2026-03-04 15:13:10 [WARNING] No trade orders found for ny040326150700b to build snapshot.
2026-03-04 15:13:10 [WARNING] Position reconstruction for ny040326150700b yielded no positions. Falling back to main two legs for greeks.
2026-03-04 15:13:11 [INFO] ⚠️ Using derived lot_size 65 for ny040326150700b snapshot (DB value missing/invalid).
2026-03-04 15:13:11 [INFO] 🔍 Found 0 orders in DB for trade ny040326150700b via get_orders_by_trade_id.
2026-03-04 15:13:11 [INFO] Found 0 filled orders for ny040326150700b in DB via get_orders_by_trade_id.
2026-03-04 15:13:11 [WARNING] No trade orders found for ny040326150700b to build snapshot.
2026-03-04 15:13:11 [WARNING] Position reconstruction for ny040326150700b yielded no positions. Falling back to main two legs for greeks.
2026-03-04 15:13:11 [INFO] ⚠️ Using derived lot_size 65 for ny040326150700b snapshot (DB value missing/invalid).
2026-03-04 15:13:11 [INFO] 🔍 Found 0 orders in DB for trade ny040326150700b via get_orders_by_trade_id.
2026-03-04 15:13:11 [INFO] Found 0 filled orders for ny040326150700b in DB via get_orders_by_trade_id.
2026-03-04 15:13:11 [WARNING] No trade orders found for ny040326150700b to build snapshot.
2026-03-04 15:13:11 [WARNING] Position reconstruction for ny040326150700b yielded no positions. Falling back to main two legs for greeks.
2026-03-04 15:13:12 [INFO] ⚠️ Using derived lot_size 65 for ny040326150700b snapshot (DB value missing/invalid).
2026-03-04 15:13:12 [INFO] 🔍 Found 0 orders in DB for trade ny040326150700b via get_orders_by_trade_id.
2026-03-04 15:13:12 [INFO] Found 0 filled orders for ny040326150700b in DB via get_orders_by_trade_id.
2026-03-04 15:13:12 [WARNING] No trade orders found for ny040326150700b to build snapshot.
2026-03-04 15:13:12 [WARNING] Position reconstruction for ny040326150700b yielded no positions. Falling back to main two legs for greeks.
2026-03-04 15:13:12 [INFO] ⚠️ Using derived lot_size 65 for ny040326150700b snapshot (DB value missing/invalid).
2026-03-04 15:13:12 [INFO] 🔍 Found 0 orders in DB for trade ny040326150700b via get_orders_by_trade_id.
2026-03-04 15:13:12 [INFO] Found 0 filled orders for ny040326150700b in DB via get_orders_by_trade_id.
2026-03-04 15:13:12 [WARNING] No trade orders found for ny040326150700b to build snapshot.
2026-03-04 15:13:12 [WARNING] Position reconstruction for ny040326150700b yielded no positions. Falling back to main two legs for greeks.
2026-03-04 15:13:13 [INFO] ⚠️ Using derived lot_size 65 for ny040326150700b snapshot (DB value missing/invalid).
2026-03-04 15:13:13 [INFO] 🔍 Found 0 orders in DB for trade ny040326150700b via get_orders_by_trade_id.
2026-03-04 15:13:13 [INFO] Found 0 filled orders for ny040326150700b in DB via get_orders_by_trade_id.
2026-03-04 15:13:13 [WARNING] No trade orders found for ny040326150700b to build snapshot.
2026-03-04 15:13:13 [WARNING] Position reconstruction for ny040326150700b yielded no positions. Falling back to main two legs for greeks.
2026-03-04 15:13:13 [INFO] ⚠️ Using derived lot_size 65 for ny040326150700b snapshot (DB value missing/invalid).
2026-03-04 15:13:13 [INFO] 🔍 Found 0 orders in DB for trade ny040326150700b via get_orders_by_trade_id.
2026-03-04 15:13:13 [INFO] Found 0 filled orders for ny040326150700b in DB via get_orders_by_trade_id.
2026-03-04 15:13:13 [WARNING] No trade orders found for ny040326150700b to build snapshot.
2026-03-04 15:13:13 [WARNING] Position reconstruction for ny040326150700b yielded no positions. Falling back to main two legs for greeks.
2026-03-04 15:13:14 [INFO] ⚠️ Using derived lot_size 65 for ny040326150700b snapshot (DB value missing/invalid).
2026-03-04 15:13:14 [INFO] 🔍 Found 0 orders in DB for trade ny040326150700b via get_orders_by_trade_id.
2026-03-04 15:13:14 [INFO] Found 0 filled orders for ny040326150700b in DB via get_orders_by_trade_id.
2026-03-04 15:13:14 [WARNING] No trade orders found for ny040326150700b to build snapshot.
2026-03-04 15:13:14 [WARNING] Position reconstruction for ny040326150700b yielded no positions. Falling back to main two legs for greeks.
2026-03-04 15:13:14 [INFO] ⚠️ Using derived lot_size 65 for ny040326150700b snapshot (DB value missing/invalid).
2026-03-04 15:13:14 [INFO] 🔍 Found 0 orders in DB for trade ny040326150700b via get_orders_by_trade_id.
2026-03-04 15:13:14 [INFO] Found 0 filled orders for ny040326150700b in DB via get_orders_by_trade_id.
2026-03-04 15:13:14 [WARNING] No trade orders found for ny040326150700b to build snapshot.
2026-03-04 15:13:14 [WARNING] Position reconstruction for ny040326150700b yielded no positions. Falling back to main two legs for greeks.
2026-03-04 15:13:15 [INFO] ⚠️ Using derived lot_size 65 for ny040326150700b snapshot (DB value missing/invalid).
2026-03-04 15:13:15 [INFO] 🔍 Found 0 orders in DB for trade ny040326150700b via get_orders_by_trade_id.
2026-03-04 15:13:15 [INFO] Found 0 filled orders for ny040326150700b in DB via get_orders_by_trade_id.
2026-03-04 15:13:15 [WARNING] No trade orders found for ny040326150700b to build snapshot.
2026-03-04 15:13:15 [WARNING] Position reconstruction for ny040326150700b yielded no positions. Falling back to main two legs for greeks.
2026-03-04 15:13:16 [INFO] ⚠️ Using derived lot_size 65 for ny040326150700b snapshot (DB value missing/invalid).
2026-03-04 15:13:16 [INFO] 🔍 Found 0 orders in DB for trade ny040326150700b via get_orders_by_trade_id.
2026-03-04 15:13:16 [INFO] Found 0 filled orders for ny040326150700b in DB via get_orders_by_trade_id.
2026-03-04 15:13:16 [WARNING] No trade orders found for ny040326150700b to build snapshot.
2026-03-04 15:13:16 [WARNING] Position reconstruction for ny040326150700b yielded no positions. Falling back to main two legs for greeks.
2026-03-04 15:13:16 [INFO] ⚠️ Using derived lot_size 65 for ny040326150700b snapshot (DB value missing/invalid).
2026-03-04 15:13:16 [INFO] 🔍 Found 0 orders in DB for trade ny040326150700b via get_orders_by_trade_id.
2026-03-04 15:13:16 [INFO] Found 0 filled orders for ny040326150700b in DB via get_orders_by_trade_id.
2026-03-04 15:13:16 [WARNING] No trade orders found for ny040326150700b to build snapshot.
2026-03-04 15:13:16 [WARNING] Position reconstruction for ny040326150700b yielded no positions. Falling back to main two legs for greeks.
2026-03-04 15:13:17 [INFO] ⚠️ Using derived lot_size 65 for ny040326150700b snapshot (DB value missing/invalid).
2026-03-04 15:13:17 [INFO] 🔍 Found 0 orders in DB for trade ny040326150700b via get_orders_by_trade_id.
2026-03-04 15:13:17 [INFO] Found 0 filled orders for ny040326150700b in DB via get_orders_by_trade_id.
2026-03-04 15:13:17 [WARNING] No trade orders found for ny040326150700b to build snapshot.
2026-03-04 15:13:17 [WARNING] Position reconstruction for ny040326150700b yielded no positions. Falling back to main two legs for greeks.
2026-03-04 15:13:17 [INFO] ⚠️ Using derived lot_size 65 for ny040326150700b snapshot (DB value missing/invalid).
2026-03-04 15:13:17 [INFO] 🔍 Found 0 orders in DB for trade ny040326150700b via get_orders_by_trade_id.
2026-03-04 15:13:17 [INFO] Found 0 filled orders for ny040326150700b in DB via get_orders_by_trade_id.
2026-03-04 15:13:17 [WARNING] No trade orders found for ny040326150700b to build snapshot.
2026-03-04 15:13:17 [WARNING] Position reconstruction for ny040326150700b yielded no positions. Falling back to main two legs for greeks.
2026-03-04 15:13:18 [INFO] ⚠️ Using derived lot_size 65 for ny040326150700b snapshot (DB value missing/invalid).
2026-03-04 15:13:18 [INFO] 🔍 Found 0 orders in DB for trade ny040326150700b via get_orders_by_trade_id.
2026-03-04 15:13:18 [INFO] Found 0 filled orders for ny040326150700b in DB via get_orders_by_trade_id.
2026-03-04 15:13:18 [WARNING] No trade orders found for ny040326150700b to build snapshot.
2026-03-04 15:13:18 [WARNING] Position reconstruction for ny040326150700b yielded no positions. Falling back to main two legs for greeks.
2026-03-04 15:13:18 [INFO] ⚠️ Using derived lot_size 65 for ny040326150700b snapshot (DB value missing/invalid).
2026-03-04 15:13:18 [INFO] 🔍 Found 0 orders in DB for trade ny040326150700b via get_orders_by_trade_id.
2026-03-04 15:13:18 [INFO] Found 0 filled orders for ny040326150700b in DB via get_orders_by_trade_id.
2026-03-04 15:13:18 [WARNING] No trade orders found for ny040326150700b to build snapshot.
2026-03-04 15:13:18 [WARNING] Position reconstruction for ny040326150700b yielded no positions. Falling back to main two legs for greeks.
2026-03-04 15:13:19 [INFO] ⚠️ Using derived lot_size 65 for ny040326150700b snapshot (DB value missing/invalid).
2026-03-04 15:13:19 [INFO] 🔍 Found 0 orders in DB for trade ny040326150700b via get_orders_by_trade_id.
2026-03-04 15:13:19 [INFO] Found 0 filled orders for ny040326150700b in DB via get_orders_by_trade_id.
2026-03-04 15:13:19 [WARNING] No trade orders found for ny040326150700b to build snapshot.
2026-03-04 15:13:19 [WARNING] Position reconstruction for ny040326150700b yielded no positions. Falling back to main two legs for greeks.
2026-03-04 15:13:19 [INFO] ⚠️ Using derived lot_size 65 for ny040326150700b snapshot (DB value missing/invalid).
2026-03-04 15:13:19 [INFO] 🔍 Found 0 orders in DB for trade ny040326150700b via get_orders_by_trade_id.
2026-03-04 15:13:19 [INFO] Found 0 filled orders for ny040326150700b in DB via get_orders_by_trade_id.
2026-03-04 15:13:19 [WARNING] No trade orders found for ny040326150700b to build snapshot.
2026-03-04 15:13:19 [WARNING] Position reconstruction for ny040326150700b yielded no positions. Falling back to main two legs for greeks.
2026-03-04 15:13:20 [INFO] Received and updated option chain for NIFTY via WebSocket.
2026-03-04 15:13:20 [INFO] ⚠️ Using derived lot_size 65 for ny040326150700b snapshot (DB value missing/invalid).
2026-03-04 15:13:20 [INFO] 🔍 Found 0 orders in DB for trade ny040326150700b via get_orders_by_trade_id.
2026-03-04 15:13:20 [INFO] Found 0 filled orders for ny040326150700b in DB via get_orders_by_trade_id.
2026-03-04 15:13:20 [WARNING] No trade orders found for ny040326150700b to build snapshot.
2026-03-04 15:13:20 [WARNING] Position reconstruction for ny040326150700b yielded no positions. Falling back to main two legs for greeks.
2026-03-04 15:13:21 [INFO] ⚠️ Using derived lot_size 65 for ny040326150700b snapshot (DB value missing/invalid).
2026-03-04 15:13:21 [INFO] 🔍 Found 0 orders in DB for trade ny040326150700b via get_orders_by_trade_id.
2026-03-04 15:13:21 [INFO] Found 0 filled orders for ny040326150700b in DB via get_orders_by_trade_id.
2026-03-04 15:13:21 [WARNING] No trade orders found for ny040326150700b to build snapshot.
2026-03-04 15:13:21 [WARNING] Position reconstruction for ny040326150700b yielded no positions. Falling back to main two legs for greeks.
2026-03-04 15:13:21 [INFO] ⚠️ Using derived lot_size 65 for ny040326150700b snapshot (DB value missing/invalid).
2026-03-04 15:13:21 [INFO] 🔍 Found 0 orders in DB for trade ny040326150700b via get_orders_by_trade_id.
2026-03-04 15:13:21 [INFO] Found 0 filled orders for ny040326150700b in DB via get_orders_by_trade_id.
2026-03-04 15:13:21 [WARNING] No trade orders found for ny040326150700b to build snapshot.
2026-03-04 15:13:21 [WARNING] Position reconstruction for ny040326150700b yielded no positions. Falling back to main two legs for greeks.
2026-03-04 15:13:22 [INFO] ⚠️ Using derived lot_size 65 for ny040326150700b snapshot (DB value missing/invalid).
2026-03-04 15:13:22 [INFO] 🔍 Found 0 orders in DB for trade ny040326150700b via get_orders_by_trade_id.
2026-03-04 15:13:22 [INFO] Found 0 filled orders for ny040326150700b in DB via get_orders_by_trade_id.
2026-03-04 15:13:22 [WARNING] No trade orders found for ny040326150700b to build snapshot.
2026-03-04 15:13:22 [WARNING] Position reconstruction for ny040326150700b yielded no positions. Falling back to main two legs for greeks.
2026-03-04 15:13:22 [INFO] ⚠️ Using derived lot_size 65 for ny040326150700b snapshot (DB value missing/invalid).
2026-03-04 15:13:22 [INFO] 🔍 Found 0 orders in DB for trade ny040326150700b via get_orders_by_trade_id.
2026-03-04 15:13:22 [INFO] Found 0 filled orders for ny040326150700b in DB via get_orders_by_trade_id.
2026-03-04 15:13:22 [WARNING] No trade orders found for ny040326150700b to build snapshot.
2026-03-04 15:13:22 [WARNING] Position reconstruction for ny040326150700b yielded no positions. Falling back to main two legs for greeks.
2026-03-04 15:13:23 [INFO] ⚠️ Using derived lot_size 65 for ny040326150700b snapshot (DB value missing/invalid).
2026-03-04 15:13:23 [INFO] 🔍 Found 0 orders in DB for trade ny040326150700b via get_orders_by_trade_id.
2026-03-04 15:13:23 [INFO] Found 0 filled orders for ny040326150700b in DB via get_orders_by_trade_id.
2026-03-04 15:13:23 [WARNING] No trade orders found for ny040326150700b to build snapshot.
2026-03-04 15:13:23 [WARNING] Position reconstruction for ny040326150700b yielded no positions. Falling back to main two legs for greeks.
2026-03-04 15:13:23 [INFO] ⚠️ Using derived lot_size 65 for ny040326150700b snapshot (DB value missing/invalid).
2026-03-04 15:13:23 [INFO] 🔍 Found 0 orders in DB for trade ny040326150700b via get_orders_by_trade_id.
2026-03-04 15:13:23 [INFO] Found 0 filled orders for ny040326150700b in DB via get_orders_by_trade_id.
2026-03-04 15:13:23 [WARNING] No trade orders found for ny040326150700b to build snapshot.
2026-03-04 15:13:23 [WARNING] Position reconstruction for ny040326150700b yielded no positions. Falling back to main two legs for greeks.
2026-03-04 15:13:23 [INFO] Received and updated option chain for SENSEX via WebSocket.
2026-03-04 15:13:24 [INFO] ⚠️ Using derived lot_size 65 for ny040326150700b snapshot (DB value missing/invalid).
2026-03-04 15:13:24 [INFO] 🔍 Found 0 orders in DB for trade ny040326150700b via get_orders_by_trade_id.
2026-03-04 15:13:24 [INFO] Found 0 filled orders for ny040326150700b in DB via get_orders_by_trade_id.
2026-03-04 15:13:24 [WARNING] No trade orders found for ny040326150700b to build snapshot.
2026-03-04 15:13:24 [WARNING] Position reconstruction for ny040326150700b yielded no positions. Falling back to main two legs for greeks.
2026-03-04 15:13:24 [INFO] ⚠️ Using derived lot_size 65 for ny040326150700b snapshot (DB value missing/invalid).
2026-03-04 15:13:24 [INFO] 🔍 Found 0 orders in DB for trade ny040326150700b via get_orders_by_trade_id.
2026-03-04 15:13:24 [INFO] Found 0 filled orders for ny040326150700b in DB via get_orders_by_trade_id.
2026-03-04 15:13:24 [WARNING] No trade orders found for ny040326150700b to build snapshot.
2026-03-04 15:13:24 [WARNING] Position reconstruction for ny040326150700b yielded no positions. Falling back to main two legs for greeks.
2026-03-04 15:13:25 [INFO] ⚠️ Using derived lot_size 65 for ny040326150700b snapshot (DB value missing/invalid).
2026-03-04 15:13:25 [INFO] 🔍 Found 0 orders in DB for trade ny040326150700b via get_orders_by_trade_id.
2026-03-04 15:13:25 [INFO] Found 0 filled orders for ny040326150700b in DB via get_orders_by_trade_id.
2026-03-04 15:13:25 [WARNING] No trade orders found for ny040326150700b to build snapshot.
2026-03-04 15:13:25 [WARNING] Position reconstruction for ny040326150700b yielded no positions. Falling back to main two legs for greeks.
2026-03-04 15:13:26 [INFO] ⚠️ Using derived lot_size 65 for ny040326150700b snapshot (DB value missing/invalid).
2026-03-04 15:13:26 [INFO] 🔍 Found 0 orders in DB for trade ny040326150700b via get_orders_by_trade_id.
2026-03-04 15:13:26 [INFO] Found 0 filled orders for ny040326150700b in DB via get_orders_by_trade_id.
2026-03-04 15:13:26 [WARNING] No trade orders found for ny040326150700b to build snapshot.
2026-03-04 15:13:26 [WARNING] Position reconstruction for ny040326150700b yielded no positions. Falling back to main two legs for greeks.
2026-03-04 15:13:26 [INFO] ⚠️ Using derived lot_size 65 for ny040326150700b snapshot (DB value missing/invalid).
2026-03-04 15:13:26 [INFO] 🔍 Found 0 orders in DB for trade ny040326150700b via get_orders_by_trade_id.
2026-03-04 15:13:26 [INFO] Found 0 filled orders for ny040326150700b in DB via get_orders_by_trade_id.
2026-03-04 15:13:26 [WARNING] No trade orders found for ny040326150700b to build snapshot.
2026-03-04 15:13:26 [WARNING] Position reconstruction for ny040326150700b yielded no positions. Falling back to main two legs for greeks.
2026-03-04 15:13:27 [INFO] ⚠️ Using derived lot_size 65 for ny040326150700b snapshot (DB value missing/invalid).
2026-03-04 15:13:27 [INFO] 🔍 Found 0 orders in DB for trade ny040326150700b via get_orders_by_trade_id.
2026-03-04 15:13:27 [INFO] Found 0 filled orders for ny040326150700b in DB via get_orders_by_trade_id.
2026-03-04 15:13:27 [WARNING] No trade orders found for ny040326150700b to build snapshot.
2026-03-04 15:13:27 [WARNING] Position reconstruction for ny040326150700b yielded no positions. Falling back to main two legs for greeks.
2026-03-04 15:13:27 [INFO] ⚠️ Using derived lot_size 65 for ny040326150700b snapshot (DB value missing/invalid).
2026-03-04 15:13:27 [INFO] 🔍 Found 0 orders in DB for trade ny040326150700b via get_orders_by_trade_id.
2026-03-04 15:13:27 [INFO] Found 0 filled orders for ny040326150700b in DB via get_orders_by_trade_id.
2026-03-04 15:13:27 [WARNING] No trade orders found for ny040326150700b to build snapshot.
2026-03-04 15:13:27 [WARNING] Position reconstruction for ny040326150700b yielded no positions. Falling back to main two legs for greeks.
2026-03-04 15:13:28 [INFO] ⚠️ Using derived lot_size 65 for ny040326150700b snapshot (DB value missing/invalid).
2026-03-04 15:13:28 [INFO] 🔍 Found 0 orders in DB for trade ny040326150700b via get_orders_by_trade_id.
2026-03-04 15:13:28 [INFO] Found 0 filled orders for ny040326150700b in DB via get_orders_by_trade_id.
2026-03-04 15:13:28 [WARNING] No trade orders found for ny040326150700b to build snapshot.
2026-03-04 15:13:28 [WARNING] Position reconstruction for ny040326150700b yielded no positions. Falling back to main two legs for greeks.
2026-03-04 15:13:28 [INFO] ⚠️ Using derived lot_size 65 for ny040326150700b snapshot (DB value missing/invalid).
2026-03-04 15:13:28 [INFO] 🔍 Found 0 orders in DB for trade ny040326150700b via get_orders_by_trade_id.
2026-03-04 15:13:28 [INFO] Found 0 filled orders for ny040326150700b in DB via get_orders_by_trade_id.
2026-03-04 15:13:28 [WARNING] No trade orders found for ny040326150700b to build snapshot.
2026-03-04 15:13:28 [WARNING] Position reconstruction for ny040326150700b yielded no positions. Falling back to main two legs for greeks.
2026-03-04 15:13:29 [INFO] ⚠️ Using derived lot_size 65 for ny040326150700b snapshot (DB value missing/invalid).
2026-03-04 15:13:29 [INFO] 🔍 Found 0 orders in DB for trade ny040326150700b via get_orders_by_trade_id.
2026-03-04 15:13:29 [INFO] Found 0 filled orders for ny040326150700b in DB via get_orders_by_trade_id.
2026-03-04 15:13:29 [WARNING] No trade orders found for ny040326150700b to build snapshot.
2026-03-04 15:13:29 [WARNING] Position reconstruction for ny040326150700b yielded no positions. Falling back to main two legs for greeks.
2026-03-04 15:13:29 [INFO] ⚠️ Using derived lot_size 65 for ny040326150700b snapshot (DB value missing/invalid).
2026-03-04 15:13:29 [INFO] 🔍 Found 0 orders in DB for trade ny040326150700b via get_orders_by_trade_id.
2026-03-04 15:13:29 [INFO] Found 0 filled orders for ny040326150700b in DB via get_orders_by_trade_id.
2026-03-04 15:13:29 [WARNING] No trade orders found for ny040326150700b to build snapshot.
2026-03-04 15:13:29 [WARNING] Position reconstruction for ny040326150700b yielded no positions. Falling back to main two legs for greeks.
2026-03-04 15:13:30 [INFO] ⚠️ Using derived lot_size 65 for ny040326150700b snapshot (DB value missing/invalid).
2026-03-04 15:13:30 [INFO] 🔍 Found 0 orders in DB for trade ny040326150700b via get_orders_by_trade_id.
2026-03-04 15:13:30 [INFO] Found 0 filled orders for ny040326150700b in DB via get_orders_by_trade_id.
2026-03-04 15:13:30 [WARNING] No trade orders found for ny040326150700b to build snapshot.
2026-03-04 15:13:30 [WARNING] Position reconstruction for ny040326150700b yielded no positions. Falling back to main two legs for greeks.
2026-03-04 15:13:30 [INFO] ⚠️ Using derived lot_size 65 for ny040326150700b snapshot (DB value missing/invalid).
2026-03-04 15:13:30 [INFO] 🔍 Found 0 orders in DB for trade ny040326150700b via get_orders_by_trade_id.
2026-03-04 15:13:30 [INFO] Found 0 filled orders for ny040326150700b in DB via get_orders_by_trade_id.
2026-03-04 15:13:30 [WARNING] No trade orders found for ny040326150700b to build snapshot.
2026-03-04 15:13:30 [WARNING] Position reconstruction for ny040326150700b yielded no positions. Falling back to main two legs for greeks.
2026-03-04 15:13:31 [INFO] ⚠️ Using derived lot_size 65 for ny040326150700b snapshot (DB value missing/invalid).
2026-03-04 15:13:31 [INFO] 🔍 Found 0 orders in DB for trade ny040326150700b via get_orders_by_trade_id.
2026-03-04 15:13:31 [INFO] Found 0 filled orders for ny040326150700b in DB via get_orders_by_trade_id.
2026-03-04 15:13:31 [WARNING] No trade orders found for ny040326150700b to build snapshot.
2026-03-04 15:13:31 [WARNING] Position reconstruction for ny040326150700b yielded no positions. Falling back to main two legs for greeks.
2026-03-04 15:13:32 [INFO] ⚠️ Using derived lot_size 65 for ny040326150700b snapshot (DB value missing/invalid).
2026-03-04 15:13:32 [INFO] 🔍 Found 0 orders in DB for trade ny040326150700b via get_orders_by_trade_id.
2026-03-04 15:13:32 [INFO] Found 0 filled orders for ny040326150700b in DB via get_orders_by_trade_id.
2026-03-04 15:13:32 [WARNING] No trade orders found for ny040326150700b to build snapshot.
2026-03-04 15:13:32 [WARNING] Position reconstruction for ny040326150700b yielded no positions. Falling back to main two legs for greeks.
2026-03-04 15:13:32 [INFO] ⚠️ Using derived lot_size 65 for ny040326150700b snapshot (DB value missing/invalid).
2026-03-04 15:13:32 [INFO] 🔍 Found 0 orders in DB for trade ny040326150700b via get_orders_by_trade_id.
2026-03-04 15:13:32 [INFO] Found 0 filled orders for ny040326150700b in DB via get_orders_by_trade_id.
2026-03-04 15:13:32 [WARNING] No trade orders found for ny040326150700b to build snapshot.
2026-03-04 15:13:32 [WARNING] Position reconstruction for ny040326150700b yielded no positions. Falling back to main two legs for greeks.
2026-03-04 15:13:33 [INFO] ⚠️ Using derived lot_size 65 for ny040326150700b snapshot (DB value missing/invalid).
2026-03-04 15:13:33 [INFO] 🔍 Found 0 orders in DB for trade ny040326150700b via get_orders_by_trade_id.
2026-03-04 15:13:33 [INFO] Found 0 filled orders for ny040326150700b in DB via get_orders_by_trade_id.
2026-03-04 15:13:33 [WARNING] No trade orders found for ny040326150700b to build snapshot.
2026-03-04 15:13:33 [WARNING] Position reconstruction for ny040326150700b yielded no positions. Falling back to main two legs for greeks.
2026-03-04 15:13:33 [INFO] ⚠️ Using derived lot_size 65 for ny040326150700b snapshot (DB value missing/invalid).
2026-03-04 15:13:33 [INFO] 🔍 Found 0 orders in DB for trade ny040326150700b via get_orders_by_trade_id.
2026-03-04 15:13:33 [INFO] Found 0 filled orders for ny040326150700b in DB via get_orders_by_trade_id.
2026-03-04 15:13:33 [WARNING] No trade orders found for ny040326150700b to build snapshot.
2026-03-04 15:13:33 [WARNING] Position reconstruction for ny040326150700b yielded no positions. Falling back to main two legs for greeks.
2026-03-04 15:13:34 [INFO] ⚠️ Using derived lot_size 65 for ny040326150700b snapshot (DB value missing/invalid).
2026-03-04 15:13:34 [INFO] 🔍 Found 0 orders in DB for trade ny040326150700b via get_orders_by_trade_id.
2026-03-04 15:13:34 [INFO] Found 0 filled orders for ny040326150700b in DB via get_orders_by_trade_id.
2026-03-04 15:13:34 [WARNING] No trade orders found for ny040326150700b to build snapshot.
2026-03-04 15:13:34 [WARNING] Position reconstruction for ny040326150700b yielded no positions. Falling back to main two legs for greeks.
2026-03-04 15:13:34 [INFO] ⚠️ Using derived lot_size 65 for ny040326150700b snapshot (DB value missing/invalid).
2026-03-04 15:13:34 [INFO] 🔍 Found 0 orders in DB for trade ny040326150700b via get_orders_by_trade_id.
2026-03-04 15:13:34 [INFO] Found 0 filled orders for ny040326150700b in DB via get_orders_by_trade_id.
2026-03-04 15:13:34 [WARNING] No trade orders found for ny040326150700b to build snapshot.
2026-03-04 15:13:34 [WARNING] Position reconstruction for ny040326150700b yielded no positions. Falling back to main two legs for greeks.
2026-03-04 15:13:35 [INFO] ⚠️ Using derived lot_size 65 for ny040326150700b snapshot (DB value missing/invalid).
2026-03-04 15:13:35 [INFO] 🔍 Found 0 orders in DB for trade ny040326150700b via get_orders_by_trade_id.
2026-03-04 15:13:35 [INFO] Found 0 filled orders for ny040326150700b in DB via get_orders_by_trade_id.
2026-03-04 15:13:35 [WARNING] No trade orders found for ny040326150700b to build snapshot.
2026-03-04 15:13:35 [WARNING] Position reconstruction for ny040326150700b yielded no positions. Falling back to main two legs for greeks.
2026-03-04 15:13:35 [INFO] ⚠️ Using derived lot_size 65 for ny040326150700b snapshot (DB value missing/invalid).
2026-03-04 15:13:35 [INFO] 🔍 Found 0 orders in DB for trade ny040326150700b via get_orders_by_trade_id.
2026-03-04 15:13:35 [INFO] Found 0 filled orders for ny040326150700b in DB via get_orders_by_trade_id.
2026-03-04 15:13:35 [WARNING] No trade orders found for ny040326150700b to build snapshot.
2026-03-04 15:13:35 [WARNING] Position reconstruction for ny040326150700b yielded no positions. Falling back to main two legs for greeks.
2026-03-04 15:13:36 [INFO] Received and updated option chain for NIFTY via WebSocket.
2026-03-04 15:13:36 [INFO] ⚠️ Using derived lot_size 65 for ny040326150700b snapshot (DB value missing/invalid).
2026-03-04 15:13:36 [INFO] 🔍 Found 0 orders in DB for trade ny040326150700b via get_orders_by_trade_id.
2026-03-04 15:13:36 [INFO] Found 0 filled orders for ny040326150700b in DB via get_orders_by_trade_id.
2026-03-04 15:13:36 [WARNING] No trade orders found for ny040326150700b to build snapshot.
2026-03-04 15:13:36 [WARNING] Position reconstruction for ny040326150700b yielded no positions. Falling back to main two legs for greeks.
2026-03-04 15:13:36 [INFO] ⚠️ Using derived lot_size 65 for ny040326150700b snapshot (DB value missing/invalid).
2026-03-04 15:13:36 [INFO] 🔍 Found 0 orders in DB for trade ny040326150700b via get_orders_by_trade_id.
2026-03-04 15:13:36 [INFO] Found 0 filled orders for ny040326150700b in DB via get_orders_by_trade_id.
2026-03-04 15:13:36 [WARNING] No trade orders found for ny040326150700b to build snapshot.
2026-03-04 15:13:36 [WARNING] Position reconstruction for ny040326150700b yielded no positions. Falling back to main two legs for greeks.
2026-03-04 15:13:37 [INFO] ⚠️ Using derived lot_size 65 for ny040326150700b snapshot (DB value missing/invalid).
2026-03-04 15:13:37 [INFO] 🔍 Found 0 orders in DB for trade ny040326150700b via get_orders_by_trade_id.
2026-03-04 15:13:37 [INFO] Found 0 filled orders for ny040326150700b in DB via get_orders_by_trade_id.
2026-03-04 15:13:37 [WARNING] No trade orders found for ny040326150700b to build snapshot.
2026-03-04 15:13:37 [WARNING] Position reconstruction for ny040326150700b yielded no positions. Falling back to main two legs for greeks.
2026-03-04 15:13:38 [INFO] ⚠️ Using derived lot_size 65 for ny040326150700b snapshot (DB value missing/invalid).
2026-03-04 15:13:38 [INFO] 🔍 Found 0 orders in DB for trade ny040326150700b via get_orders_by_trade_id.
2026-03-04 15:13:38 [INFO] Found 0 filled orders for ny040326150700b in DB via get_orders_by_trade_id.
2026-03-04 15:13:38 [WARNING] No trade orders found for ny040326150700b to build snapshot.
2026-03-04 15:13:38 [WARNING] Position reconstruction for ny040326150700b yielded no positions. Falling back to main two legs for greeks.
2026-03-04 15:13:38 [INFO] Received and updated option chain for SENSEX via WebSocket.
2026-03-04 15:13:38 [INFO] ⚠️ Using derived lot_size 65 for ny040326150700b snapshot (DB value missing/invalid).
2026-03-04 15:13:38 [INFO] 🔍 Found 0 orders in DB for trade ny040326150700b via get_orders_by_trade_id.
2026-03-04 15:13:38 [INFO] Found 0 filled orders for ny040326150700b in DB via get_orders_by_trade_id.
2026-03-04 15:13:38 [WARNING] No trade orders found for ny040326150700b to build snapshot.
2026-03-04 15:13:38 [WARNING] Position reconstruction for ny040326150700b yielded no positions. Falling back to main two legs for greeks.
2026-03-04 15:13:39 [INFO] ⚠️ Using derived lot_size 65 for ny040326150700b snapshot (DB value missing/invalid).
2026-03-04 15:13:39 [INFO] 🔍 Found 0 orders in DB for trade ny040326150700b via get_orders_by_trade_id.
2026-03-04 15:13:39 [INFO] Found 0 filled orders for ny040326150700b in DB via get_orders_by_trade_id.
2026-03-04 15:13:39 [WARNING] No trade orders found for ny040326150700b to build snapshot.
2026-03-04 15:13:39 [WARNING] Position reconstruction for ny040326150700b yielded no positions. Falling back to main two legs for greeks.
2026-03-04 15:13:39 [INFO] ⚠️ Using derived lot_size 65 for ny040326150700b snapshot (DB value missing/invalid).
2026-03-04 15:13:39 [INFO] 🔍 Found 0 orders in DB for trade ny040326150700b via get_orders_by_trade_id.
2026-03-04 15:13:39 [INFO] Found 0 filled orders for ny040326150700b in DB via get_orders_by_trade_id.
2026-03-04 15:13:39 [WARNING] No trade orders found for ny040326150700b to build snapshot.
2026-03-04 15:13:39 [WARNING] Position reconstruction for ny040326150700b yielded no positions. Falling back to main two legs for greeks.
2026-03-04 15:13:40 [INFO] ⚠️ Using derived lot_size 65 for ny040326150700b snapshot (DB value missing/invalid).
2026-03-04 15:13:40 [INFO] 🔍 Found 0 orders in DB for trade ny040326150700b via get_orders_by_trade_id.
2026-03-04 15:13:40 [INFO] Found 0 filled orders for ny040326150700b in DB via get_orders_by_trade_id.
2026-03-04 15:13:40 [WARNING] No trade orders found for ny040326150700b to build snapshot.
2026-03-04 15:13:40 [WARNING] Position reconstruction for ny040326150700b yielded no positions. Falling back to main two legs for greeks.
2026-03-04 15:13:40 [INFO] ⚠️ Using derived lot_size 65 for ny040326150700b snapshot (DB value missing/invalid).
2026-03-04 15:13:40 [INFO] 🔍 Found 0 orders in DB for trade ny040326150700b via get_orders_by_trade_id.
2026-03-04 15:13:40 [INFO] Found 0 filled orders for ny040326150700b in DB via get_orders_by_trade_id.
2026-03-04 15:13:40 [WARNING] No trade orders found for ny040326150700b to build snapshot.
2026-03-04 15:13:40 [WARNING] Position reconstruction for ny040326150700b yielded no positions. Falling back to main two legs for greeks.
2026-03-04 15:13:41 [INFO] ⚠️ Using derived lot_size 65 for ny040326150700b snapshot (DB value missing/invalid).
2026-03-04 15:13:41 [INFO] 🔍 Found 0 orders in DB for trade ny040326150700b via get_orders_by_trade_id.
2026-03-04 15:13:41 [INFO] Found 0 filled orders for ny040326150700b in DB via get_orders_by_trade_id.
2026-03-04 15:13:41 [WARNING] No trade orders found for ny040326150700b to build snapshot.
2026-03-04 15:13:41 [WARNING] Position reconstruction for ny040326150700b yielded no positions. Falling back to main two legs for greeks.
2026-03-04 15:13:41 [INFO] ⚠️ Using derived lot_size 65 for ny040326150700b snapshot (DB value missing/invalid).
2026-03-04 15:13:41 [INFO] 🔍 Found 0 orders in DB for trade ny040326150700b via get_orders_by_trade_id.
2026-03-04 15:13:41 [INFO] Found 0 filled orders for ny040326150700b in DB via get_orders_by_trade_id.
2026-03-04 15:13:41 [WARNING] No trade orders found for ny040326150700b to build snapshot.
2026-03-04 15:13:41 [WARNING] Position reconstruction for ny040326150700b yielded no positions. Falling back to main two legs for greeks.
2026-03-04 15:13:42 [INFO] ⚠️ Using derived lot_size 65 for ny040326150700b snapshot (DB value missing/invalid).
2026-03-04 15:13:42 [INFO] 🔍 Found 0 orders in DB for trade ny040326150700b via get_orders_by_trade_id.
2026-03-04 15:13:42 [INFO] Found 0 filled orders for ny040326150700b in DB via get_orders_by_trade_id.
2026-03-04 15:13:42 [WARNING] No trade orders found for ny040326150700b to build snapshot.
2026-03-04 15:13:42 [WARNING] Position reconstruction for ny040326150700b yielded no positions. Falling back to main two legs for greeks.
2026-03-04 15:13:42 [INFO] ⚠️ Using derived lot_size 65 for ny040326150700b snapshot (DB value missing/invalid).
2026-03-04 15:13:42 [INFO] 🔍 Found 0 orders in DB for trade ny040326150700b via get_orders_by_trade_id.
2026-03-04 15:13:42 [INFO] Found 0 filled orders for ny040326150700b in DB via get_orders_by_trade_id.
2026-03-04 15:13:42 [WARNING] No trade orders found for ny040326150700b to build snapshot.
2026-03-04 15:13:42 [WARNING] Position reconstruction for ny040326150700b yielded no positions. Falling back to main two legs for greeks.
2026-03-04 15:13:43 [INFO] ⚠️ Using derived lot_size 65 for ny040326150700b snapshot (DB value missing/invalid).
2026-03-04 15:13:43 [INFO] 🔍 Found 0 orders in DB for trade ny040326150700b via get_orders_by_trade_id.
2026-03-04 15:13:43 [INFO] Found 0 filled orders for ny040326150700b in DB via get_orders_by_trade_id.
2026-03-04 15:13:43 [WARNING] No trade orders found for ny040326150700b to build snapshot.
2026-03-04 15:13:43 [WARNING] Position reconstruction for ny040326150700b yielded no positions. Falling back to main two legs for greeks.
2026-03-04 15:13:43 [INFO] ⚠️ Using derived lot_size 65 for ny040326150700b snapshot (DB value missing/invalid).
2026-03-04 15:13:43 [INFO] 🔍 Found 0 orders in DB for trade ny040326150700b via get_orders_by_trade_id.
2026-03-04 15:13:43 [INFO] Found 0 filled orders for ny040326150700b in DB via get_orders_by_trade_id.
2026-03-04 15:13:43 [WARNING] No trade orders found for ny040326150700b to build snapshot.
2026-03-04 15:13:43 [WARNING] Position reconstruction for ny040326150700b yielded no positions. Falling back to main two legs for greeks.
2026-03-04 15:13:44 [INFO] ⚠️ Using derived lot_size 65 for ny040326150700b snapshot (DB value missing/invalid).
2026-03-04 15:13:44 [INFO] 🔍 Found 0 orders in DB for trade ny040326150700b via get_orders_by_trade_id.
2026-03-04 15:13:44 [INFO] Found 0 filled orders for ny040326150700b in DB via get_orders_by_trade_id.
2026-03-04 15:13:44 [WARNING] No trade orders found for ny040326150700b to build snapshot.
2026-03-04 15:13:44 [WARNING] Position reconstruction for ny040326150700b yielded no positions. Falling back to main two legs for greeks.
2026-03-04 15:13:45 [INFO] ⚠️ Using derived lot_size 65 for ny040326150700b snapshot (DB value missing/invalid).
2026-03-04 15:13:45 [INFO] 🔍 Found 0 orders in DB for trade ny040326150700b via get_orders_by_trade_id.
2026-03-04 15:13:45 [INFO] Found 0 filled orders for ny040326150700b in DB via get_orders_by_trade_id.
2026-03-04 15:13:45 [WARNING] No trade orders found for ny040326150700b to build snapshot.
2026-03-04 15:13:45 [WARNING] Position reconstruction for ny040326150700b yielded no positions. Falling back to main two legs for greeks.
2026-03-04 15:13:45 [INFO] ⚠️ Using derived lot_size 65 for ny040326150700b snapshot (DB value missing/invalid).
2026-03-04 15:13:45 [INFO] 🔍 Found 0 orders in DB for trade ny040326150700b via get_orders_by_trade_id.
2026-03-04 15:13:45 [INFO] Found 0 filled orders for ny040326150700b in DB via get_orders_by_trade_id.
2026-03-04 15:13:45 [WARNING] No trade orders found for ny040326150700b to build snapshot.
2026-03-04 15:13:45 [WARNING] Position reconstruction for ny040326150700b yielded no positions. Falling back to main two legs for greeks.
2026-03-04 15:13:46 [INFO] ⚠️ Using derived lot_size 65 for ny040326150700b snapshot (DB value missing/invalid).
2026-03-04 15:13:46 [INFO] 🔍 Found 0 orders in DB for trade ny040326150700b via get_orders_by_trade_id.
2026-03-04 15:13:46 [INFO] Found 0 filled orders for ny040326150700b in DB via get_orders_by_trade_id.
2026-03-04 15:13:46 [WARNING] No trade orders found for ny040326150700b to build snapshot.
2026-03-04 15:13:46 [WARNING] Position reconstruction for ny040326150700b yielded no positions. Falling back to main two legs for greeks.
2026-03-04 15:13:46 [INFO] ⚠️ Using derived lot_size 65 for ny040326150700b snapshot (DB value missing/invalid).
2026-03-04 15:13:46 [INFO] 🔍 Found 0 orders in DB for trade ny040326150700b via get_orders_by_trade_id.
2026-03-04 15:13:46 [INFO] Found 0 filled orders for ny040326150700b in DB via get_orders_by_trade_id.
2026-03-04 15:13:46 [WARNING] No trade orders found for ny040326150700b to build snapshot.
2026-03-04 15:13:46 [WARNING] Position reconstruction for ny040326150700b yielded no positions. Falling back to main two legs for greeks.
2026-03-04 15:13:47 [INFO] ⚠️ Using derived lot_size 65 for ny040326150700b snapshot (DB value missing/invalid).
2026-03-04 15:13:47 [INFO] 🔍 Found 0 orders in DB for trade ny040326150700b via get_orders_by_trade_id.
2026-03-04 15:13:47 [INFO] Found 0 filled orders for ny040326150700b in DB via get_orders_by_trade_id.
2026-03-04 15:13:47 [WARNING] No trade orders found for ny040326150700b to build snapshot.
2026-03-04 15:13:47 [WARNING] Position reconstruction for ny040326150700b yielded no positions. Falling back to main two legs for greeks.
2026-03-04 15:13:47 [INFO] ⚠️ Using derived lot_size 65 for ny040326150700b snapshot (DB value missing/invalid).
2026-03-04 15:13:47 [INFO] 🔍 Found 0 orders in DB for trade ny040326150700b via get_orders_by_trade_id.
2026-03-04 15:13:47 [INFO] Found 0 filled orders for ny040326150700b in DB via get_orders_by_trade_id.
2026-03-04 15:13:47 [WARNING] No trade orders found for ny040326150700b to build snapshot.
2026-03-04 15:13:47 [WARNING] Position reconstruction for ny040326150700b yielded no positions. Falling back to main two legs for greeks.
2026-03-04 15:13:48 [INFO] ⚠️ Using derived lot_size 65 for ny040326150700b snapshot (DB value missing/invalid).
2026-03-04 15:13:48 [INFO] 🔍 Found 0 orders in DB for trade ny040326150700b via get_orders_by_trade_id.
2026-03-04 15:13:48 [INFO] Found 0 filled orders for ny040326150700b in DB via get_orders_by_trade_id.
2026-03-04 15:13:48 [WARNING] No trade orders found for ny040326150700b to build snapshot.
2026-03-04 15:13:48 [WARNING] Position reconstruction for ny040326150700b yielded no positions. Falling back to main two legs for greeks.
2026-03-04 15:13:48 [INFO] ⚠️ Using derived lot_size 65 for ny040326150700b snapshot (DB value missing/invalid).
2026-03-04 15:13:48 [INFO] 🔍 Found 0 orders in DB for trade ny040326150700b via get_orders_by_trade_id.
2026-03-04 15:13:48 [INFO] Found 0 filled orders for ny040326150700b in DB via get_orders_by_trade_id.
2026-03-04 15:13:48 [WARNING] No trade orders found for ny040326150700b to build snapshot.
2026-03-04 15:13:48 [WARNING] Position reconstruction for ny040326150700b yielded no positions. Falling back to main two legs for greeks.
2026-03-04 15:13:49 [INFO] ⚠️ Using derived lot_size 65 for ny040326150700b snapshot (DB value missing/invalid).
2026-03-04 15:13:49 [INFO] 🔍 Found 0 orders in DB for trade ny040326150700b via get_orders_by_trade_id.
2026-03-04 15:13:49 [INFO] Found 0 filled orders for ny040326150700b in DB via get_orders_by_trade_id.
2026-03-04 15:13:49 [WARNING] No trade orders found for ny040326150700b to build snapshot.
2026-03-04 15:13:49 [WARNING] Position reconstruction for ny040326150700b yielded no positions. Falling back to main two legs for greeks.
2026-03-04 15:13:49 [INFO] ⚠️ Using derived lot_size 65 for ny040326150700b snapshot (DB value missing/invalid).
2026-03-04 15:13:49 [INFO] 🔍 Found 0 orders in DB for trade ny040326150700b via get_orders_by_trade_id.
2026-03-04 15:13:49 [INFO] Found 0 filled orders for ny040326150700b in DB via get_orders_by_trade_id.
2026-03-04 15:13:49 [WARNING] No trade orders found for ny040326150700b to build snapshot.
2026-03-04 15:13:49 [WARNING] Position reconstruction for ny040326150700b yielded no positions. Falling back to main two legs for greeks.
2026-03-04 15:13:50 [INFO] ⚠️ Using derived lot_size 65 for ny040326150700b snapshot (DB value missing/invalid).
2026-03-04 15:13:50 [INFO] 🔍 Found 0 orders in DB for trade ny040326150700b via get_orders_by_trade_id.
2026-03-04 15:13:50 [INFO] Found 0 filled orders for ny040326150700b in DB via get_orders_by_trade_id.
2026-03-04 15:13:50 [WARNING] No trade orders found for ny040326150700b to build snapshot.
2026-03-04 15:13:50 [WARNING] Position reconstruction for ny040326150700b yielded no positions. Falling back to main two legs for greeks.
2026-03-04 15:13:51 [INFO] ⚠️ Using derived lot_size 65 for ny040326150700b snapshot (DB value missing/invalid).
2026-03-04 15:13:51 [INFO] 🔍 Found 0 orders in DB for trade ny040326150700b via get_orders_by_trade_id.
2026-03-04 15:13:51 [INFO] Found 0 filled orders for ny040326150700b in DB via get_orders_by_trade_id.
2026-03-04 15:13:51 [WARNING] No trade orders found for ny040326150700b to build snapshot.
2026-03-04 15:13:51 [WARNING] Position reconstruction for ny040326150700b yielded no positions. Falling back to main two legs for greeks.
2026-03-04 15:13:51 [INFO] ⚠️ Using derived lot_size 65 for ny040326150700b snapshot (DB value missing/invalid).
2026-03-04 15:13:51 [INFO] 🔍 Found 0 orders in DB for trade ny040326150700b via get_orders_by_trade_id.
2026-03-04 15:13:51 [INFO] Found 0 filled orders for ny040326150700b in DB via get_orders_by_trade_id.
2026-03-04 15:13:51 [WARNING] No trade orders found for ny040326150700b to build snapshot.
2026-03-04 15:13:51 [WARNING] Position reconstruction for ny040326150700b yielded no positions. Falling back to main two legs for greeks.
2026-03-04 15:13:51 [INFO] Received and updated option chain for NIFTY via WebSocket.
2026-03-04 15:13:52 [INFO] ⚠️ Using derived lot_size 65 for ny040326150700b snapshot (DB value missing/invalid).
2026-03-04 15:13:52 [INFO] 🔍 Found 0 orders in DB for trade ny040326150700b via get_orders_by_trade_id.
2026-03-04 15:13:52 [INFO] Found 0 filled orders for ny040326150700b in DB via get_orders_by_trade_id.
2026-03-04 15:13:52 [WARNING] No trade orders found for ny040326150700b to build snapshot.
2026-03-04 15:13:52 [WARNING] Position reconstruction for ny040326150700b yielded no positions. Falling back to main two legs for greeks.
2026-03-04 15:13:52 [INFO] ⚠️ Using derived lot_size 65 for ny040326150700b snapshot (DB value missing/invalid).
2026-03-04 15:13:52 [INFO] 🔍 Found 0 orders in DB for trade ny040326150700b via get_orders_by_trade_id.
2026-03-04 15:13:52 [INFO] Found 0 filled orders for ny040326150700b in DB via get_orders_by_trade_id.
2026-03-04 15:13:52 [WARNING] No trade orders found for ny040326150700b to build snapshot.
2026-03-04 15:13:52 [WARNING] Position reconstruction for ny040326150700b yielded no positions. Falling back to main two legs for greeks.
2026-03-04 15:13:53 [INFO] ⚠️ Using derived lot_size 65 for ny040326150700b snapshot (DB value missing/invalid).
2026-03-04 15:13:53 [INFO] 🔍 Found 0 orders in DB for trade ny040326150700b via get_orders_by_trade_id.
2026-03-04 15:13:53 [INFO] Found 0 filled orders for ny040326150700b in DB via get_orders_by_trade_id.
2026-03-04 15:13:53 [WARNING] No trade orders found for ny040326150700b to build snapshot.
2026-03-04 15:13:53 [WARNING] Position reconstruction for ny040326150700b yielded no positions. Falling back to main two legs for greeks.
2026-03-04 15:13:53 [INFO] ⚠️ Using derived lot_size 65 for ny040326150700b snapshot (DB value missing/invalid).
2026-03-04 15:13:53 [INFO] 🔍 Found 0 orders in DB for trade ny040326150700b via get_orders_by_trade_id.
2026-03-04 15:13:53 [INFO] Found 0 filled orders for ny040326150700b in DB via get_orders_by_trade_id.
2026-03-04 15:13:53 [WARNING] No trade orders found for ny040326150700b to build snapshot.
2026-03-04 15:13:53 [WARNING] Position reconstruction for ny040326150700b yielded no positions. Falling back to main two legs for greeks.
2026-03-04 15:13:53 [INFO] Received and updated option chain for SENSEX via WebSocket.
2026-03-04 15:13:54 [INFO] ⚠️ Using derived lot_size 65 for ny040326150700b snapshot (DB value missing/invalid).
2026-03-04 15:13:54 [INFO] 🔍 Found 0 orders in DB for trade ny040326150700b via get_orders_by_trade_id.
2026-03-04 15:13:54 [INFO] Found 0 filled orders for ny040326150700b in DB via get_orders_by_trade_id.
2026-03-04 15:13:54 [WARNING] No trade orders found for ny040326150700b to build snapshot.
2026-03-04 15:13:54 [WARNING] Position reconstruction for ny040326150700b yielded no positions. Falling back to main two legs for greeks.
2026-03-04 15:13:54 [INFO] ⚠️ Using derived lot_size 65 for ny040326150700b snapshot (DB value missing/invalid).
2026-03-04 15:13:54 [INFO] 🔍 Found 0 orders in DB for trade ny040326150700b via get_orders_by_trade_id.
2026-03-04 15:13:54 [INFO] Found 0 filled orders for ny040326150700b in DB via get_orders_by_trade_id.
2026-03-04 15:13:54 [WARNING] No trade orders found for ny040326150700b to build snapshot.
2026-03-04 15:13:54 [WARNING] Position reconstruction for ny040326150700b yielded no positions. Falling back to main two legs for greeks.
2026-03-04 15:13:55 [INFO] ⚠️ Using derived lot_size 65 for ny040326150700b snapshot (DB value missing/invalid).
2026-03-04 15:13:55 [INFO] 🔍 Found 0 orders in DB for trade ny040326150700b via get_orders_by_trade_id.
2026-03-04 15:13:55 [INFO] Found 0 filled orders for ny040326150700b in DB via get_orders_by_trade_id.
2026-03-04 15:13:55 [WARNING] No trade orders found for ny040326150700b to build snapshot.
2026-03-04 15:13:55 [WARNING] Position reconstruction for ny040326150700b yielded no positions. Falling back to main two legs for greeks.
2026-03-04 15:13:55 [INFO] ⚠️ Using derived lot_size 65 for ny040326150700b snapshot (DB value missing/invalid).
2026-03-04 15:13:55 [INFO] 🔍 Found 0 orders in DB for trade ny040326150700b via get_orders_by_trade_id.
2026-03-04 15:13:55 [INFO] Found 0 filled orders for ny040326150700b in DB via get_orders_by_trade_id.
2026-03-04 15:13:55 [WARNING] No trade orders found for ny040326150700b to build snapshot.
2026-03-04 15:13:55 [WARNING] Position reconstruction for ny040326150700b yielded no positions. Falling back to main two legs for greeks.
2026-03-04 15:13:56 [INFO] ⚠️ Using derived lot_size 65 for ny040326150700b snapshot (DB value missing/invalid).
2026-03-04 15:13:56 [INFO] 🔍 Found 0 orders in DB for trade ny040326150700b via get_orders_by_trade_id.
2026-03-04 15:13:56 [INFO] Found 0 filled orders for ny040326150700b in DB via get_orders_by_trade_id.
2026-03-04 15:13:56 [WARNING] No trade orders found for ny040326150700b to build snapshot.
2026-03-04 15:13:56 [WARNING] Position reconstruction for ny040326150700b yielded no positions. Falling back to main two legs for greeks.
2026-03-04 15:13:57 [INFO] ⚠️ Using derived lot_size 65 for ny040326150700b snapshot (DB value missing/invalid).
2026-03-04 15:13:57 [INFO] 🔍 Found 0 orders in DB for trade ny040326150700b via get_orders_by_trade_id.
2026-03-04 15:13:57 [INFO] Found 0 filled orders for ny040326150700b in DB via get_orders_by_trade_id.
2026-03-04 15:13:57 [WARNING] No trade orders found for ny040326150700b to build snapshot.
2026-03-04 15:13:57 [WARNING] Position reconstruction for ny040326150700b yielded no positions. Falling back to main two legs for greeks.
2026-03-04 15:13:57 [INFO] ⚠️ Using derived lot_size 65 for ny040326150700b snapshot (DB value missing/invalid).
2026-03-04 15:13:57 [INFO] 🔍 Found 0 orders in DB for trade ny040326150700b via get_orders_by_trade_id.
2026-03-04 15:13:57 [INFO] Found 0 filled orders for ny040326150700b in DB via get_orders_by_trade_id.
2026-03-04 15:13:57 [WARNING] No trade orders found for ny040326150700b to build snapshot.
2026-03-04 15:13:57 [WARNING] Position reconstruction for ny040326150700b yielded no positions. Falling back to main two legs for greeks.
2026-03-04 15:13:58 [INFO] ⚠️ Using derived lot_size 65 for ny040326150700b snapshot (DB value missing/invalid).
2026-03-04 15:13:58 [INFO] 🔍 Found 0 orders in DB for trade ny040326150700b via get_orders_by_trade_id.
2026-03-04 15:13:58 [INFO] Found 0 filled orders for ny040326150700b in DB via get_orders_by_trade_id.
2026-03-04 15:13:58 [WARNING] No trade orders found for ny040326150700b to build snapshot.
2026-03-04 15:13:58 [WARNING] Position reconstruction for ny040326150700b yielded no positions. Falling back to main two legs for greeks.
2026-03-04 15:13:58 [INFO] ⚠️ Using derived lot_size 65 for ny040326150700b snapshot (DB value missing/invalid).
2026-03-04 15:13:58 [INFO] 🔍 Found 0 orders in DB for trade ny040326150700b via get_orders_by_trade_id.
2026-03-04 15:13:58 [INFO] Found 0 filled orders for ny040326150700b in DB via get_orders_by_trade_id.
2026-03-04 15:13:58 [WARNING] No trade orders found for ny040326150700b to build snapshot.
2026-03-04 15:13:58 [WARNING] Position reconstruction for ny040326150700b yielded no positions. Falling back to main two legs for greeks.
2026-03-04 15:13:59 [INFO] ⚠️ Using derived lot_size 65 for ny040326150700b snapshot (DB value missing/invalid).
2026-03-04 15:13:59 [INFO] 🔍 Found 0 orders in DB for trade ny040326150700b via get_orders_by_trade_id.
2026-03-04 15:13:59 [INFO] Found 0 filled orders for ny040326150700b in DB via get_orders_by_trade_id.
2026-03-04 15:13:59 [WARNING] No trade orders found for ny040326150700b to build snapshot.
2026-03-04 15:13:59 [WARNING] Position reconstruction for ny040326150700b yielded no positions. Falling back to main two legs for greeks.
2026-03-04 15:13:59 [INFO] ⚠️ Using derived lot_size 65 for ny040326150700b snapshot (DB value missing/invalid).
2026-03-04 15:13:59 [INFO] 🔍 Found 0 orders in DB for trade ny040326150700b via get_orders_by_trade_id.
2026-03-04 15:13:59 [INFO] Found 0 filled orders for ny040326150700b in DB via get_orders_by_trade_id.
2026-03-04 15:13:59 [WARNING] No trade orders found for ny040326150700b to build snapshot.
2026-03-04 15:13:59 [WARNING] Position reconstruction for ny040326150700b yielded no positions. Falling back to main two legs for greeks.
2026-03-04 15:14:00 [INFO] ⚠️ Using derived lot_size 65 for ny040326150700b snapshot (DB value missing/invalid).
2026-03-04 15:14:00 [INFO] 🔍 Found 0 orders in DB for trade ny040326150700b via get_orders_by_trade_id.
2026-03-04 15:14:00 [INFO] Found 0 filled orders for ny040326150700b in DB via get_orders_by_trade_id.
2026-03-04 15:14:00 [WARNING] No trade orders found for ny040326150700b to build snapshot.
2026-03-04 15:14:00 [WARNING] Position reconstruction for ny040326150700b yielded no positions. Falling back to main two legs for greeks.
2026-03-04 15:14:00 [INFO] ⚠️ Using derived lot_size 65 for ny040326150700b snapshot (DB value missing/invalid).
2026-03-04 15:14:00 [INFO] 🔍 Found 0 orders in DB for trade ny040326150700b via get_orders_by_trade_id.
2026-03-04 15:14:00 [INFO] Found 0 filled orders for ny040326150700b in DB via get_orders_by_trade_id.
2026-03-04 15:14:00 [WARNING] No trade orders found for ny040326150700b to build snapshot.
2026-03-04 15:14:00 [WARNING] Position reconstruction for ny040326150700b yielded no positions. Falling back to main two legs for greeks.
2026-03-04 15:14:01 [INFO] ⚠️ Using derived lot_size 65 for ny040326150700b snapshot (DB value missing/invalid).
2026-03-04 15:14:01 [INFO] 🔍 Found 0 orders in DB for trade ny040326150700b via get_orders_by_trade_id.
2026-03-04 15:14:01 [INFO] Found 0 filled orders for ny040326150700b in DB via get_orders_by_trade_id.
2026-03-04 15:14:01 [WARNING] No trade orders found for ny040326150700b to build snapshot.
2026-03-04 15:14:01 [WARNING] Position reconstruction for ny040326150700b yielded no positions. Falling back to main two legs for greeks.
2026-03-04 15:14:01 [INFO] ⚠️ Using derived lot_size 65 for ny040326150700b snapshot (DB value missing/invalid).
2026-03-04 15:14:01 [INFO] 🔍 Found 0 orders in DB for trade ny040326150700b via get_orders_by_trade_id.
2026-03-04 15:14:01 [INFO] Found 0 filled orders for ny040326150700b in DB via get_orders_by_trade_id.
2026-03-04 15:14:01 [WARNING] No trade orders found for ny040326150700b to build snapshot.
2026-03-04 15:14:01 [WARNING] Position reconstruction for ny040326150700b yielded no positions. Falling back to main two legs for greeks.
2026-03-04 15:14:02 [INFO] ⚠️ Using derived lot_size 65 for ny040326150700b snapshot (DB value missing/invalid).
2026-03-04 15:14:02 [INFO] 🔍 Found 0 orders in DB for trade ny040326150700b via get_orders_by_trade_id.
2026-03-04 15:14:02 [INFO] Found 0 filled orders for ny040326150700b in DB via get_orders_by_trade_id.
2026-03-04 15:14:02 [WARNING] No trade orders found for ny040326150700b to build snapshot.
2026-03-04 15:14:02 [WARNING] Position reconstruction for ny040326150700b yielded no positions. Falling back to main two legs for greeks.
2026-03-04 15:14:03 [INFO] ⚠️ Using derived lot_size 65 for ny040326150700b snapshot (DB value missing/invalid).
2026-03-04 15:14:03 [INFO] 🔍 Found 0 orders in DB for trade ny040326150700b via get_orders_by_trade_id.
2026-03-04 15:14:03 [INFO] Found 0 filled orders for ny040326150700b in DB via get_orders_by_trade_id.
2026-03-04 15:14:03 [WARNING] No trade orders found for ny040326150700b to build snapshot.
2026-03-04 15:14:03 [WARNING] Position reconstruction for ny040326150700b yielded no positions. Falling back to main two legs for greeks.
2026-03-04 15:14:03 [INFO] ⚠️ Using derived lot_size 65 for ny040326150700b snapshot (DB value missing/invalid).
2026-03-04 15:14:03 [INFO] 🔍 Found 0 orders in DB for trade ny040326150700b via get_orders_by_trade_id.
2026-03-04 15:14:03 [INFO] Found 0 filled orders for ny040326150700b in DB via get_orders_by_trade_id.
2026-03-04 15:14:03 [WARNING] No trade orders found for ny040326150700b to build snapshot.
2026-03-04 15:14:03 [WARNING] Position reconstruction for ny040326150700b yielded no positions. Falling back to main two legs for greeks.
2026-03-04 15:14:04 [INFO] ⚠️ Using derived lot_size 65 for ny040326150700b snapshot (DB value missing/invalid).
2026-03-04 15:14:04 [INFO] 🔍 Found 0 orders in DB for trade ny040326150700b via get_orders_by_trade_id.
2026-03-04 15:14:04 [INFO] Found 0 filled orders for ny040326150700b in DB via get_orders_by_trade_id.
2026-03-04 15:14:04 [WARNING] No trade orders found for ny040326150700b to build snapshot.
2026-03-04 15:14:04 [WARNING] Position reconstruction for ny040326150700b yielded no positions. Falling back to main two legs for greeks.
2026-03-04 15:14:04 [INFO] ⚠️ Using derived lot_size 65 for ny040326150700b snapshot (DB value missing/invalid).
2026-03-04 15:14:04 [INFO] 🔍 Found 0 orders in DB for trade ny040326150700b via get_orders_by_trade_id.
2026-03-04 15:14:04 [INFO] Found 0 filled orders for ny040326150700b in DB via get_orders_by_trade_id.
2026-03-04 15:14:04 [WARNING] No trade orders found for ny040326150700b to build snapshot.
2026-03-04 15:14:04 [WARNING] Position reconstruction for ny040326150700b yielded no positions. Falling back to main two legs for greeks.
2026-03-04 15:14:05 [INFO] ⚠️ Using derived lot_size 65 for ny040326150700b snapshot (DB value missing/invalid).
2026-03-04 15:14:05 [INFO] 🔍 Found 0 orders in DB for trade ny040326150700b via get_orders_by_trade_id.
2026-03-04 15:14:05 [INFO] Found 0 filled orders for ny040326150700b in DB via get_orders_by_trade_id.
2026-03-04 15:14:05 [WARNING] No trade orders found for ny040326150700b to build snapshot.
2026-03-04 15:14:05 [WARNING] Position reconstruction for ny040326150700b yielded no positions. Falling back to main two legs for greeks.
2026-03-04 15:14:05 [INFO] ⚠️ Using derived lot_size 65 for ny040326150700b snapshot (DB value missing/invalid).
2026-03-04 15:14:05 [INFO] 🔍 Found 0 orders in DB for trade ny040326150700b via get_orders_by_trade_id.
2026-03-04 15:14:05 [INFO] Found 0 filled orders for ny040326150700b in DB via get_orders_by_trade_id.
2026-03-04 15:14:05 [WARNING] No trade orders found for ny040326150700b to build snapshot.
2026-03-04 15:14:05 [WARNING] Position reconstruction for ny040326150700b yielded no positions. Falling back to main two legs for greeks.
2026-03-04 15:14:06 [INFO] ⚠️ Using derived lot_size 65 for ny040326150700b snapshot (DB value missing/invalid).
2026-03-04 15:14:06 [INFO] 🔍 Found 0 orders in DB for trade ny040326150700b via get_orders_by_trade_id.
2026-03-04 15:14:06 [INFO] Found 0 filled orders for ny040326150700b in DB via get_orders_by_trade_id.
2026-03-04 15:14:06 [WARNING] No trade orders found for ny040326150700b to build snapshot.
2026-03-04 15:14:06 [WARNING] Position reconstruction for ny040326150700b yielded no positions. Falling back to main two legs for greeks.
2026-03-04 15:14:06 [INFO] ⚠️ Using derived lot_size 65 for ny040326150700b snapshot (DB value missing/invalid).
2026-03-04 15:14:06 [INFO] 🔍 Found 0 orders in DB for trade ny040326150700b via get_orders_by_trade_id.
2026-03-04 15:14:06 [INFO] Found 0 filled orders for ny040326150700b in DB via get_orders_by_trade_id.
2026-03-04 15:14:06 [WARNING] No trade orders found for ny040326150700b to build snapshot.
2026-03-04 15:14:06 [WARNING] Position reconstruction for ny040326150700b yielded no positions. Falling back to main two legs for greeks.
2026-03-04 15:14:07 [INFO] Received and updated option chain for NIFTY via WebSocket.
2026-03-04 15:14:07 [INFO] ⚠️ Using derived lot_size 65 for ny040326150700b snapshot (DB value missing/invalid).
2026-03-04 15:14:07 [INFO] 🔍 Found 0 orders in DB for trade ny040326150700b via get_orders_by_trade_id.
2026-03-04 15:14:07 [INFO] Found 0 filled orders for ny040326150700b in DB via get_orders_by_trade_id.
2026-03-04 15:14:07 [WARNING] No trade orders found for ny040326150700b to build snapshot.
2026-03-04 15:14:07 [WARNING] Position reconstruction for ny040326150700b yielded no positions. Falling back to main two legs for greeks.
2026-03-04 15:14:07 [INFO] ⚠️ Using derived lot_size 65 for ny040326150700b snapshot (DB value missing/invalid).
2026-03-04 15:14:07 [INFO] 🔍 Found 0 orders in DB for trade ny040326150700b via get_orders_by_trade_id.
2026-03-04 15:14:07 [INFO] Found 0 filled orders for ny040326150700b in DB via get_orders_by_trade_id.
2026-03-04 15:14:07 [WARNING] No trade orders found for ny040326150700b to build snapshot.
2026-03-04 15:14:07 [WARNING] Position reconstruction for ny040326150700b yielded no positions. Falling back to main two legs for greeks.
2026-03-04 15:14:08 [INFO] ⚠️ Using derived lot_size 65 for ny040326150700b snapshot (DB value missing/invalid).
2026-03-04 15:14:08 [INFO] 🔍 Found 0 orders in DB for trade ny040326150700b via get_orders_by_trade_id.
2026-03-04 15:14:08 [INFO] Found 0 filled orders for ny040326150700b in DB via get_orders_by_trade_id.
2026-03-04 15:14:08 [WARNING] No trade orders found for ny040326150700b to build snapshot.
2026-03-04 15:14:08 [WARNING] Position reconstruction for ny040326150700b yielded no positions. Falling back to main two legs for greeks.
2026-03-04 15:14:09 [INFO] ⚠️ Using derived lot_size 65 for ny040326150700b snapshot (DB value missing/invalid).
2026-03-04 15:14:09 [INFO] 🔍 Found 0 orders in DB for trade ny040326150700b via get_orders_by_trade_id.
2026-03-04 15:14:09 [INFO] Found 0 filled orders for ny040326150700b in DB via get_orders_by_trade_id.
2026-03-04 15:14:09 [WARNING] No trade orders found for ny040326150700b to build snapshot.
2026-03-04 15:14:09 [WARNING] Position reconstruction for ny040326150700b yielded no positions. Falling back to main two legs for greeks.
2026-03-04 15:14:09 [INFO] ⚠️ Using derived lot_size 65 for ny040326150700b snapshot (DB value missing/invalid).
2026-03-04 15:14:09 [INFO] 🔍 Found 0 orders in DB for trade ny040326150700b via get_orders_by_trade_id.
2026-03-04 15:14:09 [INFO] Found 0 filled orders for ny040326150700b in DB via get_orders_by_trade_id.
2026-03-04 15:14:09 [WARNING] No trade orders found for ny040326150700b to build snapshot.
2026-03-04 15:14:09 [WARNING] Position reconstruction for ny040326150700b yielded no positions. Falling back to main two legs for greeks.
2026-03-04 15:14:09 [INFO] Received and updated option chain for SENSEX via WebSocket.
2026-03-04 15:14:10 [INFO] ⚠️ Using derived lot_size 65 for ny040326150700b snapshot (DB value missing/invalid).
2026-03-04 15:14:10 [INFO] 🔍 Found 0 orders in DB for trade ny040326150700b via get_orders_by_trade_id.
2026-03-04 15:14:10 [INFO] Found 0 filled orders for ny040326150700b in DB via get_orders_by_trade_id.
2026-03-04 15:14:10 [WARNING] No trade orders found for ny040326150700b to build snapshot.
2026-03-04 15:14:10 [WARNING] Position reconstruction for ny040326150700b yielded no positions. Falling back to main two legs for greeks.
2026-03-04 15:14:10 [INFO] ⚠️ Using derived lot_size 65 for ny040326150700b snapshot (DB value missing/invalid).
2026-03-04 15:14:10 [INFO] 🔍 Found 0 orders in DB for trade ny040326150700b via get_orders_by_trade_id.
2026-03-04 15:14:10 [INFO] Found 0 filled orders for ny040326150700b in DB via get_orders_by_trade_id.
2026-03-04 15:14:10 [WARNING] No trade orders found for ny040326150700b to build snapshot.
2026-03-04 15:14:10 [WARNING] Position reconstruction for ny040326150700b yielded no positions. Falling back to main two legs for greeks.
2026-03-04 15:14:11 [INFO] ⚠️ Using derived lot_size 65 for ny040326150700b snapshot (DB value missing/invalid).
2026-03-04 15:14:11 [INFO] 🔍 Found 0 orders in DB for trade ny040326150700b via get_orders_by_trade_id.
2026-03-04 15:14:11 [INFO] Found 0 filled orders for ny040326150700b in DB via get_orders_by_trade_id.
2026-03-04 15:14:11 [WARNING] No trade orders found for ny040326150700b to build snapshot.
2026-03-04 15:14:11 [WARNING] Position reconstruction for ny040326150700b yielded no positions. Falling back to main two legs for greeks.
2026-03-04 15:14:11 [INFO] ⚠️ Using derived lot_size 65 for ny040326150700b snapshot (DB value missing/invalid).
2026-03-04 15:14:11 [INFO] 🔍 Found 0 orders in DB for trade ny040326150700b via get_orders_by_trade_id.
2026-03-04 15:14:11 [INFO] Found 0 filled orders for ny040326150700b in DB via get_orders_by_trade_id.
2026-03-04 15:14:11 [WARNING] No trade orders found for ny040326150700b to build snapshot.
2026-03-04 15:14:11 [WARNING] Position reconstruction for ny040326150700b yielded no positions. Falling back to main two legs for greeks.
2026-03-04 15:14:12 [INFO] ⚠️ Using derived lot_size 65 for ny040326150700b snapshot (DB value missing/invalid).
2026-03-04 15:14:12 [INFO] 🔍 Found 0 orders in DB for trade ny040326150700b via get_orders_by_trade_id.
2026-03-04 15:14:12 [INFO] Found 0 filled orders for ny040326150700b in DB via get_orders_by_trade_id.
2026-03-04 15:14:12 [WARNING] No trade orders found for ny040326150700b to build snapshot.
2026-03-04 15:14:12 [WARNING] Position reconstruction for ny040326150700b yielded no positions. Falling back to main two legs for greeks.
2026-03-04 15:14:12 [INFO] ⚠️ Using derived lot_size 65 for ny040326150700b snapshot (DB value missing/invalid).
2026-03-04 15:14:12 [INFO] 🔍 Found 0 orders in DB for trade ny040326150700b via get_orders_by_trade_id.
2026-03-04 15:14:12 [INFO] Found 0 filled orders for ny040326150700b in DB via get_orders_by_trade_id.
2026-03-04 15:14:12 [WARNING] No trade orders found for ny040326150700b to build snapshot.
2026-03-04 15:14:12 [WARNING] Position reconstruction for ny040326150700b yielded no positions. Falling back to main two legs for greeks.
2026-03-04 15:14:13 [INFO] ⚠️ Using derived lot_size 65 for ny040326150700b snapshot (DB value missing/invalid).
2026-03-04 15:14:13 [INFO] 🔍 Found 0 orders in DB for trade ny040326150700b via get_orders_by_trade_id.
2026-03-04 15:14:13 [INFO] Found 0 filled orders for ny040326150700b in DB via get_orders_by_trade_id.
2026-03-04 15:14:13 [WARNING] No trade orders found for ny040326150700b to build snapshot.
2026-03-04 15:14:13 [WARNING] Position reconstruction for ny040326150700b yielded no positions. Falling back to main two legs for greeks.
2026-03-04 15:14:13 [INFO] ⚠️ Using derived lot_size 65 for ny040326150700b snapshot (DB value missing/invalid).
2026-03-04 15:14:13 [INFO] 🔍 Found 0 orders in DB for trade ny040326150700b via get_orders_by_trade_id.
2026-03-04 15:14:13 [INFO] Found 0 filled orders for ny040326150700b in DB via get_orders_by_trade_id.
2026-03-04 15:14:13 [WARNING] No trade orders found for ny040326150700b to build snapshot.
2026-03-04 15:14:13 [WARNING] Position reconstruction for ny040326150700b yielded no positions. Falling back to main two legs for greeks.
2026-03-04 15:14:14 [INFO] ⚠️ Using derived lot_size 65 for ny040326150700b snapshot (DB value missing/invalid).
2026-03-04 15:14:14 [INFO] 🔍 Found 0 orders in DB for trade ny040326150700b via get_orders_by_trade_id.
2026-03-04 15:14:14 [INFO] Found 0 filled orders for ny040326150700b in DB via get_orders_by_trade_id.
2026-03-04 15:14:14 [WARNING] No trade orders found for ny040326150700b to build snapshot.
2026-03-04 15:14:14 [WARNING] Position reconstruction for ny040326150700b yielded no positions. Falling back to main two legs for greeks.
2026-03-04 15:14:15 [INFO] ⚠️ Using derived lot_size 65 for ny040326150700b snapshot (DB value missing/invalid).
2026-03-04 15:14:15 [INFO] 🔍 Found 0 orders in DB for trade ny040326150700b via get_orders_by_trade_id.
2026-03-04 15:14:15 [INFO] Found 0 filled orders for ny040326150700b in DB via get_orders_by_trade_id.
2026-03-04 15:14:15 [WARNING] No trade orders found for ny040326150700b to build snapshot.
2026-03-04 15:14:15 [WARNING] Position reconstruction for ny040326150700b yielded no positions. Falling back to main two legs for greeks.
2026-03-04 15:14:15 [INFO] ⚠️ Using derived lot_size 65 for ny040326150700b snapshot (DB value missing/invalid).
2026-03-04 15:14:15 [INFO] 🔍 Found 0 orders in DB for trade ny040326150700b via get_orders_by_trade_id.
2026-03-04 15:14:15 [INFO] Found 0 filled orders for ny040326150700b in DB via get_orders_by_trade_id.
2026-03-04 15:14:15 [WARNING] No trade orders found for ny040326150700b to build snapshot.
2026-03-04 15:14:15 [WARNING] Position reconstruction for ny040326150700b yielded no positions. Falling back to main two legs for greeks.
2026-03-04 15:14:16 [INFO] ⚠️ Using derived lot_size 65 for ny040326150700b snapshot (DB value missing/invalid).
2026-03-04 15:14:16 [INFO] 🔍 Found 0 orders in DB for trade ny040326150700b via get_orders_by_trade_id.
2026-03-04 15:14:16 [INFO] Found 0 filled orders for ny040326150700b in DB via get_orders_by_trade_id.
2026-03-04 15:14:16 [WARNING] No trade orders found for ny040326150700b to build snapshot.
2026-03-04 15:14:16 [WARNING] Position reconstruction for ny040326150700b yielded no positions. Falling back to main two legs for greeks.
2026-03-04 15:14:16 [INFO] ⚠️ Using derived lot_size 65 for ny040326150700b snapshot (DB value missing/invalid).
2026-03-04 15:14:16 [INFO] 🔍 Found 0 orders in DB for trade ny040326150700b via get_orders_by_trade_id.
2026-03-04 15:14:16 [INFO] Found 0 filled orders for ny040326150700b in DB via get_orders_by_trade_id.
2026-03-04 15:14:16 [WARNING] No trade orders found for ny040326150700b to build snapshot.
2026-03-04 15:14:16 [WARNING] Position reconstruction for ny040326150700b yielded no positions. Falling back to main two legs for greeks.
2026-03-04 15:14:17 [INFO] ⚠️ Using derived lot_size 65 for ny040326150700b snapshot (DB value missing/invalid).
2026-03-04 15:14:17 [INFO] 🔍 Found 0 orders in DB for trade ny040326150700b via get_orders_by_trade_id.
2026-03-04 15:14:17 [INFO] Found 0 filled orders for ny040326150700b in DB via get_orders_by_trade_id.
2026-03-04 15:14:17 [WARNING] No trade orders found for ny040326150700b to build snapshot.
2026-03-04 15:14:17 [WARNING] Position reconstruction for ny040326150700b yielded no positions. Falling back to main two legs for greeks.
2026-03-04 15:14:17 [INFO] ⚠️ Using derived lot_size 65 for ny040326150700b snapshot (DB value missing/invalid).
2026-03-04 15:14:17 [INFO] 🔍 Found 0 orders in DB for trade ny040326150700b via get_orders_by_trade_id.
2026-03-04 15:14:17 [INFO] Found 0 filled orders for ny040326150700b in DB via get_orders_by_trade_id.
2026-03-04 15:14:17 [WARNING] No trade orders found for ny040326150700b to build snapshot.
2026-03-04 15:14:17 [WARNING] Position reconstruction for ny040326150700b yielded no positions. Falling back to main two legs for greeks.
2026-03-04 15:14:18 [INFO] ⚠️ Using derived lot_size 65 for ny040326150700b snapshot (DB value missing/invalid).
2026-03-04 15:14:18 [INFO] 🔍 Found 0 orders in DB for trade ny040326150700b via get_orders_by_trade_id.
2026-03-04 15:14:18 [INFO] Found 0 filled orders for ny040326150700b in DB via get_orders_by_trade_id.
2026-03-04 15:14:18 [WARNING] No trade orders found for ny040326150700b to build snapshot.
2026-03-04 15:14:18 [WARNING] Position reconstruction for ny040326150700b yielded no positions. Falling back to main two legs for greeks.
2026-03-04 15:14:18 [INFO] ⚠️ Using derived lot_size 65 for ny040326150700b snapshot (DB value missing/invalid).
2026-03-04 15:14:18 [INFO] 🔍 Found 0 orders in DB for trade ny040326150700b via get_orders_by_trade_id.
2026-03-04 15:14:18 [INFO] Found 0 filled orders for ny040326150700b in DB via get_orders_by_trade_id.
2026-03-04 15:14:18 [WARNING] No trade orders found for ny040326150700b to build snapshot.
2026-03-04 15:14:18 [WARNING] Position reconstruction for ny040326150700b yielded no positions. Falling back to main two legs for greeks.
2026-03-04 15:14:19 [INFO] ⚠️ Using derived lot_size 65 for ny040326150700b snapshot (DB value missing/invalid).
2026-03-04 15:14:19 [INFO] 🔍 Found 0 orders in DB for trade ny040326150700b via get_orders_by_trade_id.
2026-03-04 15:14:19 [INFO] Found 0 filled orders for ny040326150700b in DB via get_orders_by_trade_id.
2026-03-04 15:14:19 [WARNING] No trade orders found for ny040326150700b to build snapshot.
2026-03-04 15:14:19 [WARNING] Position reconstruction for ny040326150700b yielded no positions. Falling back to main two legs for greeks.
2026-03-04 15:14:20 [INFO] ⚠️ Using derived lot_size 65 for ny040326150700b snapshot (DB value missing/invalid).
2026-03-04 15:14:20 [INFO] 🔍 Found 0 orders in DB for trade ny040326150700b via get_orders_by_trade_id.
2026-03-04 15:14:20 [INFO] Found 0 filled orders for ny040326150700b in DB via get_orders_by_trade_id.
2026-03-04 15:14:20 [WARNING] No trade orders found for ny040326150700b to build snapshot.
2026-03-04 15:14:20 [WARNING] Position reconstruction for ny040326150700b yielded no positions. Falling back to main two legs for greeks.
2026-03-04 15:14:20 [INFO] ⚠️ Using derived lot_size 65 for ny040326150700b snapshot (DB value missing/invalid).
2026-03-04 15:14:20 [INFO] 🔍 Found 0 orders in DB for trade ny040326150700b via get_orders_by_trade_id.
2026-03-04 15:14:20 [INFO] Found 0 filled orders for ny040326150700b in DB via get_orders_by_trade_id.
2026-03-04 15:14:20 [WARNING] No trade orders found for ny040326150700b to build snapshot.
2026-03-04 15:14:20 [WARNING] Position reconstruction for ny040326150700b yielded no positions. Falling back to main two legs for greeks.
2026-03-04 15:14:21 [INFO] ⚠️ Using derived lot_size 65 for ny040326150700b snapshot (DB value missing/invalid).
2026-03-04 15:14:21 [INFO] 🔍 Found 0 orders in DB for trade ny040326150700b via get_orders_by_trade_id.
2026-03-04 15:14:21 [INFO] Found 0 filled orders for ny040326150700b in DB via get_orders_by_trade_id.
2026-03-04 15:14:21 [WARNING] No trade orders found for ny040326150700b to build snapshot.
2026-03-04 15:14:21 [WARNING] Position reconstruction for ny040326150700b yielded no positions. Falling back to main two legs for greeks.
2026-03-04 15:14:21 [INFO] ⚠️ Using derived lot_size 65 for ny040326150700b snapshot (DB value missing/invalid).
2026-03-04 15:14:21 [INFO] 🔍 Found 0 orders in DB for trade ny040326150700b via get_orders_by_trade_id.
2026-03-04 15:14:21 [INFO] Found 0 filled orders for ny040326150700b in DB via get_orders_by_trade_id.
2026-03-04 15:14:21 [WARNING] No trade orders found for ny040326150700b to build snapshot.
2026-03-04 15:14:21 [WARNING] Position reconstruction for ny040326150700b yielded no positions. Falling back to main two legs for greeks.
2026-03-04 15:14:22 [INFO] ⚠️ Using derived lot_size 65 for ny040326150700b snapshot (DB value missing/invalid).
2026-03-04 15:14:22 [INFO] 🔍 Found 0 orders in DB for trade ny040326150700b via get_orders_by_trade_id.
2026-03-04 15:14:22 [INFO] Found 0 filled orders for ny040326150700b in DB via get_orders_by_trade_id.
2026-03-04 15:14:22 [WARNING] No trade orders found for ny040326150700b to build snapshot.
2026-03-04 15:14:22 [WARNING] Position reconstruction for ny040326150700b yielded no positions. Falling back to main two legs for greeks.
2026-03-04 15:14:22 [INFO] ⚠️ Using derived lot_size 65 for ny040326150700b snapshot (DB value missing/invalid).
2026-03-04 15:14:22 [INFO] 🔍 Found 0 orders in DB for trade ny040326150700b via get_orders_by_trade_id.
2026-03-04 15:14:22 [INFO] Found 0 filled orders for ny040326150700b in DB via get_orders_by_trade_id.
2026-03-04 15:14:22 [WARNING] No trade orders found for ny040326150700b to build snapshot.
2026-03-04 15:14:22 [WARNING] Position reconstruction for ny040326150700b yielded no positions. Falling back to main two legs for greeks.
2026-03-04 15:14:22 [INFO] Received and updated option chain for NIFTY via WebSocket.
2026-03-04 15:14:23 [INFO] ⚠️ Using derived lot_size 65 for ny040326150700b snapshot (DB value missing/invalid).
2026-03-04 15:14:23 [INFO] 🔍 Found 0 orders in DB for trade ny040326150700b via get_orders_by_trade_id.
2026-03-04 15:14:23 [INFO] Found 0 filled orders for ny040326150700b in DB via get_orders_by_trade_id.
2026-03-04 15:14:23 [WARNING] No trade orders found for ny040326150700b to build snapshot.
2026-03-04 15:14:23 [WARNING] Position reconstruction for ny040326150700b yielded no positions. Falling back to main two legs for greeks.
2026-03-04 15:14:23 [INFO] ⚠️ Using derived lot_size 65 for ny040326150700b snapshot (DB value missing/invalid).
2026-03-04 15:14:23 [INFO] 🔍 Found 0 orders in DB for trade ny040326150700b via get_orders_by_trade_id.
2026-03-04 15:14:23 [INFO] Found 0 filled orders for ny040326150700b in DB via get_orders_by_trade_id.
2026-03-04 15:14:23 [WARNING] No trade orders found for ny040326150700b to build snapshot.
2026-03-04 15:14:23 [WARNING] Position reconstruction for ny040326150700b yielded no positions. Falling back to main two legs for greeks.
2026-03-04 15:14:24 [INFO] ⚠️ Using derived lot_size 65 for ny040326150700b snapshot (DB value missing/invalid).
2026-03-04 15:14:24 [INFO] 🔍 Found 0 orders in DB for trade ny040326150700b via get_orders_by_trade_id.
2026-03-04 15:14:24 [INFO] Found 0 filled orders for ny040326150700b in DB via get_orders_by_trade_id.
2026-03-04 15:14:24 [WARNING] No trade orders found for ny040326150700b to build snapshot.
2026-03-04 15:14:24 [WARNING] Position reconstruction for ny040326150700b yielded no positions. Falling back to main two legs for greeks.
2026-03-04 15:14:24 [INFO] ⚠️ Using derived lot_size 65 for ny040326150700b snapshot (DB value missing/invalid).
2026-03-04 15:14:24 [INFO] 🔍 Found 0 orders in DB for trade ny040326150700b via get_orders_by_trade_id.
2026-03-04 15:14:24 [INFO] Found 0 filled orders for ny040326150700b in DB via get_orders_by_trade_id.
2026-03-04 15:14:24 [WARNING] No trade orders found for ny040326150700b to build snapshot.
2026-03-04 15:14:24 [WARNING] Position reconstruction for ny040326150700b yielded no positions. Falling back to main two legs for greeks.
2026-03-04 15:14:25 [INFO] Received and updated option chain for SENSEX via WebSocket.
2026-03-04 15:14:25 [INFO] ⚠️ Using derived lot_size 65 for ny040326150700b snapshot (DB value missing/invalid).
2026-03-04 15:14:25 [INFO] 🔍 Found 0 orders in DB for trade ny040326150700b via get_orders_by_trade_id.
2026-03-04 15:14:25 [INFO] Found 0 filled orders for ny040326150700b in DB via get_orders_by_trade_id.
2026-03-04 15:14:25 [WARNING] No trade orders found for ny040326150700b to build snapshot.
2026-03-04 15:14:25 [WARNING] Position reconstruction for ny040326150700b yielded no positions. Falling back to main two legs for greeks.
2026-03-04 15:14:25 [INFO] ⚠️ Using derived lot_size 65 for ny040326150700b snapshot (DB value missing/invalid).
2026-03-04 15:14:25 [INFO] 🔍 Found 0 orders in DB for trade ny040326150700b via get_orders_by_trade_id.
2026-03-04 15:14:25 [INFO] Found 0 filled orders for ny040326150700b in DB via get_orders_by_trade_id.
2026-03-04 15:14:25 [WARNING] No trade orders found for ny040326150700b to build snapshot.
2026-03-04 15:14:25 [WARNING] Position reconstruction for ny040326150700b yielded no positions. Falling back to main two legs for greeks.
2026-03-04 15:14:26 [INFO] ⚠️ Using derived lot_size 65 for ny040326150700b snapshot (DB value missing/invalid).
2026-03-04 15:14:26 [INFO] 🔍 Found 0 orders in DB for trade ny040326150700b via get_orders_by_trade_id.
2026-03-04 15:14:26 [INFO] Found 0 filled orders for ny040326150700b in DB via get_orders_by_trade_id.
2026-03-04 15:14:26 [WARNING] No trade orders found for ny040326150700b to build snapshot.
2026-03-04 15:14:26 [WARNING] Position reconstruction for ny040326150700b yielded no positions. Falling back to main two legs for greeks.
2026-03-04 15:14:27 [INFO] ⚠️ Using derived lot_size 65 for ny040326150700b snapshot (DB value missing/invalid).
2026-03-04 15:14:27 [INFO] 🔍 Found 0 orders in DB for trade ny040326150700b via get_orders_by_trade_id.
2026-03-04 15:14:27 [INFO] Found 0 filled orders for ny040326150700b in DB via get_orders_by_trade_id.
2026-03-04 15:14:27 [WARNING] No trade orders found for ny040326150700b to build snapshot.
2026-03-04 15:14:27 [WARNING] Position reconstruction for ny040326150700b yielded no positions. Falling back to main two legs for greeks.
2026-03-04 15:14:27 [INFO] ⚠️ Using derived lot_size 65 for ny040326150700b snapshot (DB value missing/invalid).
2026-03-04 15:14:27 [INFO] 🔍 Found 0 orders in DB for trade ny040326150700b via get_orders_by_trade_id.
2026-03-04 15:14:27 [INFO] Found 0 filled orders for ny040326150700b in DB via get_orders_by_trade_id.
2026-03-04 15:14:27 [WARNING] No trade orders found for ny040326150700b to build snapshot.
2026-03-04 15:14:27 [WARNING] Position reconstruction for ny040326150700b yielded no positions. Falling back to main two legs for greeks.
2026-03-04 15:14:28 [INFO] ⚠️ Using derived lot_size 65 for ny040326150700b snapshot (DB value missing/invalid).
2026-03-04 15:14:28 [INFO] 🔍 Found 0 orders in DB for trade ny040326150700b via get_orders_by_trade_id.
2026-03-04 15:14:28 [INFO] Found 0 filled orders for ny040326150700b in DB via get_orders_by_trade_id.
2026-03-04 15:14:28 [WARNING] No trade orders found for ny040326150700b to build snapshot.
2026-03-04 15:14:28 [WARNING] Position reconstruction for ny040326150700b yielded no positions. Falling back to main two legs for greeks.
2026-03-04 15:14:28 [INFO] ⚠️ Using derived lot_size 65 for ny040326150700b snapshot (DB value missing/invalid).
2026-03-04 15:14:28 [INFO] 🔍 Found 0 orders in DB for trade ny040326150700b via get_orders_by_trade_id.
2026-03-04 15:14:28 [INFO] Found 0 filled orders for ny040326150700b in DB via get_orders_by_trade_id.
2026-03-04 15:14:28 [WARNING] No trade orders found for ny040326150700b to build snapshot.
2026-03-04 15:14:28 [WARNING] Position reconstruction for ny040326150700b yielded no positions. Falling back to main two legs for greeks.
2026-03-04 15:14:29 [INFO] ⚠️ Using derived lot_size 65 for ny040326150700b snapshot (DB value missing/invalid).
2026-03-04 15:14:29 [INFO] 🔍 Found 0 orders in DB for trade ny040326150700b via get_orders_by_trade_id.
2026-03-04 15:14:29 [INFO] Found 0 filled orders for ny040326150700b in DB via get_orders_by_trade_id.
2026-03-04 15:14:29 [WARNING] No trade orders found for ny040326150700b to build snapshot.
2026-03-04 15:14:29 [WARNING] Position reconstruction for ny040326150700b yielded no positions. Falling back to main two legs for greeks.
2026-03-04 15:14:29 [INFO] ⚠️ Using derived lot_size 65 for ny040326150700b snapshot (DB value missing/invalid).
2026-03-04 15:14:29 [INFO] 🔍 Found 0 orders in DB for trade ny040326150700b via get_orders_by_trade_id.
2026-03-04 15:14:29 [INFO] Found 0 filled orders for ny040326150700b in DB via get_orders_by_trade_id.
2026-03-04 15:14:29 [WARNING] No trade orders found for ny040326150700b to build snapshot.
2026-03-04 15:14:29 [WARNING] Position reconstruction for ny040326150700b yielded no positions. Falling back to main two legs for greeks.
2026-03-04 15:14:30 [INFO] ⚠️ Using derived lot_size 65 for ny040326150700b snapshot (DB value missing/invalid).
2026-03-04 15:14:30 [INFO] 🔍 Found 0 orders in DB for trade ny040326150700b via get_orders_by_trade_id.
2026-03-04 15:14:30 [INFO] Found 0 filled orders for ny040326150700b in DB via get_orders_by_trade_id.
2026-03-04 15:14:30 [WARNING] No trade orders found for ny040326150700b to build snapshot.
2026-03-04 15:14:30 [WARNING] Position reconstruction for ny040326150700b yielded no positions. Falling back to main two legs for greeks.
2026-03-04 15:14:30 [INFO] ⚠️ Using derived lot_size 65 for ny040326150700b snapshot (DB value missing/invalid).
2026-03-04 15:14:30 [INFO] 🔍 Found 0 orders in DB for trade ny040326150700b via get_orders_by_trade_id.
2026-03-04 15:14:30 [INFO] Found 0 filled orders for ny040326150700b in DB via get_orders_by_trade_id.
2026-03-04 15:14:30 [WARNING] No trade orders found for ny040326150700b to build snapshot.
2026-03-04 15:14:30 [WARNING] Position reconstruction for ny040326150700b yielded no positions. Falling back to main two legs for greeks.
2026-03-04 15:14:31 [INFO] ⚠️ Using derived lot_size 65 for ny040326150700b snapshot (DB value missing/invalid).
2026-03-04 15:14:31 [INFO] 🔍 Found 0 orders in DB for trade ny040326150700b via get_orders_by_trade_id.
2026-03-04 15:14:31 [INFO] Found 0 filled orders for ny040326150700b in DB via get_orders_by_trade_id.
2026-03-04 15:14:31 [WARNING] No trade orders found for ny040326150700b to build snapshot.
2026-03-04 15:14:31 [WARNING] Position reconstruction for ny040326150700b yielded no positions. Falling back to main two legs for greeks.
2026-03-04 15:14:31 [INFO] ⚠️ Using derived lot_size 65 for ny040326150700b snapshot (DB value missing/invalid).
2026-03-04 15:14:31 [INFO] 🔍 Found 0 orders in DB for trade ny040326150700b via get_orders_by_trade_id.
2026-03-04 15:14:31 [INFO] Found 0 filled orders for ny040326150700b in DB via get_orders_by_trade_id.
2026-03-04 15:14:31 [WARNING] No trade orders found for ny040326150700b to build snapshot.
2026-03-04 15:14:31 [WARNING] Position reconstruction for ny040326150700b yielded no positions. Falling back to main two legs for greeks.
2026-03-04 15:14:32 [INFO] ⚠️ Using derived lot_size 65 for ny040326150700b snapshot (DB value missing/invalid).
2026-03-04 15:14:32 [INFO] 🔍 Found 0 orders in DB for trade ny040326150700b via get_orders_by_trade_id.
2026-03-04 15:14:32 [INFO] Found 0 filled orders for ny040326150700b in DB via get_orders_by_trade_id.
2026-03-04 15:14:32 [WARNING] No trade orders found for ny040326150700b to build snapshot.
2026-03-04 15:14:32 [WARNING] Position reconstruction for ny040326150700b yielded no positions. Falling back to main two legs for greeks.
2026-03-04 15:14:33 [INFO] ⚠️ Using derived lot_size 65 for ny040326150700b snapshot (DB value missing/invalid).
2026-03-04 15:14:33 [INFO] 🔍 Found 0 orders in DB for trade ny040326150700b via get_orders_by_trade_id.
2026-03-04 15:14:33 [INFO] Found 0 filled orders for ny040326150700b in DB via get_orders_by_trade_id.
2026-03-04 15:14:33 [WARNING] No trade orders found for ny040326150700b to build snapshot.
2026-03-04 15:14:33 [WARNING] Position reconstruction for ny040326150700b yielded no positions. Falling back to main two legs for greeks.
2026-03-04 15:14:33 [INFO] ⚠️ Using derived lot_size 65 for ny040326150700b snapshot (DB value missing/invalid).
2026-03-04 15:14:33 [INFO] 🔍 Found 0 orders in DB for trade ny040326150700b via get_orders_by_trade_id.
2026-03-04 15:14:33 [INFO] Found 0 filled orders for ny040326150700b in DB via get_orders_by_trade_id.
2026-03-04 15:14:33 [WARNING] No trade orders found for ny040326150700b to build snapshot.
2026-03-04 15:14:33 [WARNING] Position reconstruction for ny040326150700b yielded no positions. Falling back to main two legs for greeks.
2026-03-04 15:14:34 [INFO] ⚠️ Using derived lot_size 65 for ny040326150700b snapshot (DB value missing/invalid).
2026-03-04 15:14:34 [INFO] 🔍 Found 0 orders in DB for trade ny040326150700b via get_orders_by_trade_id.
2026-03-04 15:14:34 [INFO] Found 0 filled orders for ny040326150700b in DB via get_orders_by_trade_id.
2026-03-04 15:14:34 [WARNING] No trade orders found for ny040326150700b to build snapshot.
2026-03-04 15:14:34 [WARNING] Position reconstruction for ny040326150700b yielded no positions. Falling back to main two legs for greeks.
2026-03-04 15:14:34 [INFO] ⚠️ Using derived lot_size 65 for ny040326150700b snapshot (DB value missing/invalid).
2026-03-04 15:14:34 [INFO] 🔍 Found 0 orders in DB for trade ny040326150700b via get_orders_by_trade_id.
2026-03-04 15:14:34 [INFO] Found 0 filled orders for ny040326150700b in DB via get_orders_by_trade_id.
2026-03-04 15:14:34 [WARNING] No trade orders found for ny040326150700b to build snapshot.
2026-03-04 15:14:34 [WARNING] Position reconstruction for ny040326150700b yielded no positions. Falling back to main two legs for greeks.
2026-03-04 15:14:35 [INFO] ⚠️ Using derived lot_size 65 for ny040326150700b snapshot (DB value missing/invalid).
2026-03-04 15:14:35 [INFO] 🔍 Found 0 orders in DB for trade ny040326150700b via get_orders_by_trade_id.
2026-03-04 15:14:35 [INFO] Found 0 filled orders for ny040326150700b in DB via get_orders_by_trade_id.
2026-03-04 15:14:35 [WARNING] No trade orders found for ny040326150700b to build snapshot.
2026-03-04 15:14:35 [WARNING] Position reconstruction for ny040326150700b yielded no positions. Falling back to main two legs for greeks.
2026-03-04 15:14:35 [INFO] ⚠️ Using derived lot_size 65 for ny040326150700b snapshot (DB value missing/invalid).
2026-03-04 15:14:35 [INFO] 🔍 Found 0 orders in DB for trade ny040326150700b via get_orders_by_trade_id.
2026-03-04 15:14:35 [INFO] Found 0 filled orders for ny040326150700b in DB via get_orders_by_trade_id.
2026-03-04 15:14:35 [WARNING] No trade orders found for ny040326150700b to build snapshot.
2026-03-04 15:14:35 [WARNING] Position reconstruction for ny040326150700b yielded no positions. Falling back to main two legs for greeks.
2026-03-04 15:14:36 [INFO] ⚠️ Using derived lot_size 65 for ny040326150700b snapshot (DB value missing/invalid).
2026-03-04 15:14:36 [INFO] 🔍 Found 0 orders in DB for trade ny040326150700b via get_orders_by_trade_id.
2026-03-04 15:14:36 [INFO] Found 0 filled orders for ny040326150700b in DB via get_orders_by_trade_id.
2026-03-04 15:14:36 [WARNING] No trade orders found for ny040326150700b to build snapshot.
2026-03-04 15:14:36 [WARNING] Position reconstruction for ny040326150700b yielded no positions. Falling back to main two legs for greeks.
2026-03-04 15:14:36 [INFO] ⚠️ Using derived lot_size 65 for ny040326150700b snapshot (DB value missing/invalid).
2026-03-04 15:14:36 [INFO] 🔍 Found 0 orders in DB for trade ny040326150700b via get_orders_by_trade_id.
2026-03-04 15:14:36 [INFO] Found 0 filled orders for ny040326150700b in DB via get_orders_by_trade_id.
2026-03-04 15:14:36 [WARNING] No trade orders found for ny040326150700b to build snapshot.
2026-03-04 15:14:36 [WARNING] Position reconstruction for ny040326150700b yielded no positions. Falling back to main two legs for greeks.
2026-03-04 15:14:37 [INFO] ⚠️ Using derived lot_size 65 for ny040326150700b snapshot (DB value missing/invalid).
2026-03-04 15:14:37 [INFO] 🔍 Found 0 orders in DB for trade ny040326150700b via get_orders_by_trade_id.
2026-03-04 15:14:37 [INFO] Found 0 filled orders for ny040326150700b in DB via get_orders_by_trade_id.
2026-03-04 15:14:37 [WARNING] No trade orders found for ny040326150700b to build snapshot.
2026-03-04 15:14:37 [WARNING] Position reconstruction for ny040326150700b yielded no positions. Falling back to main two legs for greeks.
2026-03-04 15:14:37 [INFO] ⚠️ Using derived lot_size 65 for ny040326150700b snapshot (DB value missing/invalid).
2026-03-04 15:14:37 [INFO] 🔍 Found 0 orders in DB for trade ny040326150700b via get_orders_by_trade_id.
2026-03-04 15:14:37 [INFO] Found 0 filled orders for ny040326150700b in DB via get_orders_by_trade_id.
2026-03-04 15:14:37 [WARNING] No trade orders found for ny040326150700b to build snapshot.
2026-03-04 15:14:37 [WARNING] Position reconstruction for ny040326150700b yielded no positions. Falling back to main two legs for greeks.
2026-03-04 15:14:38 [INFO] Received and updated option chain for NIFTY via WebSocket.
2026-03-04 15:14:38 [INFO] ⚠️ Using derived lot_size 65 for ny040326150700b snapshot (DB value missing/invalid).
2026-03-04 15:14:38 [INFO] 🔍 Found 0 orders in DB for trade ny040326150700b via get_orders_by_trade_id.
2026-03-04 15:14:38 [INFO] Found 0 filled orders for ny040326150700b in DB via get_orders_by_trade_id.
2026-03-04 15:14:38 [WARNING] No trade orders found for ny040326150700b to build snapshot.
2026-03-04 15:14:38 [WARNING] Position reconstruction for ny040326150700b yielded no positions. Falling back to main two legs for greeks.
2026-03-04 15:14:39 [INFO] ⚠️ Using derived lot_size 65 for ny040326150700b snapshot (DB value missing/invalid).
2026-03-04 15:14:39 [INFO] 🔍 Found 0 orders in DB for trade ny040326150700b via get_orders_by_trade_id.
2026-03-04 15:14:39 [INFO] Found 0 filled orders for ny040326150700b in DB via get_orders_by_trade_id.
2026-03-04 15:14:39 [WARNING] No trade orders found for ny040326150700b to build snapshot.
2026-03-04 15:14:39 [WARNING] Position reconstruction for ny040326150700b yielded no positions. Falling back to main two legs for greeks.
2026-03-04 15:14:39 [INFO] ⚠️ Using derived lot_size 65 for ny040326150700b snapshot (DB value missing/invalid).
2026-03-04 15:14:39 [INFO] 🔍 Found 0 orders in DB for trade ny040326150700b via get_orders_by_trade_id.
2026-03-04 15:14:39 [INFO] Found 0 filled orders for ny040326150700b in DB via get_orders_by_trade_id.
2026-03-04 15:14:39 [WARNING] No trade orders found for ny040326150700b to build snapshot.
2026-03-04 15:14:39 [WARNING] Position reconstruction for ny040326150700b yielded no positions. Falling back to main two legs for greeks.
2026-03-04 15:14:40 [INFO] ⚠️ Using derived lot_size 65 for ny040326150700b snapshot (DB value missing/invalid).
2026-03-04 15:14:40 [INFO] 🔍 Found 0 orders in DB for trade ny040326150700b via get_orders_by_trade_id.
2026-03-04 15:14:40 [INFO] Found 0 filled orders for ny040326150700b in DB via get_orders_by_trade_id.
2026-03-04 15:14:40 [WARNING] No trade orders found for ny040326150700b to build snapshot.
2026-03-04 15:14:40 [WARNING] Position reconstruction for ny040326150700b yielded no positions. Falling back to main two legs for greeks.
2026-03-04 15:14:40 [INFO] ⚠️ Using derived lot_size 65 for ny040326150700b snapshot (DB value missing/invalid).
2026-03-04 15:14:40 [INFO] 🔍 Found 0 orders in DB for trade ny040326150700b via get_orders_by_trade_id.
2026-03-04 15:14:40 [INFO] Found 0 filled orders for ny040326150700b in DB via get_orders_by_trade_id.
2026-03-04 15:14:40 [WARNING] No trade orders found for ny040326150700b to build snapshot.
2026-03-04 15:14:40 [WARNING] Position reconstruction for ny040326150700b yielded no positions. Falling back to main two legs for greeks.
2026-03-04 15:14:40 [INFO] Received and updated option chain for SENSEX via WebSocket.
2026-03-04 15:14:41 [INFO] ⚠️ Using derived lot_size 65 for ny040326150700b snapshot (DB value missing/invalid).
2026-03-04 15:14:41 [INFO] 🔍 Found 0 orders in DB for trade ny040326150700b via get_orders_by_trade_id.
2026-03-04 15:14:41 [INFO] Found 0 filled orders for ny040326150700b in DB via get_orders_by_trade_id.
2026-03-04 15:14:41 [WARNING] No trade orders found for ny040326150700b to build snapshot.
2026-03-04 15:14:41 [WARNING] Position reconstruction for ny040326150700b yielded no positions. Falling back to main two legs for greeks.
2026-03-04 15:14:41 [INFO] ⚠️ Using derived lot_size 65 for ny040326150700b snapshot (DB value missing/invalid).
2026-03-04 15:14:41 [INFO] 🔍 Found 0 orders in DB for trade ny040326150700b via get_orders_by_trade_id.
2026-03-04 15:14:41 [INFO] Found 0 filled orders for ny040326150700b in DB via get_orders_by_trade_id.
2026-03-04 15:14:41 [WARNING] No trade orders found for ny040326150700b to build snapshot.
2026-03-04 15:14:41 [WARNING] Position reconstruction for ny040326150700b yielded no positions. Falling back to main two legs for greeks.
2026-03-04 15:14:42 [INFO] ⚠️ Using derived lot_size 65 for ny040326150700b snapshot (DB value missing/invalid).
2026-03-04 15:14:42 [INFO] 🔍 Found 0 orders in DB for trade ny040326150700b via get_orders_by_trade_id.
2026-03-04 15:14:42 [INFO] Found 0 filled orders for ny040326150700b in DB via get_orders_by_trade_id.
2026-03-04 15:14:42 [WARNING] No trade orders found for ny040326150700b to build snapshot.
2026-03-04 15:14:42 [WARNING] Position reconstruction for ny040326150700b yielded no positions. Falling back to main two legs for greeks.
2026-03-04 15:14:42 [INFO] ⚠️ Using derived lot_size 65 for ny040326150700b snapshot (DB value missing/invalid).
2026-03-04 15:14:42 [INFO] 🔍 Found 0 orders in DB for trade ny040326150700b via get_orders_by_trade_id.
2026-03-04 15:14:42 [INFO] Found 0 filled orders for ny040326150700b in DB via get_orders_by_trade_id.
2026-03-04 15:14:42 [WARNING] No trade orders found for ny040326150700b to build snapshot.
2026-03-04 15:14:42 [WARNING] Position reconstruction for ny040326150700b yielded no positions. Falling back to main two legs for greeks.
2026-03-04 15:14:43 [INFO] ⚠️ Using derived lot_size 65 for ny040326150700b snapshot (DB value missing/invalid).
2026-03-04 15:14:43 [INFO] 🔍 Found 0 orders in DB for trade ny040326150700b via get_orders_by_trade_id.
2026-03-04 15:14:43 [INFO] Found 0 filled orders for ny040326150700b in DB via get_orders_by_trade_id.
2026-03-04 15:14:43 [WARNING] No trade orders found for ny040326150700b to build snapshot.
2026-03-04 15:14:43 [WARNING] Position reconstruction for ny040326150700b yielded no positions. Falling back to main two legs for greeks.
2026-03-04 15:14:43 [INFO] ⚠️ Using derived lot_size 65 for ny040326150700b snapshot (DB value missing/invalid).
2026-03-04 15:14:43 [INFO] 🔍 Found 0 orders in DB for trade ny040326150700b via get_orders_by_trade_id.
2026-03-04 15:14:43 [INFO] Found 0 filled orders for ny040326150700b in DB via get_orders_by_trade_id.
2026-03-04 15:14:43 [WARNING] No trade orders found for ny040326150700b to build snapshot.
2026-03-04 15:14:43 [WARNING] Position reconstruction for ny040326150700b yielded no positions. Falling back to main two legs for greeks.
2026-03-04 15:14:44 [INFO] ⚠️ Using derived lot_size 65 for ny040326150700b snapshot (DB value missing/invalid).
2026-03-04 15:14:44 [INFO] 🔍 Found 0 orders in DB for trade ny040326150700b via get_orders_by_trade_id.
2026-03-04 15:14:44 [INFO] Found 0 filled orders for ny040326150700b in DB via get_orders_by_trade_id.
2026-03-04 15:14:44 [WARNING] No trade orders found for ny040326150700b to build snapshot.
2026-03-04 15:14:44 [WARNING] Position reconstruction for ny040326150700b yielded no positions. Falling back to main two legs for greeks.
2026-03-04 15:14:44 [INFO] ⚠️ Using derived lot_size 65 for ny040326150700b snapshot (DB value missing/invalid).
2026-03-04 15:14:44 [INFO] 🔍 Found 0 orders in DB for trade ny040326150700b via get_orders_by_trade_id.
2026-03-04 15:14:44 [INFO] Found 0 filled orders for ny040326150700b in DB via get_orders_by_trade_id.
2026-03-04 15:14:44 [WARNING] No trade orders found for ny040326150700b to build snapshot.
2026-03-04 15:14:44 [WARNING] Position reconstruction for ny040326150700b yielded no positions. Falling back to main two legs for greeks.
2026-03-04 15:14:45 [INFO] ⚠️ Using derived lot_size 65 for ny040326150700b snapshot (DB value missing/invalid).
2026-03-04 15:14:45 [INFO] 🔍 Found 0 orders in DB for trade ny040326150700b via get_orders_by_trade_id.
2026-03-04 15:14:45 [INFO] Found 0 filled orders for ny040326150700b in DB via get_orders_by_trade_id.
2026-03-04 15:14:45 [WARNING] No trade orders found for ny040326150700b to build snapshot.
2026-03-04 15:14:45 [WARNING] Position reconstruction for ny040326150700b yielded no positions. Falling back to main two legs for greeks.
2026-03-04 15:14:46 [INFO] ⚠️ Using derived lot_size 65 for ny040326150700b snapshot (DB value missing/invalid).
2026-03-04 15:14:46 [INFO] 🔍 Found 0 orders in DB for trade ny040326150700b via get_orders_by_trade_id.
2026-03-04 15:14:46 [INFO] Found 0 filled orders for ny040326150700b in DB via get_orders_by_trade_id.
2026-03-04 15:14:46 [WARNING] No trade orders found for ny040326150700b to build snapshot.
2026-03-04 15:14:46 [WARNING] Position reconstruction for ny040326150700b yielded no positions. Falling back to main two legs for greeks.
2026-03-04 15:14:46 [INFO] ⚠️ Using derived lot_size 65 for ny040326150700b snapshot (DB value missing/invalid).
2026-03-04 15:14:46 [INFO] 🔍 Found 0 orders in DB for trade ny040326150700b via get_orders_by_trade_id.
2026-03-04 15:14:46 [INFO] Found 0 filled orders for ny040326150700b in DB via get_orders_by_trade_id.
2026-03-04 15:14:46 [WARNING] No trade orders found for ny040326150700b to build snapshot.
2026-03-04 15:14:46 [WARNING] Position reconstruction for ny040326150700b yielded no positions. Falling back to main two legs for greeks.
2026-03-04 15:14:47 [INFO] ⚠️ Using derived lot_size 65 for ny040326150700b snapshot (DB value missing/invalid).
2026-03-04 15:14:47 [INFO] 🔍 Found 0 orders in DB for trade ny040326150700b via get_orders_by_trade_id.
2026-03-04 15:14:47 [INFO] Found 0 filled orders for ny040326150700b in DB via get_orders_by_trade_id.
2026-03-04 15:14:47 [WARNING] No trade orders found for ny040326150700b to build snapshot.
2026-03-04 15:14:47 [WARNING] Position reconstruction for ny040326150700b yielded no positions. Falling back to main two legs for greeks.
2026-03-04 15:14:47 [INFO] ⚠️ Using derived lot_size 65 for ny040326150700b snapshot (DB value missing/invalid).
2026-03-04 15:14:47 [INFO] 🔍 Found 0 orders in DB for trade ny040326150700b via get_orders_by_trade_id.
2026-03-04 15:14:47 [INFO] Found 0 filled orders for ny040326150700b in DB via get_orders_by_trade_id.
2026-03-04 15:14:47 [WARNING] No trade orders found for ny040326150700b to build snapshot.
2026-03-04 15:14:47 [WARNING] Position reconstruction for ny040326150700b yielded no positions. Falling back to main two legs for greeks.
2026-03-04 15:14:48 [INFO] ⚠️ Using derived lot_size 65 for ny040326150700b snapshot (DB value missing/invalid).
2026-03-04 15:14:48 [INFO] 🔍 Found 0 orders in DB for trade ny040326150700b via get_orders_by_trade_id.
2026-03-04 15:14:48 [INFO] Found 0 filled orders for ny040326150700b in DB via get_orders_by_trade_id.
2026-03-04 15:14:48 [WARNING] No trade orders found for ny040326150700b to build snapshot.
2026-03-04 15:14:48 [WARNING] Position reconstruction for ny040326150700b yielded no positions. Falling back to main two legs for greeks.
2026-03-04 15:14:48 [INFO] ⚠️ Using derived lot_size 65 for ny040326150700b snapshot (DB value missing/invalid).
2026-03-04 15:14:48 [INFO] 🔍 Found 0 orders in DB for trade ny040326150700b via get_orders_by_trade_id.
2026-03-04 15:14:48 [INFO] Found 0 filled orders for ny040326150700b in DB via get_orders_by_trade_id.
2026-03-04 15:14:48 [WARNING] No trade orders found for ny040326150700b to build snapshot.
2026-03-04 15:14:48 [WARNING] Position reconstruction for ny040326150700b yielded no positions. Falling back to main two legs for greeks.
2026-03-04 15:14:49 [INFO] ⚠️ Using derived lot_size 65 for ny040326150700b snapshot (DB value missing/invalid).
2026-03-04 15:14:49 [INFO] 🔍 Found 0 orders in DB for trade ny040326150700b via get_orders_by_trade_id.
2026-03-04 15:14:49 [INFO] Found 0 filled orders for ny040326150700b in DB via get_orders_by_trade_id.
2026-03-04 15:14:49 [WARNING] No trade orders found for ny040326150700b to build snapshot.
2026-03-04 15:14:49 [WARNING] Position reconstruction for ny040326150700b yielded no positions. Falling back to main two legs for greeks.
2026-03-04 15:14:49 [INFO] ⚠️ Using derived lot_size 65 for ny040326150700b snapshot (DB value missing/invalid).
2026-03-04 15:14:49 [INFO] 🔍 Found 0 orders in DB for trade ny040326150700b via get_orders_by_trade_id.
2026-03-04 15:14:49 [INFO] Found 0 filled orders for ny040326150700b in DB via get_orders_by_trade_id.
2026-03-04 15:14:49 [WARNING] No trade orders found for ny040326150700b to build snapshot.
2026-03-04 15:14:49 [WARNING] Position reconstruction for ny040326150700b yielded no positions. Falling back to main two legs for greeks.
2026-03-04 15:14:50 [INFO] ⚠️ Using derived lot_size 65 for ny040326150700b snapshot (DB value missing/invalid).
2026-03-04 15:14:50 [INFO] 🔍 Found 0 orders in DB for trade ny040326150700b via get_orders_by_trade_id.
2026-03-04 15:14:50 [INFO] Found 0 filled orders for ny040326150700b in DB via get_orders_by_trade_id.
2026-03-04 15:14:50 [WARNING] No trade orders found for ny040326150700b to build snapshot.
2026-03-04 15:14:50 [WARNING] Position reconstruction for ny040326150700b yielded no positions. Falling back to main two legs for greeks.
2026-03-04 15:14:50 [INFO] ⚠️ Using derived lot_size 65 for ny040326150700b snapshot (DB value missing/invalid).
2026-03-04 15:14:50 [INFO] 🔍 Found 0 orders in DB for trade ny040326150700b via get_orders_by_trade_id.
2026-03-04 15:14:50 [INFO] Found 0 filled orders for ny040326150700b in DB via get_orders_by_trade_id.
2026-03-04 15:14:50 [WARNING] No trade orders found for ny040326150700b to build snapshot.
2026-03-04 15:14:50 [WARNING] Position reconstruction for ny040326150700b yielded no positions. Falling back to main two legs for greeks.
2026-03-04 15:14:51 [INFO] ⚠️ Using derived lot_size 65 for ny040326150700b snapshot (DB value missing/invalid).
2026-03-04 15:14:51 [INFO] 🔍 Found 0 orders in DB for trade ny040326150700b via get_orders_by_trade_id.
2026-03-04 15:14:51 [INFO] Found 0 filled orders for ny040326150700b in DB via get_orders_by_trade_id.
2026-03-04 15:14:51 [WARNING] No trade orders found for ny040326150700b to build snapshot.
2026-03-04 15:14:51 [WARNING] Position reconstruction for ny040326150700b yielded no positions. Falling back to main two legs for greeks.
2026-03-04 15:14:52 [INFO] ⚠️ Using derived lot_size 65 for ny040326150700b snapshot (DB value missing/invalid).
2026-03-04 15:14:52 [INFO] 🔍 Found 0 orders in DB for trade ny040326150700b via get_orders_by_trade_id.
2026-03-04 15:14:52 [INFO] Found 0 filled orders for ny040326150700b in DB via get_orders_by_trade_id.
2026-03-04 15:14:52 [WARNING] No trade orders found for ny040326150700b to build snapshot.
2026-03-04 15:14:52 [WARNING] Position reconstruction for ny040326150700b yielded no positions. Falling back to main two legs for greeks.
2026-03-04 15:14:52 [INFO] ⚠️ Using derived lot_size 65 for ny040326150700b snapshot (DB value missing/invalid).
2026-03-04 15:14:52 [INFO] 🔍 Found 0 orders in DB for trade ny040326150700b via get_orders_by_trade_id.
2026-03-04 15:14:52 [INFO] Found 0 filled orders for ny040326150700b in DB via get_orders_by_trade_id.
2026-03-04 15:14:52 [WARNING] No trade orders found for ny040326150700b to build snapshot.
2026-03-04 15:14:52 [WARNING] Position reconstruction for ny040326150700b yielded no positions. Falling back to main two legs for greeks.
2026-03-04 15:14:53 [INFO] ⚠️ Using derived lot_size 65 for ny040326150700b snapshot (DB value missing/invalid).
2026-03-04 15:14:53 [INFO] 🔍 Found 0 orders in DB for trade ny040326150700b via get_orders_by_trade_id.
2026-03-04 15:14:53 [INFO] Found 0 filled orders for ny040326150700b in DB via get_orders_by_trade_id.
2026-03-04 15:14:53 [WARNING] No trade orders found for ny040326150700b to build snapshot.
2026-03-04 15:14:53 [WARNING] Position reconstruction for ny040326150700b yielded no positions. Falling back to main two legs for greeks.
2026-03-04 15:14:53 [INFO] ⚠️ Using derived lot_size 65 for ny040326150700b snapshot (DB value missing/invalid).
2026-03-04 15:14:53 [INFO] 🔍 Found 0 orders in DB for trade ny040326150700b via get_orders_by_trade_id.
2026-03-04 15:14:53 [INFO] Found 0 filled orders for ny040326150700b in DB via get_orders_by_trade_id.
2026-03-04 15:14:53 [WARNING] No trade orders found for ny040326150700b to build snapshot.
2026-03-04 15:14:53 [WARNING] Position reconstruction for ny040326150700b yielded no positions. Falling back to main two legs for greeks.
2026-03-04 15:14:54 [INFO] ⚠️ Using derived lot_size 65 for ny040326150700b snapshot (DB value missing/invalid).
2026-03-04 15:14:54 [INFO] 🔍 Found 0 orders in DB for trade ny040326150700b via get_orders_by_trade_id.
2026-03-04 15:14:54 [INFO] Found 0 filled orders for ny040326150700b in DB via get_orders_by_trade_id.
2026-03-04 15:14:54 [WARNING] No trade orders found for ny040326150700b to build snapshot.
2026-03-04 15:14:54 [WARNING] Position reconstruction for ny040326150700b yielded no positions. Falling back to main two legs for greeks.
2026-03-04 15:14:54 [INFO] ⚠️ Using derived lot_size 65 for ny040326150700b snapshot (DB value missing/invalid).
2026-03-04 15:14:54 [INFO] 🔍 Found 0 orders in DB for trade ny040326150700b via get_orders_by_trade_id.
2026-03-04 15:14:54 [INFO] Found 0 filled orders for ny040326150700b in DB via get_orders_by_trade_id.
2026-03-04 15:14:54 [WARNING] No trade orders found for ny040326150700b to build snapshot.
2026-03-04 15:14:54 [WARNING] Position reconstruction for ny040326150700b yielded no positions. Falling back to main two legs for greeks.
2026-03-04 15:14:55 [INFO] ⚠️ Using derived lot_size 65 for ny040326150700b snapshot (DB value missing/invalid).
2026-03-04 15:14:55 [INFO] 🔍 Found 0 orders in DB for trade ny040326150700b via get_orders_by_trade_id.
2026-03-04 15:14:55 [INFO] Found 0 filled orders for ny040326150700b in DB via get_orders_by_trade_id.
2026-03-04 15:14:55 [WARNING] No trade orders found for ny040326150700b to build snapshot.
2026-03-04 15:14:55 [WARNING] Position reconstruction for ny040326150700b yielded no positions. Falling back to main two legs for greeks.
2026-03-04 15:14:55 [INFO] ⚠️ Using derived lot_size 65 for ny040326150700b snapshot (DB value missing/invalid).
2026-03-04 15:14:55 [INFO] 🔍 Found 0 orders in DB for trade ny040326150700b via get_orders_by_trade_id.
2026-03-04 15:14:55 [INFO] Found 0 filled orders for ny040326150700b in DB via get_orders_by_trade_id.
2026-03-04 15:14:55 [WARNING] No trade orders found for ny040326150700b to build snapshot.
2026-03-04 15:14:55 [WARNING] Position reconstruction for ny040326150700b yielded no positions. Falling back to main two legs for greeks.
2026-03-04 15:14:56 [INFO] ⚠️ Using derived lot_size 65 for ny040326150700b snapshot (DB value missing/invalid).
2026-03-04 15:14:56 [INFO] 🔍 Found 0 orders in DB for trade ny040326150700b via get_orders_by_trade_id.
2026-03-04 15:14:56 [INFO] Found 0 filled orders for ny040326150700b in DB via get_orders_by_trade_id.
2026-03-04 15:14:56 [WARNING] No trade orders found for ny040326150700b to build snapshot.
2026-03-04 15:14:56 [WARNING] Position reconstruction for ny040326150700b yielded no positions. Falling back to main two legs for greeks.
2026-03-04 15:14:57 [INFO] ⚠️ Using derived lot_size 65 for ny040326150700b snapshot (DB value missing/invalid).
2026-03-04 15:14:57 [INFO] 🔍 Found 0 orders in DB for trade ny040326150700b via get_orders_by_trade_id.
2026-03-04 15:14:57 [INFO] Found 0 filled orders for ny040326150700b in DB via get_orders_by_trade_id.
2026-03-04 15:14:57 [WARNING] No trade orders found for ny040326150700b to build snapshot.
2026-03-04 15:14:57 [WARNING] Position reconstruction for ny040326150700b yielded no positions. Falling back to main two legs for greeks.
2026-03-04 15:14:57 [INFO] ⚠️ Using derived lot_size 65 for ny040326150700b snapshot (DB value missing/invalid).
2026-03-04 15:14:57 [INFO] 🔍 Found 0 orders in DB for trade ny040326150700b via get_orders_by_trade_id.
2026-03-04 15:14:57 [INFO] Found 0 filled orders for ny040326150700b in DB via get_orders_by_trade_id.
2026-03-04 15:14:57 [WARNING] No trade orders found for ny040326150700b to build snapshot.
2026-03-04 15:14:57 [WARNING] Position reconstruction for ny040326150700b yielded no positions. Falling back to main two legs for greeks.
2026-03-04 15:14:58 [INFO] ⚠️ Using derived lot_size 65 for ny040326150700b snapshot (DB value missing/invalid).
2026-03-04 15:14:58 [INFO] 🔍 Found 0 orders in DB for trade ny040326150700b via get_orders_by_trade_id.
2026-03-04 15:14:58 [INFO] Found 0 filled orders for ny040326150700b in DB via get_orders_by_trade_id.
2026-03-04 15:14:58 [WARNING] No trade orders found for ny040326150700b to build snapshot.
2026-03-04 15:14:58 [WARNING] Position reconstruction for ny040326150700b yielded no positions. Falling back to main two legs for greeks.
2026-03-04 15:14:58 [INFO] ⚠️ Using derived lot_size 65 for ny040326150700b snapshot (DB value missing/invalid).
2026-03-04 15:14:58 [INFO] 🔍 Found 0 orders in DB for trade ny040326150700b via get_orders_by_trade_id.
2026-03-04 15:14:58 [INFO] Found 0 filled orders for ny040326150700b in DB via get_orders_by_trade_id.
2026-03-04 15:14:58 [WARNING] No trade orders found for ny040326150700b to build snapshot.
2026-03-04 15:14:58 [WARNING] Position reconstruction for ny040326150700b yielded no positions. Falling back to main two legs for greeks.
2026-03-04 15:14:59 [INFO] ⚠️ Using derived lot_size 65 for ny040326150700b snapshot (DB value missing/invalid).
2026-03-04 15:14:59 [INFO] 🔍 Found 0 orders in DB for trade ny040326150700b via get_orders_by_trade_id.
2026-03-04 15:14:59 [INFO] Found 0 filled orders for ny040326150700b in DB via get_orders_by_trade_id.
2026-03-04 15:14:59 [WARNING] No trade orders found for ny040326150700b to build snapshot.
2026-03-04 15:14:59 [WARNING] Position reconstruction for ny040326150700b yielded no positions. Falling back to main two legs for greeks.
2026-03-04 15:14:59 [INFO] ⚠️ Using derived lot_size 65 for ny040326150700b snapshot (DB value missing/invalid).
2026-03-04 15:14:59 [INFO] 🔍 Found 0 orders in DB for trade ny040326150700b via get_orders_by_trade_id.
2026-03-04 15:14:59 [INFO] Found 0 filled orders for ny040326150700b in DB via get_orders_by_trade_id.
2026-03-04 15:14:59 [WARNING] No trade orders found for ny040326150700b to build snapshot.
2026-03-04 15:14:59 [WARNING] Position reconstruction for ny040326150700b yielded no positions. Falling back to main two legs for greeks.
2026-03-04 15:15:00 [INFO] ⚠️ Using derived lot_size 65 for ny040326150700b snapshot (DB value missing/invalid).
2026-03-04 15:15:00 [INFO] 🔍 Found 0 orders in DB for trade ny040326150700b via get_orders_by_trade_id.
2026-03-04 15:15:00 [INFO] Found 0 filled orders for ny040326150700b in DB via get_orders_by_trade_id.
2026-03-04 15:15:00 [WARNING] No trade orders found for ny040326150700b to build snapshot.
2026-03-04 15:15:00 [WARNING] Position reconstruction for ny040326150700b yielded no positions. Falling back to main two legs for greeks.
2026-03-04 15:15:00 [INFO] ⚠️ Using derived lot_size 65 for ny040326150700b snapshot (DB value missing/invalid).
2026-03-04 15:15:00 [INFO] 🔍 Found 0 orders in DB for trade ny040326150700b via get_orders_by_trade_id.
2026-03-04 15:15:00 [INFO] Found 0 filled orders for ny040326150700b in DB via get_orders_by_trade_id.
2026-03-04 15:15:00 [WARNING] No trade orders found for ny040326150700b to build snapshot.
2026-03-04 15:15:00 [WARNING] Position reconstruction for ny040326150700b yielded no positions. Falling back to main two legs for greeks.
2026-03-04 15:15:01 [INFO] ⚠️ Using derived lot_size 65 for ny040326150700b snapshot (DB value missing/invalid).
2026-03-04 15:15:01 [INFO] 🔍 Found 0 orders in DB for trade ny040326150700b via get_orders_by_trade_id.
2026-03-04 15:15:01 [INFO] Found 0 filled orders for ny040326150700b in DB via get_orders_by_trade_id.
2026-03-04 15:15:01 [WARNING] No trade orders found for ny040326150700b to build snapshot.
2026-03-04 15:15:01 [WARNING] Position reconstruction for ny040326150700b yielded no positions. Falling back to main two legs for greeks.
2026-03-04 15:15:01 [INFO] Received and updated option chain for NIFTY via WebSocket.
2026-03-04 15:15:01 [INFO] ⚠️ Using derived lot_size 65 for ny040326150700b snapshot (DB value missing/invalid).
2026-03-04 15:15:01 [INFO] 🔍 Found 0 orders in DB for trade ny040326150700b via get_orders_by_trade_id.
2026-03-04 15:15:01 [INFO] Found 0 filled orders for ny040326150700b in DB via get_orders_by_trade_id.
2026-03-04 15:15:01 [WARNING] No trade orders found for ny040326150700b to build snapshot.
2026-03-04 15:15:01 [WARNING] Position reconstruction for ny040326150700b yielded no positions. Falling back to main two legs for greeks.
2026-03-04 15:15:02 [INFO] ⚠️ Using derived lot_size 65 for ny040326150700b snapshot (DB value missing/invalid).
2026-03-04 15:15:02 [INFO] 🔍 Found 0 orders in DB for trade ny040326150700b via get_orders_by_trade_id.
2026-03-04 15:15:02 [INFO] Found 0 filled orders for ny040326150700b in DB via get_orders_by_trade_id.
2026-03-04 15:15:02 [WARNING] No trade orders found for ny040326150700b to build snapshot.
2026-03-04 15:15:02 [WARNING] Position reconstruction for ny040326150700b yielded no positions. Falling back to main two legs for greeks.
2026-03-04 15:15:03 [INFO] ⚠️ Using derived lot_size 65 for ny040326150700b snapshot (DB value missing/invalid).
2026-03-04 15:15:03 [INFO] 🔍 Found 0 orders in DB for trade ny040326150700b via get_orders_by_trade_id.
2026-03-04 15:15:03 [INFO] Found 0 filled orders for ny040326150700b in DB via get_orders_by_trade_id.
2026-03-04 15:15:03 [WARNING] No trade orders found for ny040326150700b to build snapshot.
2026-03-04 15:15:03 [WARNING] Position reconstruction for ny040326150700b yielded no positions. Falling back to main two legs for greeks.
2026-03-04 15:15:03 [INFO] ⚠️ Using derived lot_size 65 for ny040326150700b snapshot (DB value missing/invalid).
2026-03-04 15:15:03 [INFO] 🔍 Found 0 orders in DB for trade ny040326150700b via get_orders_by_trade_id.
2026-03-04 15:15:03 [INFO] Found 0 filled orders for ny040326150700b in DB via get_orders_by_trade_id.
2026-03-04 15:15:03 [WARNING] No trade orders found for ny040326150700b to build snapshot.
2026-03-04 15:15:03 [WARNING] Position reconstruction for ny040326150700b yielded no positions. Falling back to main two legs for greeks.
2026-03-04 15:15:04 [INFO] Received and updated option chain for SENSEX via WebSocket.
2026-03-04 15:15:04 [INFO] ⚠️ Using derived lot_size 65 for ny040326150700b snapshot (DB value missing/invalid).
2026-03-04 15:15:04 [INFO] 🔍 Found 0 orders in DB for trade ny040326150700b via get_orders_by_trade_id.
2026-03-04 15:15:04 [INFO] Found 0 filled orders for ny040326150700b in DB via get_orders_by_trade_id.
2026-03-04 15:15:04 [WARNING] No trade orders found for ny040326150700b to build snapshot.
2026-03-04 15:15:04 [WARNING] Position reconstruction for ny040326150700b yielded no positions. Falling back to main two legs for greeks.
2026-03-04 15:15:04 [INFO] ⚠️ Using derived lot_size 65 for ny040326150700b snapshot (DB value missing/invalid).
2026-03-04 15:15:04 [INFO] 🔍 Found 0 orders in DB for trade ny040326150700b via get_orders_by_trade_id.
2026-03-04 15:15:04 [INFO] Found 0 filled orders for ny040326150700b in DB via get_orders_by_trade_id.
2026-03-04 15:15:04 [WARNING] No trade orders found for ny040326150700b to build snapshot.
2026-03-04 15:15:04 [WARNING] Position reconstruction for ny040326150700b yielded no positions. Falling back to main two legs for greeks.
2026-03-04 15:15:05 [INFO] ⚠️ Using derived lot_size 65 for ny040326150700b snapshot (DB value missing/invalid).
2026-03-04 15:15:05 [INFO] 🔍 Found 0 orders in DB for trade ny040326150700b via get_orders_by_trade_id.
2026-03-04 15:15:05 [INFO] Found 0 filled orders for ny040326150700b in DB via get_orders_by_trade_id.
2026-03-04 15:15:05 [WARNING] No trade orders found for ny040326150700b to build snapshot.
2026-03-04 15:15:05 [WARNING] Position reconstruction for ny040326150700b yielded no positions. Falling back to main two legs for greeks.
2026-03-04 15:15:05 [INFO] ⚠️ Using derived lot_size 65 for ny040326150700b snapshot (DB value missing/invalid).
2026-03-04 15:15:05 [INFO] 🔍 Found 0 orders in DB for trade ny040326150700b via get_orders_by_trade_id.
2026-03-04 15:15:05 [INFO] Found 0 filled orders for ny040326150700b in DB via get_orders_by_trade_id.
2026-03-04 15:15:05 [WARNING] No trade orders found for ny040326150700b to build snapshot.
2026-03-04 15:15:05 [WARNING] Position reconstruction for ny040326150700b yielded no positions. Falling back to main two legs for greeks.
2026-03-04 15:15:06 [INFO] ⚠️ Using derived lot_size 65 for ny040326150700b snapshot (DB value missing/invalid).
2026-03-04 15:15:06 [INFO] 🔍 Found 0 orders in DB for trade ny040326150700b via get_orders_by_trade_id.
2026-03-04 15:15:06 [INFO] Found 0 filled orders for ny040326150700b in DB via get_orders_by_trade_id.
2026-03-04 15:15:06 [WARNING] No trade orders found for ny040326150700b to build snapshot.
2026-03-04 15:15:06 [WARNING] Position reconstruction for ny040326150700b yielded no positions. Falling back to main two legs for greeks.
2026-03-04 15:15:06 [INFO] ⚠️ Using derived lot_size 65 for ny040326150700b snapshot (DB value missing/invalid).
2026-03-04 15:15:06 [INFO] 🔍 Found 0 orders in DB for trade ny040326150700b via get_orders_by_trade_id.
2026-03-04 15:15:06 [INFO] Found 0 filled orders for ny040326150700b in DB via get_orders_by_trade_id.
2026-03-04 15:15:06 [WARNING] No trade orders found for ny040326150700b to build snapshot.
2026-03-04 15:15:06 [WARNING] Position reconstruction for ny040326150700b yielded no positions. Falling back to main two legs for greeks.
2026-03-04 15:15:07 [INFO] ⚠️ Using derived lot_size 65 for ny040326150700b snapshot (DB value missing/invalid).
2026-03-04 15:15:07 [INFO] 🔍 Found 0 orders in DB for trade ny040326150700b via get_orders_by_trade_id.
2026-03-04 15:15:07 [INFO] Found 0 filled orders for ny040326150700b in DB via get_orders_by_trade_id.
2026-03-04 15:15:07 [WARNING] No trade orders found for ny040326150700b to build snapshot.
2026-03-04 15:15:07 [WARNING] Position reconstruction for ny040326150700b yielded no positions. Falling back to main two legs for greeks.
2026-03-04 15:15:07 [INFO] ⚠️ Using derived lot_size 65 for ny040326150700b snapshot (DB value missing/invalid).
2026-03-04 15:15:07 [INFO] 🔍 Found 0 orders in DB for trade ny040326150700b via get_orders_by_trade_id.
2026-03-04 15:15:07 [INFO] Found 0 filled orders for ny040326150700b in DB via get_orders_by_trade_id.
2026-03-04 15:15:07 [WARNING] No trade orders found for ny040326150700b to build snapshot.
2026-03-04 15:15:07 [WARNING] Position reconstruction for ny040326150700b yielded no positions. Falling back to main two legs for greeks.
2026-03-04 15:15:08 [INFO] ⚠️ Using derived lot_size 65 for ny040326150700b snapshot (DB value missing/invalid).
2026-03-04 15:15:08 [INFO] 🔍 Found 0 orders in DB for trade ny040326150700b via get_orders_by_trade_id.
2026-03-04 15:15:08 [INFO] Found 0 filled orders for ny040326150700b in DB via get_orders_by_trade_id.
2026-03-04 15:15:08 [WARNING] No trade orders found for ny040326150700b to build snapshot.
2026-03-04 15:15:08 [WARNING] Position reconstruction for ny040326150700b yielded no positions. Falling back to main two legs for greeks.
2026-03-04 15:15:09 [INFO] ⚠️ Using derived lot_size 65 for ny040326150700b snapshot (DB value missing/invalid).
2026-03-04 15:15:09 [INFO] 🔍 Found 0 orders in DB for trade ny040326150700b via get_orders_by_trade_id.
2026-03-04 15:15:09 [INFO] Found 0 filled orders for ny040326150700b in DB via get_orders_by_trade_id.
2026-03-04 15:15:09 [WARNING] No trade orders found for ny040326150700b to build snapshot.
2026-03-04 15:15:09 [WARNING] Position reconstruction for ny040326150700b yielded no positions. Falling back to main two legs for greeks.
2026-03-04 15:15:09 [INFO] ⚠️ Using derived lot_size 65 for ny040326150700b snapshot (DB value missing/invalid).
2026-03-04 15:15:09 [INFO] 🔍 Found 0 orders in DB for trade ny040326150700b via get_orders_by_trade_id.
2026-03-04 15:15:09 [INFO] Found 0 filled orders for ny040326150700b in DB via get_orders_by_trade_id.
2026-03-04 15:15:09 [WARNING] No trade orders found for ny040326150700b to build snapshot.
2026-03-04 15:15:09 [WARNING] Position reconstruction for ny040326150700b yielded no positions. Falling back to main two legs for greeks.
2026-03-04 15:15:10 [INFO] ⚠️ Using derived lot_size 65 for ny040326150700b snapshot (DB value missing/invalid).
2026-03-04 15:15:10 [INFO] 🔍 Found 0 orders in DB for trade ny040326150700b via get_orders_by_trade_id.
2026-03-04 15:15:10 [INFO] Found 0 filled orders for ny040326150700b in DB via get_orders_by_trade_id.
2026-03-04 15:15:10 [WARNING] No trade orders found for ny040326150700b to build snapshot.
2026-03-04 15:15:10 [WARNING] Position reconstruction for ny040326150700b yielded no positions. Falling back to main two legs for greeks.
2026-03-04 15:15:10 [INFO] ⚠️ Using derived lot_size 65 for ny040326150700b snapshot (DB value missing/invalid).
2026-03-04 15:15:10 [INFO] 🔍 Found 0 orders in DB for trade ny040326150700b via get_orders_by_trade_id.
2026-03-04 15:15:10 [INFO] Found 0 filled orders for ny040326150700b in DB via get_orders_by_trade_id.
2026-03-04 15:15:10 [WARNING] No trade orders found for ny040326150700b to build snapshot.
2026-03-04 15:15:10 [WARNING] Position reconstruction for ny040326150700b yielded no positions. Falling back to main two legs for greeks.
2026-03-04 15:15:11 [INFO] ⚠️ Using derived lot_size 65 for ny040326150700b snapshot (DB value missing/invalid).
2026-03-04 15:15:11 [INFO] 🔍 Found 0 orders in DB for trade ny040326150700b via get_orders_by_trade_id.
2026-03-04 15:15:11 [INFO] Found 0 filled orders for ny040326150700b in DB via get_orders_by_trade_id.
2026-03-04 15:15:11 [WARNING] No trade orders found for ny040326150700b to build snapshot.
2026-03-04 15:15:11 [WARNING] Position reconstruction for ny040326150700b yielded no positions. Falling back to main two legs for greeks.
2026-03-04 15:15:11 [INFO] ⚠️ Using derived lot_size 65 for ny040326150700b snapshot (DB value missing/invalid).
2026-03-04 15:15:11 [INFO] 🔍 Found 0 orders in DB for trade ny040326150700b via get_orders_by_trade_id.
2026-03-04 15:15:11 [INFO] Found 0 filled orders for ny040326150700b in DB via get_orders_by_trade_id.
2026-03-04 15:15:11 [WARNING] No trade orders found for ny040326150700b to build snapshot.
2026-03-04 15:15:11 [WARNING] Position reconstruction for ny040326150700b yielded no positions. Falling back to main two legs for greeks.
2026-03-04 15:15:12 [INFO] ⚠️ Using derived lot_size 65 for ny040326150700b snapshot (DB value missing/invalid).
2026-03-04 15:15:12 [INFO] 🔍 Found 0 orders in DB for trade ny040326150700b via get_orders_by_trade_id.
2026-03-04 15:15:12 [INFO] Found 0 filled orders for ny040326150700b in DB via get_orders_by_trade_id.
2026-03-04 15:15:12 [WARNING] No trade orders found for ny040326150700b to build snapshot.
2026-03-04 15:15:12 [WARNING] Position reconstruction for ny040326150700b yielded no positions. Falling back to main two legs for greeks.
2026-03-04 15:15:12 [INFO] ⚠️ Using derived lot_size 65 for ny040326150700b snapshot (DB value missing/invalid).
2026-03-04 15:15:12 [INFO] 🔍 Found 0 orders in DB for trade ny040326150700b via get_orders_by_trade_id.
2026-03-04 15:15:12 [INFO] Found 0 filled orders for ny040326150700b in DB via get_orders_by_trade_id.
2026-03-04 15:15:12 [WARNING] No trade orders found for ny040326150700b to build snapshot.
2026-03-04 15:15:12 [WARNING] Position reconstruction for ny040326150700b yielded no positions. Falling back to main two legs for greeks.
2026-03-04 15:15:13 [INFO] ⚠️ Using derived lot_size 65 for ny040326150700b snapshot (DB value missing/invalid).
2026-03-04 15:15:13 [INFO] 🔍 Found 0 orders in DB for trade ny040326150700b via get_orders_by_trade_id.
2026-03-04 15:15:13 [INFO] Found 0 filled orders for ny040326150700b in DB via get_orders_by_trade_id.
2026-03-04 15:15:13 [WARNING] No trade orders found for ny040326150700b to build snapshot.
2026-03-04 15:15:13 [WARNING] Position reconstruction for ny040326150700b yielded no positions. Falling back to main two legs for greeks.
2026-03-04 15:15:14 [INFO] ⚠️ Using derived lot_size 65 for ny040326150700b snapshot (DB value missing/invalid).
2026-03-04 15:15:14 [INFO] 🔍 Found 0 orders in DB for trade ny040326150700b via get_orders_by_trade_id.
2026-03-04 15:15:14 [INFO] Found 0 filled orders for ny040326150700b in DB via get_orders_by_trade_id.
2026-03-04 15:15:14 [WARNING] No trade orders found for ny040326150700b to build snapshot.
2026-03-04 15:15:14 [WARNING] Position reconstruction for ny040326150700b yielded no positions. Falling back to main two legs for greeks.
2026-03-04 15:15:14 [INFO] ⚠️ Using derived lot_size 65 for ny040326150700b snapshot (DB value missing/invalid).
2026-03-04 15:15:14 [INFO] 🔍 Found 0 orders in DB for trade ny040326150700b via get_orders_by_trade_id.
2026-03-04 15:15:14 [INFO] Found 0 filled orders for ny040326150700b in DB via get_orders_by_trade_id.
2026-03-04 15:15:14 [WARNING] No trade orders found for ny040326150700b to build snapshot.
2026-03-04 15:15:14 [WARNING] Position reconstruction for ny040326150700b yielded no positions. Falling back to main two legs for greeks.
2026-03-04 15:15:15 [INFO] ⚠️ Using derived lot_size 65 for ny040326150700b snapshot (DB value missing/invalid).
2026-03-04 15:15:15 [INFO] 🔍 Found 0 orders in DB for trade ny040326150700b via get_orders_by_trade_id.
2026-03-04 15:15:15 [INFO] Found 0 filled orders for ny040326150700b in DB via get_orders_by_trade_id.
2026-03-04 15:15:15 [WARNING] No trade orders found for ny040326150700b to build snapshot.
2026-03-04 15:15:15 [WARNING] Position reconstruction for ny040326150700b yielded no positions. Falling back to main two legs for greeks.
2026-03-04 15:15:15 [INFO] ⚠️ Using derived lot_size 65 for ny040326150700b snapshot (DB value missing/invalid).
2026-03-04 15:15:15 [INFO] 🔍 Found 0 orders in DB for trade ny040326150700b via get_orders_by_trade_id.
2026-03-04 15:15:15 [INFO] Found 0 filled orders for ny040326150700b in DB via get_orders_by_trade_id.
2026-03-04 15:15:15 [WARNING] No trade orders found for ny040326150700b to build snapshot.
2026-03-04 15:15:15 [WARNING] Position reconstruction for ny040326150700b yielded no positions. Falling back to main two legs for greeks.
2026-03-04 15:15:16 [INFO] ⚠️ Using derived lot_size 65 for ny040326150700b snapshot (DB value missing/invalid).
2026-03-04 15:15:16 [INFO] 🔍 Found 0 orders in DB for trade ny040326150700b via get_orders_by_trade_id.
2026-03-04 15:15:16 [INFO] Found 0 filled orders for ny040326150700b in DB via get_orders_by_trade_id.
2026-03-04 15:15:16 [WARNING] No trade orders found for ny040326150700b to build snapshot.
2026-03-04 15:15:16 [WARNING] Position reconstruction for ny040326150700b yielded no positions. Falling back to main two legs for greeks.
2026-03-04 15:15:16 [INFO] Received and updated option chain for NIFTY via WebSocket.
2026-03-04 15:15:16 [INFO] ⚠️ Using derived lot_size 65 for ny040326150700b snapshot (DB value missing/invalid).
2026-03-04 15:15:16 [INFO] 🔍 Found 0 orders in DB for trade ny040326150700b via get_orders_by_trade_id.
2026-03-04 15:15:16 [INFO] Found 0 filled orders for ny040326150700b in DB via get_orders_by_trade_id.
2026-03-04 15:15:16 [WARNING] No trade orders found for ny040326150700b to build snapshot.
2026-03-04 15:15:16 [WARNING] Position reconstruction for ny040326150700b yielded no positions. Falling back to main two legs for greeks.
2026-03-04 15:15:17 [INFO] ⚠️ Using derived lot_size 65 for ny040326150700b snapshot (DB value missing/invalid).
2026-03-04 15:15:17 [INFO] 🔍 Found 0 orders in DB for trade ny040326150700b via get_orders_by_trade_id.
2026-03-04 15:15:17 [INFO] Found 0 filled orders for ny040326150700b in DB via get_orders_by_trade_id.
2026-03-04 15:15:17 [WARNING] No trade orders found for ny040326150700b to build snapshot.
2026-03-04 15:15:17 [WARNING] Position reconstruction for ny040326150700b yielded no positions. Falling back to main two legs for greeks.
2026-03-04 15:15:17 [INFO] ⚠️ Using derived lot_size 65 for ny040326150700b snapshot (DB value missing/invalid).
2026-03-04 15:15:17 [INFO] 🔍 Found 0 orders in DB for trade ny040326150700b via get_orders_by_trade_id.
2026-03-04 15:15:17 [INFO] Found 0 filled orders for ny040326150700b in DB via get_orders_by_trade_id.
2026-03-04 15:15:17 [WARNING] No trade orders found for ny040326150700b to build snapshot.
2026-03-04 15:15:17 [WARNING] Position reconstruction for ny040326150700b yielded no positions. Falling back to main two legs for greeks.
2026-03-04 15:15:18 [INFO] ⚠️ Using derived lot_size 65 for ny040326150700b snapshot (DB value missing/invalid).
2026-03-04 15:15:18 [INFO] 🔍 Found 0 orders in DB for trade ny040326150700b via get_orders_by_trade_id.
2026-03-04 15:15:18 [INFO] Found 0 filled orders for ny040326150700b in DB via get_orders_by_trade_id.
2026-03-04 15:15:18 [WARNING] No trade orders found for ny040326150700b to build snapshot.
2026-03-04 15:15:18 [WARNING] Position reconstruction for ny040326150700b yielded no positions. Falling back to main two legs for greeks.
2026-03-04 15:15:18 [INFO] ⚠️ Using derived lot_size 65 for ny040326150700b snapshot (DB value missing/invalid).
2026-03-04 15:15:18 [INFO] 🔍 Found 0 orders in DB for trade ny040326150700b via get_orders_by_trade_id.
2026-03-04 15:15:18 [INFO] Found 0 filled orders for ny040326150700b in DB via get_orders_by_trade_id.
2026-03-04 15:15:18 [WARNING] No trade orders found for ny040326150700b to build snapshot.
2026-03-04 15:15:18 [WARNING] Position reconstruction for ny040326150700b yielded no positions. Falling back to main two legs for greeks.
2026-03-04 15:15:19 [INFO] Received and updated option chain for SENSEX via WebSocket.
2026-03-04 15:15:19 [INFO] ⚠️ Using derived lot_size 65 for ny040326150700b snapshot (DB value missing/invalid).
2026-03-04 15:15:19 [INFO] 🔍 Found 0 orders in DB for trade ny040326150700b via get_orders_by_trade_id.
2026-03-04 15:15:19 [INFO] Found 0 filled orders for ny040326150700b in DB via get_orders_by_trade_id.
2026-03-04 15:15:19 [WARNING] No trade orders found for ny040326150700b to build snapshot.
2026-03-04 15:15:19 [WARNING] Position reconstruction for ny040326150700b yielded no positions. Falling back to main two legs for greeks.
2026-03-04 15:15:19 [INFO] ⚠️ Using derived lot_size 65 for ny040326150700b snapshot (DB value missing/invalid).
2026-03-04 15:15:19 [INFO] 🔍 Found 0 orders in DB for trade ny040326150700b via get_orders_by_trade_id.
2026-03-04 15:15:19 [INFO] Found 0 filled orders for ny040326150700b in DB via get_orders_by_trade_id.
2026-03-04 15:15:19 [WARNING] No trade orders found for ny040326150700b to build snapshot.
2026-03-04 15:15:19 [WARNING] Position reconstruction for ny040326150700b yielded no positions. Falling back to main two legs for greeks.
2026-03-04 15:15:20 [INFO] ⚠️ Using derived lot_size 65 for ny040326150700b snapshot (DB value missing/invalid).
2026-03-04 15:15:20 [INFO] 🔍 Found 0 orders in DB for trade ny040326150700b via get_orders_by_trade_id.
2026-03-04 15:15:20 [INFO] Found 0 filled orders for ny040326150700b in DB via get_orders_by_trade_id.
2026-03-04 15:15:20 [WARNING] No trade orders found for ny040326150700b to build snapshot.
2026-03-04 15:15:20 [WARNING] Position reconstruction for ny040326150700b yielded no positions. Falling back to main two legs for greeks.
2026-03-04 15:15:21 [INFO] ⚠️ Using derived lot_size 65 for ny040326150700b snapshot (DB value missing/invalid).
2026-03-04 15:15:21 [INFO] 🔍 Found 0 orders in DB for trade ny040326150700b via get_orders_by_trade_id.
2026-03-04 15:15:21 [INFO] Found 0 filled orders for ny040326150700b in DB via get_orders_by_trade_id.
2026-03-04 15:15:21 [WARNING] No trade orders found for ny040326150700b to build snapshot.
2026-03-04 15:15:21 [WARNING] Position reconstruction for ny040326150700b yielded no positions. Falling back to main two legs for greeks.
2026-03-04 15:15:21 [INFO] ⚠️ Using derived lot_size 65 for ny040326150700b snapshot (DB value missing/invalid).
2026-03-04 15:15:21 [INFO] 🔍 Found 0 orders in DB for trade ny040326150700b via get_orders_by_trade_id.
2026-03-04 15:15:21 [INFO] Found 0 filled orders for ny040326150700b in DB via get_orders_by_trade_id.
2026-03-04 15:15:21 [WARNING] No trade orders found for ny040326150700b to build snapshot.
2026-03-04 15:15:21 [WARNING] Position reconstruction for ny040326150700b yielded no positions. Falling back to main two legs for greeks.
2026-03-04 15:15:22 [INFO] ⚠️ Using derived lot_size 65 for ny040326150700b snapshot (DB value missing/invalid).
2026-03-04 15:15:22 [INFO] 🔍 Found 0 orders in DB for trade ny040326150700b via get_orders_by_trade_id.
2026-03-04 15:15:22 [INFO] Found 0 filled orders for ny040326150700b in DB via get_orders_by_trade_id.
2026-03-04 15:15:22 [WARNING] No trade orders found for ny040326150700b to build snapshot.
2026-03-04 15:15:22 [WARNING] Position reconstruction for ny040326150700b yielded no positions. Falling back to main two legs for greeks.
2026-03-04 15:15:22 [INFO] ⚠️ Using derived lot_size 65 for ny040326150700b snapshot (DB value missing/invalid).
2026-03-04 15:15:22 [INFO] 🔍 Found 0 orders in DB for trade ny040326150700b via get_orders_by_trade_id.
2026-03-04 15:15:22 [INFO] Found 0 filled orders for ny040326150700b in DB via get_orders_by_trade_id.
2026-03-04 15:15:22 [WARNING] No trade orders found for ny040326150700b to build snapshot.
2026-03-04 15:15:22 [WARNING] Position reconstruction for ny040326150700b yielded no positions. Falling back to main two legs for greeks.
2026-03-04 15:15:23 [INFO] ⚠️ Using derived lot_size 65 for ny040326150700b snapshot (DB value missing/invalid).
2026-03-04 15:15:23 [INFO] 🔍 Found 0 orders in DB for trade ny040326150700b via get_orders_by_trade_id.
2026-03-04 15:15:23 [INFO] Found 0 filled orders for ny040326150700b in DB via get_orders_by_trade_id.
2026-03-04 15:15:23 [WARNING] No trade orders found for ny040326150700b to build snapshot.
2026-03-04 15:15:23 [WARNING] Position reconstruction for ny040326150700b yielded no positions. Falling back to main two legs for greeks.
2026-03-04 15:15:23 [INFO] ⚠️ Using derived lot_size 65 for ny040326150700b snapshot (DB value missing/invalid).
2026-03-04 15:15:23 [INFO] 🔍 Found 0 orders in DB for trade ny040326150700b via get_orders_by_trade_id.
2026-03-04 15:15:23 [INFO] Found 0 filled orders for ny040326150700b in DB via get_orders_by_trade_id.
2026-03-04 15:15:23 [WARNING] No trade orders found for ny040326150700b to build snapshot.
2026-03-04 15:15:23 [WARNING] Position reconstruction for ny040326150700b yielded no positions. Falling back to main two legs for greeks.
2026-03-04 15:15:24 [INFO] ⚠️ Using derived lot_size 65 for ny040326150700b snapshot (DB value missing/invalid).
2026-03-04 15:15:24 [INFO] 🔍 Found 0 orders in DB for trade ny040326150700b via get_orders_by_trade_id.
2026-03-04 15:15:24 [INFO] Found 0 filled orders for ny040326150700b in DB via get_orders_by_trade_id.
2026-03-04 15:15:24 [WARNING] No trade orders found for ny040326150700b to build snapshot.
2026-03-04 15:15:24 [WARNING] Position reconstruction for ny040326150700b yielded no positions. Falling back to main two legs for greeks.
2026-03-04 15:15:24 [INFO] ⚠️ Using derived lot_size 65 for ny040326150700b snapshot (DB value missing/invalid).
2026-03-04 15:15:24 [INFO] 🔍 Found 0 orders in DB for trade ny040326150700b via get_orders_by_trade_id.
2026-03-04 15:15:24 [INFO] Found 0 filled orders for ny040326150700b in DB via get_orders_by_trade_id.
2026-03-04 15:15:24 [WARNING] No trade orders found for ny040326150700b to build snapshot.
2026-03-04 15:15:24 [WARNING] Position reconstruction for ny040326150700b yielded no positions. Falling back to main two legs for greeks.
2026-03-04 15:15:25 [INFO] ⚠️ Using derived lot_size 65 for ny040326150700b snapshot (DB value missing/invalid).
2026-03-04 15:15:25 [INFO] 🔍 Found 0 orders in DB for trade ny040326150700b via get_orders_by_trade_id.
2026-03-04 15:15:25 [INFO] Found 0 filled orders for ny040326150700b in DB via get_orders_by_trade_id.
2026-03-04 15:15:25 [WARNING] No trade orders found for ny040326150700b to build snapshot.
2026-03-04 15:15:25 [WARNING] Position reconstruction for ny040326150700b yielded no positions. Falling back to main two legs for greeks.
2026-03-04 15:15:25 [INFO] ⚠️ Using derived lot_size 65 for ny040326150700b snapshot (DB value missing/invalid).
2026-03-04 15:15:25 [INFO] 🔍 Found 0 orders in DB for trade ny040326150700b via get_orders_by_trade_id.
2026-03-04 15:15:25 [INFO] Found 0 filled orders for ny040326150700b in DB via get_orders_by_trade_id.
2026-03-04 15:15:25 [WARNING] No trade orders found for ny040326150700b to build snapshot.
2026-03-04 15:15:25 [WARNING] Position reconstruction for ny040326150700b yielded no positions. Falling back to main two legs for greeks.
2026-03-04 15:15:26 [INFO] ⚠️ Using derived lot_size 65 for ny040326150700b snapshot (DB value missing/invalid).
2026-03-04 15:15:26 [INFO] 🔍 Found 0 orders in DB for trade ny040326150700b via get_orders_by_trade_id.
2026-03-04 15:15:26 [INFO] Found 0 filled orders for ny040326150700b in DB via get_orders_by_trade_id.
2026-03-04 15:15:26 [WARNING] No trade orders found for ny040326150700b to build snapshot.
2026-03-04 15:15:26 [WARNING] Position reconstruction for ny040326150700b yielded no positions. Falling back to main two legs for greeks.
2026-03-04 15:15:27 [INFO] ⚠️ Using derived lot_size 65 for ny040326150700b snapshot (DB value missing/invalid).
2026-03-04 15:15:27 [INFO] 🔍 Found 0 orders in DB for trade ny040326150700b via get_orders_by_trade_id.
2026-03-04 15:15:27 [INFO] Found 0 filled orders for ny040326150700b in DB via get_orders_by_trade_id.
2026-03-04 15:15:27 [WARNING] No trade orders found for ny040326150700b to build snapshot.
2026-03-04 15:15:27 [WARNING] Position reconstruction for ny040326150700b yielded no positions. Falling back to main two legs for greeks.
2026-03-04 15:15:27 [INFO] ⚠️ Using derived lot_size 65 for ny040326150700b snapshot (DB value missing/invalid).
2026-03-04 15:15:27 [INFO] 🔍 Found 0 orders in DB for trade ny040326150700b via get_orders_by_trade_id.
2026-03-04 15:15:27 [INFO] Found 0 filled orders for ny040326150700b in DB via get_orders_by_trade_id.
2026-03-04 15:15:27 [WARNING] No trade orders found for ny040326150700b to build snapshot.
2026-03-04 15:15:27 [WARNING] Position reconstruction for ny040326150700b yielded no positions. Falling back to main two legs for greeks.
2026-03-04 15:15:28 [INFO] ⚠️ Using derived lot_size 65 for ny040326150700b snapshot (DB value missing/invalid).
2026-03-04 15:15:28 [INFO] 🔍 Found 0 orders in DB for trade ny040326150700b via get_orders_by_trade_id.
2026-03-04 15:15:28 [INFO] Found 0 filled orders for ny040326150700b in DB via get_orders_by_trade_id.
2026-03-04 15:15:28 [WARNING] No trade orders found for ny040326150700b to build snapshot.
2026-03-04 15:15:28 [WARNING] Position reconstruction for ny040326150700b yielded no positions. Falling back to main two legs for greeks.
2026-03-04 15:15:28 [INFO] ⚠️ Using derived lot_size 65 for ny040326150700b snapshot (DB value missing/invalid).
2026-03-04 15:15:28 [INFO] 🔍 Found 0 orders in DB for trade ny040326150700b via get_orders_by_trade_id.
2026-03-04 15:15:28 [INFO] Found 0 filled orders for ny040326150700b in DB via get_orders_by_trade_id.
2026-03-04 15:15:28 [WARNING] No trade orders found for ny040326150700b to build snapshot.
2026-03-04 15:15:28 [WARNING] Position reconstruction for ny040326150700b yielded no positions. Falling back to main two legs for greeks.
2026-03-04 15:15:29 [INFO] ⚠️ Using derived lot_size 65 for ny040326150700b snapshot (DB value missing/invalid).
2026-03-04 15:15:29 [INFO] 🔍 Found 0 orders in DB for trade ny040326150700b via get_orders_by_trade_id.
2026-03-04 15:15:29 [INFO] Found 0 filled orders for ny040326150700b in DB via get_orders_by_trade_id.
2026-03-04 15:15:29 [WARNING] No trade orders found for ny040326150700b to build snapshot.
2026-03-04 15:15:29 [WARNING] Position reconstruction for ny040326150700b yielded no positions. Falling back to main two legs for greeks.
2026-03-04 15:15:29 [INFO] ⚠️ Using derived lot_size 65 for ny040326150700b snapshot (DB value missing/invalid).
2026-03-04 15:15:29 [INFO] 🔍 Found 0 orders in DB for trade ny040326150700b via get_orders_by_trade_id.
2026-03-04 15:15:29 [INFO] Found 0 filled orders for ny040326150700b in DB via get_orders_by_trade_id.
2026-03-04 15:15:29 [WARNING] No trade orders found for ny040326150700b to build snapshot.
2026-03-04 15:15:29 [WARNING] Position reconstruction for ny040326150700b yielded no positions. Falling back to main two legs for greeks.
2026-03-04 15:15:30 [INFO] ⚠️ Using derived lot_size 65 for ny040326150700b snapshot (DB value missing/invalid).
2026-03-04 15:15:30 [INFO] 🔍 Found 0 orders in DB for trade ny040326150700b via get_orders_by_trade_id.
2026-03-04 15:15:30 [INFO] Found 0 filled orders for ny040326150700b in DB via get_orders_by_trade_id.
2026-03-04 15:15:30 [WARNING] No trade orders found for ny040326150700b to build snapshot.
2026-03-04 15:15:30 [WARNING] Position reconstruction for ny040326150700b yielded no positions. Falling back to main two legs for greeks.
2026-03-04 15:15:30 [INFO] ⚠️ Using derived lot_size 65 for ny040326150700b snapshot (DB value missing/invalid).
2026-03-04 15:15:30 [INFO] 🔍 Found 0 orders in DB for trade ny040326150700b via get_orders_by_trade_id.
2026-03-04 15:15:30 [INFO] Found 0 filled orders for ny040326150700b in DB via get_orders_by_trade_id.
2026-03-04 15:15:30 [WARNING] No trade orders found for ny040326150700b to build snapshot.
2026-03-04 15:15:30 [WARNING] Position reconstruction for ny040326150700b yielded no positions. Falling back to main two legs for greeks.
2026-03-04 15:15:31 [INFO] ⚠️ Using derived lot_size 65 for ny040326150700b snapshot (DB value missing/invalid).
2026-03-04 15:15:31 [INFO] 🔍 Found 0 orders in DB for trade ny040326150700b via get_orders_by_trade_id.
2026-03-04 15:15:31 [INFO] Found 0 filled orders for ny040326150700b in DB via get_orders_by_trade_id.
2026-03-04 15:15:31 [WARNING] No trade orders found for ny040326150700b to build snapshot.
2026-03-04 15:15:31 [WARNING] Position reconstruction for ny040326150700b yielded no positions. Falling back to main two legs for greeks.
2026-03-04 15:15:32 [INFO] ⚠️ Using derived lot_size 65 for ny040326150700b snapshot (DB value missing/invalid).
2026-03-04 15:15:32 [INFO] 🔍 Found 0 orders in DB for trade ny040326150700b via get_orders_by_trade_id.
2026-03-04 15:15:32 [INFO] Found 0 filled orders for ny040326150700b in DB via get_orders_by_trade_id.
2026-03-04 15:15:32 [WARNING] No trade orders found for ny040326150700b to build snapshot.
2026-03-04 15:15:32 [WARNING] Position reconstruction for ny040326150700b yielded no positions. Falling back to main two legs for greeks.
2026-03-04 15:15:32 [INFO] Received and updated option chain for NIFTY via WebSocket.
2026-03-04 15:15:32 [INFO] ⚠️ Using derived lot_size 65 for ny040326150700b snapshot (DB value missing/invalid).
2026-03-04 15:15:32 [INFO] 🔍 Found 0 orders in DB for trade ny040326150700b via get_orders_by_trade_id.
2026-03-04 15:15:32 [INFO] Found 0 filled orders for ny040326150700b in DB via get_orders_by_trade_id.
2026-03-04 15:15:32 [WARNING] No trade orders found for ny040326150700b to build snapshot.
2026-03-04 15:15:32 [WARNING] Position reconstruction for ny040326150700b yielded no positions. Falling back to main two legs for greeks.
2026-03-04 15:15:33 [INFO] ⚠️ Using derived lot_size 65 for ny040326150700b snapshot (DB value missing/invalid).
2026-03-04 15:15:33 [INFO] 🔍 Found 0 orders in DB for trade ny040326150700b via get_orders_by_trade_id.
2026-03-04 15:15:33 [INFO] Found 0 filled orders for ny040326150700b in DB via get_orders_by_trade_id.
2026-03-04 15:15:33 [WARNING] No trade orders found for ny040326150700b to build snapshot.
2026-03-04 15:15:33 [WARNING] Position reconstruction for ny040326150700b yielded no positions. Falling back to main two legs for greeks.
2026-03-04 15:15:33 [INFO] ⚠️ Using derived lot_size 65 for ny040326150700b snapshot (DB value missing/invalid).
2026-03-04 15:15:33 [INFO] 🔍 Found 0 orders in DB for trade ny040326150700b via get_orders_by_trade_id.
2026-03-04 15:15:33 [INFO] Found 0 filled orders for ny040326150700b in DB via get_orders_by_trade_id.
2026-03-04 15:15:33 [WARNING] No trade orders found for ny040326150700b to build snapshot.
2026-03-04 15:15:33 [WARNING] Position reconstruction for ny040326150700b yielded no positions. Falling back to main two legs for greeks.
2026-03-04 15:15:34 [INFO] ⚠️ Using derived lot_size 65 for ny040326150700b snapshot (DB value missing/invalid).
2026-03-04 15:15:34 [INFO] 🔍 Found 0 orders in DB for trade ny040326150700b via get_orders_by_trade_id.
2026-03-04 15:15:34 [INFO] Found 0 filled orders for ny040326150700b in DB via get_orders_by_trade_id.
2026-03-04 15:15:34 [WARNING] No trade orders found for ny040326150700b to build snapshot.
2026-03-04 15:15:34 [WARNING] Position reconstruction for ny040326150700b yielded no positions. Falling back to main two legs for greeks.
2026-03-04 15:15:34 [INFO] Received and updated option chain for SENSEX via WebSocket.
2026-03-04 15:15:34 [INFO] ⚠️ Using derived lot_size 65 for ny040326150700b snapshot (DB value missing/invalid).
2026-03-04 15:15:34 [INFO] 🔍 Found 0 orders in DB for trade ny040326150700b via get_orders_by_trade_id.
2026-03-04 15:15:34 [INFO] Found 0 filled orders for ny040326150700b in DB via get_orders_by_trade_id.
2026-03-04 15:15:34 [WARNING] No trade orders found for ny040326150700b to build snapshot.
2026-03-04 15:15:34 [WARNING] Position reconstruction for ny040326150700b yielded no positions. Falling back to main two legs for greeks.
2026-03-04 15:15:35 [INFO] ⚠️ Using derived lot_size 65 for ny040326150700b snapshot (DB value missing/invalid).
2026-03-04 15:15:35 [INFO] 🔍 Found 0 orders in DB for trade ny040326150700b via get_orders_by_trade_id.
2026-03-04 15:15:35 [INFO] Found 0 filled orders for ny040326150700b in DB via get_orders_by_trade_id.
2026-03-04 15:15:35 [WARNING] No trade orders found for ny040326150700b to build snapshot.
2026-03-04 15:15:35 [WARNING] Position reconstruction for ny040326150700b yielded no positions. Falling back to main two legs for greeks.
2026-03-04 15:15:35 [INFO] ⚠️ Using derived lot_size 65 for ny040326150700b snapshot (DB value missing/invalid).
2026-03-04 15:15:35 [INFO] 🔍 Found 0 orders in DB for trade ny040326150700b via get_orders_by_trade_id.
2026-03-04 15:15:35 [INFO] Found 0 filled orders for ny040326150700b in DB via get_orders_by_trade_id.
2026-03-04 15:15:35 [WARNING] No trade orders found for ny040326150700b to build snapshot.
2026-03-04 15:15:35 [WARNING] Position reconstruction for ny040326150700b yielded no positions. Falling back to main two legs for greeks.
2026-03-04 15:15:36 [INFO] ⚠️ Using derived lot_size 65 for ny040326150700b snapshot (DB value missing/invalid).
2026-03-04 15:15:36 [INFO] 🔍 Found 0 orders in DB for trade ny040326150700b via get_orders_by_trade_id.
2026-03-04 15:15:36 [INFO] Found 0 filled orders for ny040326150700b in DB via get_orders_by_trade_id.
2026-03-04 15:15:36 [WARNING] No trade orders found for ny040326150700b to build snapshot.
2026-03-04 15:15:36 [WARNING] Position reconstruction for ny040326150700b yielded no positions. Falling back to main two legs for greeks.
2026-03-04 15:15:36 [INFO] ⚠️ Using derived lot_size 65 for ny040326150700b snapshot (DB value missing/invalid).
2026-03-04 15:15:36 [INFO] 🔍 Found 0 orders in DB for trade ny040326150700b via get_orders_by_trade_id.
2026-03-04 15:15:36 [INFO] Found 0 filled orders for ny040326150700b in DB via get_orders_by_trade_id.
2026-03-04 15:15:36 [WARNING] No trade orders found for ny040326150700b to build snapshot.
2026-03-04 15:15:36 [WARNING] Position reconstruction for ny040326150700b yielded no positions. Falling back to main two legs for greeks.
2026-03-04 15:15:37 [INFO] ⚠️ Using derived lot_size 65 for ny040326150700b snapshot (DB value missing/invalid).
2026-03-04 15:15:37 [INFO] 🔍 Found 0 orders in DB for trade ny040326150700b via get_orders_by_trade_id.
2026-03-04 15:15:37 [INFO] Found 0 filled orders for ny040326150700b in DB via get_orders_by_trade_id.
2026-03-04 15:15:37 [WARNING] No trade orders found for ny040326150700b to build snapshot.
2026-03-04 15:15:37 [WARNING] Position reconstruction for ny040326150700b yielded no positions. Falling back to main two legs for greeks.
2026-03-04 15:15:38 [INFO] ⚠️ Using derived lot_size 65 for ny040326150700b snapshot (DB value missing/invalid).
2026-03-04 15:15:38 [INFO] 🔍 Found 0 orders in DB for trade ny040326150700b via get_orders_by_trade_id.
2026-03-04 15:15:38 [INFO] Found 0 filled orders for ny040326150700b in DB via get_orders_by_trade_id.
2026-03-04 15:15:38 [WARNING] No trade orders found for ny040326150700b to build snapshot.
2026-03-04 15:15:38 [WARNING] Position reconstruction for ny040326150700b yielded no positions. Falling back to main two legs for greeks.
2026-03-04 15:15:38 [INFO] ⚠️ Using derived lot_size 65 for ny040326150700b snapshot (DB value missing/invalid).
2026-03-04 15:15:38 [INFO] 🔍 Found 0 orders in DB for trade ny040326150700b via get_orders_by_trade_id.
2026-03-04 15:15:38 [INFO] Found 0 filled orders for ny040326150700b in DB via get_orders_by_trade_id.
2026-03-04 15:15:38 [WARNING] No trade orders found for ny040326150700b to build snapshot.
2026-03-04 15:15:38 [WARNING] Position reconstruction for ny040326150700b yielded no positions. Falling back to main two legs for greeks.
2026-03-04 15:15:39 [INFO] ⚠️ Using derived lot_size 65 for ny040326150700b snapshot (DB value missing/invalid).
2026-03-04 15:15:39 [INFO] 🔍 Found 0 orders in DB for trade ny040326150700b via get_orders_by_trade_id.
2026-03-04 15:15:39 [INFO] Found 0 filled orders for ny040326150700b in DB via get_orders_by_trade_id.
2026-03-04 15:15:39 [WARNING] No trade orders found for ny040326150700b to build snapshot.
2026-03-04 15:15:39 [WARNING] Position reconstruction for ny040326150700b yielded no positions. Falling back to main two legs for greeks.
2026-03-04 15:15:39 [INFO] ⚠️ Using derived lot_size 65 for ny040326150700b snapshot (DB value missing/invalid).
2026-03-04 15:15:39 [INFO] 🔍 Found 0 orders in DB for trade ny040326150700b via get_orders_by_trade_id.
2026-03-04 15:15:39 [INFO] Found 0 filled orders for ny040326150700b in DB via get_orders_by_trade_id.
2026-03-04 15:15:39 [WARNING] No trade orders found for ny040326150700b to build snapshot.
2026-03-04 15:15:39 [WARNING] Position reconstruction for ny040326150700b yielded no positions. Falling back to main two legs for greeks.
2026-03-04 15:15:40 [INFO] ⚠️ Using derived lot_size 65 for ny040326150700b snapshot (DB value missing/invalid).
2026-03-04 15:15:40 [INFO] 🔍 Found 0 orders in DB for trade ny040326150700b via get_orders_by_trade_id.
2026-03-04 15:15:40 [INFO] Found 0 filled orders for ny040326150700b in DB via get_orders_by_trade_id.
2026-03-04 15:15:40 [WARNING] No trade orders found for ny040326150700b to build snapshot.
2026-03-04 15:15:40 [WARNING] Position reconstruction for ny040326150700b yielded no positions. Falling back to main two legs for greeks.
2026-03-04 15:15:40 [INFO] ⚠️ Using derived lot_size 65 for ny040326150700b snapshot (DB value missing/invalid).
2026-03-04 15:15:40 [INFO] 🔍 Found 0 orders in DB for trade ny040326150700b via get_orders_by_trade_id.
2026-03-04 15:15:40 [INFO] Found 0 filled orders for ny040326150700b in DB via get_orders_by_trade_id.
2026-03-04 15:15:40 [WARNING] No trade orders found for ny040326150700b to build snapshot.
2026-03-04 15:15:40 [WARNING] Position reconstruction for ny040326150700b yielded no positions. Falling back to main two legs for greeks.
2026-03-04 15:15:41 [INFO] ⚠️ Using derived lot_size 65 for ny040326150700b snapshot (DB value missing/invalid).
2026-03-04 15:15:41 [INFO] 🔍 Found 0 orders in DB for trade ny040326150700b via get_orders_by_trade_id.
2026-03-04 15:15:41 [INFO] Found 0 filled orders for ny040326150700b in DB via get_orders_by_trade_id.
2026-03-04 15:15:41 [WARNING] No trade orders found for ny040326150700b to build snapshot.
2026-03-04 15:15:41 [WARNING] Position reconstruction for ny040326150700b yielded no positions. Falling back to main two legs for greeks.
2026-03-04 15:15:41 [INFO] ⚠️ Using derived lot_size 65 for ny040326150700b snapshot (DB value missing/invalid).
2026-03-04 15:15:41 [INFO] 🔍 Found 0 orders in DB for trade ny040326150700b via get_orders_by_trade_id.
2026-03-04 15:15:41 [INFO] Found 0 filled orders for ny040326150700b in DB via get_orders_by_trade_id.
2026-03-04 15:15:41 [WARNING] No trade orders found for ny040326150700b to build snapshot.
2026-03-04 15:15:41 [WARNING] Position reconstruction for ny040326150700b yielded no positions. Falling back to main two legs for greeks.
2026-03-04 15:15:42 [INFO] ⚠️ Using derived lot_size 65 for ny040326150700b snapshot (DB value missing/invalid).
2026-03-04 15:15:42 [INFO] 🔍 Found 0 orders in DB for trade ny040326150700b via get_orders_by_trade_id.
2026-03-04 15:15:42 [INFO] Found 0 filled orders for ny040326150700b in DB via get_orders_by_trade_id.
2026-03-04 15:15:42 [WARNING] No trade orders found for ny040326150700b to build snapshot.
2026-03-04 15:15:42 [WARNING] Position reconstruction for ny040326150700b yielded no positions. Falling back to main two legs for greeks.
2026-03-04 15:15:42 [INFO] ⚠️ Using derived lot_size 65 for ny040326150700b snapshot (DB value missing/invalid).
2026-03-04 15:15:42 [INFO] 🔍 Found 0 orders in DB for trade ny040326150700b via get_orders_by_trade_id.
2026-03-04 15:15:42 [INFO] Found 0 filled orders for ny040326150700b in DB via get_orders_by_trade_id.
2026-03-04 15:15:42 [WARNING] No trade orders found for ny040326150700b to build snapshot.
2026-03-04 15:15:42 [WARNING] Position reconstruction for ny040326150700b yielded no positions. Falling back to main two legs for greeks.
2026-03-04 15:15:43 [INFO] ⚠️ Using derived lot_size 65 for ny040326150700b snapshot (DB value missing/invalid).
2026-03-04 15:15:43 [INFO] 🔍 Found 0 orders in DB for trade ny040326150700b via get_orders_by_trade_id.
2026-03-04 15:15:43 [INFO] Found 0 filled orders for ny040326150700b in DB via get_orders_by_trade_id.
2026-03-04 15:15:43 [WARNING] No trade orders found for ny040326150700b to build snapshot.
2026-03-04 15:15:43 [WARNING] Position reconstruction for ny040326150700b yielded no positions. Falling back to main two legs for greeks.
2026-03-04 15:15:44 [INFO] ⚠️ Using derived lot_size 65 for ny040326150700b snapshot (DB value missing/invalid).
2026-03-04 15:15:44 [INFO] 🔍 Found 0 orders in DB for trade ny040326150700b via get_orders_by_trade_id.
2026-03-04 15:15:44 [INFO] Found 0 filled orders for ny040326150700b in DB via get_orders_by_trade_id.
2026-03-04 15:15:44 [WARNING] No trade orders found for ny040326150700b to build snapshot.
2026-03-04 15:15:44 [WARNING] Position reconstruction for ny040326150700b yielded no positions. Falling back to main two legs for greeks.
2026-03-04 15:15:44 [INFO] ⚠️ Using derived lot_size 65 for ny040326150700b snapshot (DB value missing/invalid).
2026-03-04 15:15:44 [INFO] 🔍 Found 0 orders in DB for trade ny040326150700b via get_orders_by_trade_id.
2026-03-04 15:15:44 [INFO] Found 0 filled orders for ny040326150700b in DB via get_orders_by_trade_id.
2026-03-04 15:15:44 [WARNING] No trade orders found for ny040326150700b to build snapshot.
2026-03-04 15:15:44 [WARNING] Position reconstruction for ny040326150700b yielded no positions. Falling back to main two legs for greeks.
2026-03-04 15:15:45 [INFO] ⚠️ Using derived lot_size 65 for ny040326150700b snapshot (DB value missing/invalid).
2026-03-04 15:15:45 [INFO] 🔍 Found 0 orders in DB for trade ny040326150700b via get_orders_by_trade_id.
2026-03-04 15:15:45 [INFO] Found 0 filled orders for ny040326150700b in DB via get_orders_by_trade_id.
2026-03-04 15:15:45 [WARNING] No trade orders found for ny040326150700b to build snapshot.
2026-03-04 15:15:45 [WARNING] Position reconstruction for ny040326150700b yielded no positions. Falling back to main two legs for greeks.
2026-03-04 15:15:45 [INFO] ⚠️ Using derived lot_size 65 for ny040326150700b snapshot (DB value missing/invalid).
2026-03-04 15:15:45 [INFO] 🔍 Found 0 orders in DB for trade ny040326150700b via get_orders_by_trade_id.
2026-03-04 15:15:45 [INFO] Found 0 filled orders for ny040326150700b in DB via get_orders_by_trade_id.
2026-03-04 15:15:45 [WARNING] No trade orders found for ny040326150700b to build snapshot.
2026-03-04 15:15:45 [WARNING] Position reconstruction for ny040326150700b yielded no positions. Falling back to main two legs for greeks.
2026-03-04 15:15:46 [INFO] ⚠️ Using derived lot_size 65 for ny040326150700b snapshot (DB value missing/invalid).
2026-03-04 15:15:46 [INFO] 🔍 Found 0 orders in DB for trade ny040326150700b via get_orders_by_trade_id.
2026-03-04 15:15:46 [INFO] Found 0 filled orders for ny040326150700b in DB via get_orders_by_trade_id.
2026-03-04 15:15:46 [WARNING] No trade orders found for ny040326150700b to build snapshot.
2026-03-04 15:15:46 [WARNING] Position reconstruction for ny040326150700b yielded no positions. Falling back to main two legs for greeks.
2026-03-04 15:15:46 [INFO] ⚠️ Using derived lot_size 65 for ny040326150700b snapshot (DB value missing/invalid).
2026-03-04 15:15:46 [INFO] 🔍 Found 0 orders in DB for trade ny040326150700b via get_orders_by_trade_id.
2026-03-04 15:15:46 [INFO] Found 0 filled orders for ny040326150700b in DB via get_orders_by_trade_id.
2026-03-04 15:15:46 [WARNING] No trade orders found for ny040326150700b to build snapshot.
2026-03-04 15:15:46 [WARNING] Position reconstruction for ny040326150700b yielded no positions. Falling back to main two legs for greeks.
2026-03-04 15:15:46 [INFO] Received and updated option chain for NIFTY via WebSocket.
2026-03-04 15:15:47 [INFO] ⚠️ Using derived lot_size 65 for ny040326150700b snapshot (DB value missing/invalid).
2026-03-04 15:15:47 [INFO] 🔍 Found 0 orders in DB for trade ny040326150700b via get_orders_by_trade_id.
2026-03-04 15:15:47 [INFO] Found 0 filled orders for ny040326150700b in DB via get_orders_by_trade_id.
2026-03-04 15:15:47 [WARNING] No trade orders found for ny040326150700b to build snapshot.
2026-03-04 15:15:47 [WARNING] Position reconstruction for ny040326150700b yielded no positions. Falling back to main two legs for greeks.
2026-03-04 15:15:47 [INFO] ⚠️ Using derived lot_size 65 for ny040326150700b snapshot (DB value missing/invalid).
2026-03-04 15:15:47 [INFO] 🔍 Found 0 orders in DB for trade ny040326150700b via get_orders_by_trade_id.
2026-03-04 15:15:47 [INFO] Found 0 filled orders for ny040326150700b in DB via get_orders_by_trade_id.
2026-03-04 15:15:47 [WARNING] No trade orders found for ny040326150700b to build snapshot.
2026-03-04 15:15:47 [WARNING] Position reconstruction for ny040326150700b yielded no positions. Falling back to main two legs for greeks.
2026-03-04 15:15:48 [INFO] ⚠️ Using derived lot_size 65 for ny040326150700b snapshot (DB value missing/invalid).
2026-03-04 15:15:48 [INFO] 🔍 Found 0 orders in DB for trade ny040326150700b via get_orders_by_trade_id.
2026-03-04 15:15:48 [INFO] Found 0 filled orders for ny040326150700b in DB via get_orders_by_trade_id.
2026-03-04 15:15:48 [WARNING] No trade orders found for ny040326150700b to build snapshot.
2026-03-04 15:15:48 [WARNING] Position reconstruction for ny040326150700b yielded no positions. Falling back to main two legs for greeks.
2026-03-04 15:15:48 [INFO] ⚠️ Using derived lot_size 65 for ny040326150700b snapshot (DB value missing/invalid).
2026-03-04 15:15:48 [INFO] 🔍 Found 0 orders in DB for trade ny040326150700b via get_orders_by_trade_id.
2026-03-04 15:15:48 [INFO] Found 0 filled orders for ny040326150700b in DB via get_orders_by_trade_id.
2026-03-04 15:15:48 [WARNING] No trade orders found for ny040326150700b to build snapshot.
2026-03-04 15:15:48 [WARNING] Position reconstruction for ny040326150700b yielded no positions. Falling back to main two legs for greeks.
2026-03-04 15:15:49 [INFO] Received and updated option chain for SENSEX via WebSocket.
2026-03-04 15:15:49 [INFO] ⚠️ Using derived lot_size 65 for ny040326150700b snapshot (DB value missing/invalid).
2026-03-04 15:15:49 [INFO] 🔍 Found 0 orders in DB for trade ny040326150700b via get_orders_by_trade_id.
2026-03-04 15:15:49 [INFO] Found 0 filled orders for ny040326150700b in DB via get_orders_by_trade_id.
2026-03-04 15:15:49 [WARNING] No trade orders found for ny040326150700b to build snapshot.
2026-03-04 15:15:49 [WARNING] Position reconstruction for ny040326150700b yielded no positions. Falling back to main two legs for greeks.
2026-03-04 15:15:50 [INFO] ⚠️ Using derived lot_size 65 for ny040326150700b snapshot (DB value missing/invalid).
2026-03-04 15:15:50 [INFO] 🔍 Found 0 orders in DB for trade ny040326150700b via get_orders_by_trade_id.
2026-03-04 15:15:50 [INFO] Found 0 filled orders for ny040326150700b in DB via get_orders_by_trade_id.
2026-03-04 15:15:50 [WARNING] No trade orders found for ny040326150700b to build snapshot.
2026-03-04 15:15:50 [WARNING] Position reconstruction for ny040326150700b yielded no positions. Falling back to main two legs for greeks.
2026-03-04 15:15:50 [INFO] ⚠️ Using derived lot_size 65 for ny040326150700b snapshot (DB value missing/invalid).
2026-03-04 15:15:50 [INFO] 🔍 Found 0 orders in DB for trade ny040326150700b via get_orders_by_trade_id.
2026-03-04 15:15:50 [INFO] Found 0 filled orders for ny040326150700b in DB via get_orders_by_trade_id.
2026-03-04 15:15:50 [WARNING] No trade orders found for ny040326150700b to build snapshot.
2026-03-04 15:15:50 [WARNING] Position reconstruction for ny040326150700b yielded no positions. Falling back to main two legs for greeks.
2026-03-04 15:15:51 [INFO] ⚠️ Using derived lot_size 65 for ny040326150700b snapshot (DB value missing/invalid).
2026-03-04 15:15:51 [INFO] 🔍 Found 0 orders in DB for trade ny040326150700b via get_orders_by_trade_id.
2026-03-04 15:15:51 [INFO] Found 0 filled orders for ny040326150700b in DB via get_orders_by_trade_id.
2026-03-04 15:15:51 [WARNING] No trade orders found for ny040326150700b to build snapshot.
2026-03-04 15:15:51 [WARNING] Position reconstruction for ny040326150700b yielded no positions. Falling back to main two legs for greeks.
2026-03-04 15:15:51 [INFO] ⚠️ Using derived lot_size 65 for ny040326150700b snapshot (DB value missing/invalid).
2026-03-04 15:15:51 [INFO] 🔍 Found 0 orders in DB for trade ny040326150700b via get_orders_by_trade_id.
2026-03-04 15:15:51 [INFO] Found 0 filled orders for ny040326150700b in DB via get_orders_by_trade_id.
2026-03-04 15:15:51 [WARNING] No trade orders found for ny040326150700b to build snapshot.
2026-03-04 15:15:51 [WARNING] Position reconstruction for ny040326150700b yielded no positions. Falling back to main two legs for greeks.
2026-03-04 15:15:52 [INFO] ⚠️ Using derived lot_size 65 for ny040326150700b snapshot (DB value missing/invalid).
2026-03-04 15:15:52 [INFO] 🔍 Found 0 orders in DB for trade ny040326150700b via get_orders_by_trade_id.
2026-03-04 15:15:52 [INFO] Found 0 filled orders for ny040326150700b in DB via get_orders_by_trade_id.
2026-03-04 15:15:52 [WARNING] No trade orders found for ny040326150700b to build snapshot.
2026-03-04 15:15:52 [WARNING] Position reconstruction for ny040326150700b yielded no positions. Falling back to main two legs for greeks.
2026-03-04 15:15:52 [INFO] ⚠️ Using derived lot_size 65 for ny040326150700b snapshot (DB value missing/invalid).
2026-03-04 15:15:52 [INFO] 🔍 Found 0 orders in DB for trade ny040326150700b via get_orders_by_trade_id.
2026-03-04 15:15:52 [INFO] Found 0 filled orders for ny040326150700b in DB via get_orders_by_trade_id.
2026-03-04 15:15:52 [WARNING] No trade orders found for ny040326150700b to build snapshot.
2026-03-04 15:15:52 [WARNING] Position reconstruction for ny040326150700b yielded no positions. Falling back to main two legs for greeks.
2026-03-04 15:15:53 [INFO] ⚠️ Using derived lot_size 65 for ny040326150700b snapshot (DB value missing/invalid).
2026-03-04 15:15:53 [INFO] 🔍 Found 0 orders in DB for trade ny040326150700b via get_orders_by_trade_id.
2026-03-04 15:15:53 [INFO] Found 0 filled orders for ny040326150700b in DB via get_orders_by_trade_id.
2026-03-04 15:15:53 [WARNING] No trade orders found for ny040326150700b to build snapshot.
2026-03-04 15:15:53 [WARNING] Position reconstruction for ny040326150700b yielded no positions. Falling back to main two legs for greeks.
2026-03-04 15:15:53 [INFO] ⚠️ Using derived lot_size 65 for ny040326150700b snapshot (DB value missing/invalid).
2026-03-04 15:15:53 [INFO] 🔍 Found 0 orders in DB for trade ny040326150700b via get_orders_by_trade_id.
2026-03-04 15:15:53 [INFO] Found 0 filled orders for ny040326150700b in DB via get_orders_by_trade_id.
2026-03-04 15:15:53 [WARNING] No trade orders found for ny040326150700b to build snapshot.
2026-03-04 15:15:53 [WARNING] Position reconstruction for ny040326150700b yielded no positions. Falling back to main two legs for greeks.
2026-03-04 15:15:54 [INFO] ⚠️ Using derived lot_size 65 for ny040326150700b snapshot (DB value missing/invalid).
2026-03-04 15:15:54 [INFO] 🔍 Found 0 orders in DB for trade ny040326150700b via get_orders_by_trade_id.
2026-03-04 15:15:54 [INFO] Found 0 filled orders for ny040326150700b in DB via get_orders_by_trade_id.
2026-03-04 15:15:54 [WARNING] No trade orders found for ny040326150700b to build snapshot.
2026-03-04 15:15:54 [WARNING] Position reconstruction for ny040326150700b yielded no positions. Falling back to main two legs for greeks.
2026-03-04 15:15:55 [INFO] ⚠️ Using derived lot_size 65 for ny040326150700b snapshot (DB value missing/invalid).
2026-03-04 15:15:55 [INFO] 🔍 Found 0 orders in DB for trade ny040326150700b via get_orders_by_trade_id.
2026-03-04 15:15:55 [INFO] Found 0 filled orders for ny040326150700b in DB via get_orders_by_trade_id.
2026-03-04 15:15:55 [WARNING] No trade orders found for ny040326150700b to build snapshot.
2026-03-04 15:15:55 [WARNING] Position reconstruction for ny040326150700b yielded no positions. Falling back to main two legs for greeks.
2026-03-04 15:15:55 [INFO] ⚠️ Using derived lot_size 65 for ny040326150700b snapshot (DB value missing/invalid).
2026-03-04 15:15:55 [INFO] 🔍 Found 0 orders in DB for trade ny040326150700b via get_orders_by_trade_id.
2026-03-04 15:15:55 [INFO] Found 0 filled orders for ny040326150700b in DB via get_orders_by_trade_id.
2026-03-04 15:15:55 [WARNING] No trade orders found for ny040326150700b to build snapshot.
2026-03-04 15:15:55 [WARNING] Position reconstruction for ny040326150700b yielded no positions. Falling back to main two legs for greeks.
2026-03-04 15:15:56 [INFO] ⚠️ Using derived lot_size 65 for ny040326150700b snapshot (DB value missing/invalid).
2026-03-04 15:15:56 [INFO] 🔍 Found 0 orders in DB for trade ny040326150700b via get_orders_by_trade_id.
2026-03-04 15:15:56 [INFO] Found 0 filled orders for ny040326150700b in DB via get_orders_by_trade_id.
2026-03-04 15:15:56 [WARNING] No trade orders found for ny040326150700b to build snapshot.
2026-03-04 15:15:56 [WARNING] Position reconstruction for ny040326150700b yielded no positions. Falling back to main two legs for greeks.
2026-03-04 15:15:56 [INFO] ⚠️ Using derived lot_size 65 for ny040326150700b snapshot (DB value missing/invalid).
2026-03-04 15:15:56 [INFO] 🔍 Found 0 orders in DB for trade ny040326150700b via get_orders_by_trade_id.
2026-03-04 15:15:56 [INFO] Found 0 filled orders for ny040326150700b in DB via get_orders_by_trade_id.
2026-03-04 15:15:56 [WARNING] No trade orders found for ny040326150700b to build snapshot.
2026-03-04 15:15:56 [WARNING] Position reconstruction for ny040326150700b yielded no positions. Falling back to main two legs for greeks.
2026-03-04 15:15:57 [INFO] ⚠️ Using derived lot_size 65 for ny040326150700b snapshot (DB value missing/invalid).
2026-03-04 15:15:57 [INFO] 🔍 Found 0 orders in DB for trade ny040326150700b via get_orders_by_trade_id.
2026-03-04 15:15:57 [INFO] Found 0 filled orders for ny040326150700b in DB via get_orders_by_trade_id.
2026-03-04 15:15:57 [WARNING] No trade orders found for ny040326150700b to build snapshot.
2026-03-04 15:15:57 [WARNING] Position reconstruction for ny040326150700b yielded no positions. Falling back to main two legs for greeks.
2026-03-04 15:15:57 [INFO] ⚠️ Using derived lot_size 65 for ny040326150700b snapshot (DB value missing/invalid).
2026-03-04 15:15:57 [INFO] 🔍 Found 0 orders in DB for trade ny040326150700b via get_orders_by_trade_id.
2026-03-04 15:15:57 [INFO] Found 0 filled orders for ny040326150700b in DB via get_orders_by_trade_id.
2026-03-04 15:15:57 [WARNING] No trade orders found for ny040326150700b to build snapshot.
2026-03-04 15:15:57 [WARNING] Position reconstruction for ny040326150700b yielded no positions. Falling back to main two legs for greeks.
2026-03-04 15:15:58 [INFO] ⚠️ Using derived lot_size 65 for ny040326150700b snapshot (DB value missing/invalid).
2026-03-04 15:15:58 [INFO] 🔍 Found 0 orders in DB for trade ny040326150700b via get_orders_by_trade_id.
2026-03-04 15:15:58 [INFO] Found 0 filled orders for ny040326150700b in DB via get_orders_by_trade_id.
2026-03-04 15:15:58 [WARNING] No trade orders found for ny040326150700b to build snapshot.
2026-03-04 15:15:58 [WARNING] Position reconstruction for ny040326150700b yielded no positions. Falling back to main two legs for greeks.
2026-03-04 15:15:58 [INFO] ⚠️ Using derived lot_size 65 for ny040326150700b snapshot (DB value missing/invalid).
2026-03-04 15:15:58 [INFO] 🔍 Found 0 orders in DB for trade ny040326150700b via get_orders_by_trade_id.
2026-03-04 15:15:58 [INFO] Found 0 filled orders for ny040326150700b in DB via get_orders_by_trade_id.
2026-03-04 15:15:58 [WARNING] No trade orders found for ny040326150700b to build snapshot.
2026-03-04 15:15:58 [WARNING] Position reconstruction for ny040326150700b yielded no positions. Falling back to main two legs for greeks.
2026-03-04 15:15:59 [INFO] ⚠️ Using derived lot_size 65 for ny040326150700b snapshot (DB value missing/invalid).
2026-03-04 15:15:59 [INFO] 🔍 Found 0 orders in DB for trade ny040326150700b via get_orders_by_trade_id.
2026-03-04 15:15:59 [INFO] Found 0 filled orders for ny040326150700b in DB via get_orders_by_trade_id.
2026-03-04 15:15:59 [WARNING] No trade orders found for ny040326150700b to build snapshot.
2026-03-04 15:15:59 [WARNING] Position reconstruction for ny040326150700b yielded no positions. Falling back to main two legs for greeks.
2026-03-04 15:15:59 [INFO] ⚠️ Using derived lot_size 65 for ny040326150700b snapshot (DB value missing/invalid).
2026-03-04 15:15:59 [INFO] 🔍 Found 0 orders in DB for trade ny040326150700b via get_orders_by_trade_id.
2026-03-04 15:15:59 [INFO] Found 0 filled orders for ny040326150700b in DB via get_orders_by_trade_id.
2026-03-04 15:15:59 [WARNING] No trade orders found for ny040326150700b to build snapshot.
2026-03-04 15:15:59 [WARNING] Position reconstruction for ny040326150700b yielded no positions. Falling back to main two legs for greeks.
2026-03-04 15:16:00 [INFO] ⚠️ Using derived lot_size 65 for ny040326150700b snapshot (DB value missing/invalid).
2026-03-04 15:16:00 [INFO] 🔍 Found 0 orders in DB for trade ny040326150700b via get_orders_by_trade_id.
2026-03-04 15:16:00 [INFO] Found 0 filled orders for ny040326150700b in DB via get_orders_by_trade_id.
2026-03-04 15:16:00 [WARNING] No trade orders found for ny040326150700b to build snapshot.
2026-03-04 15:16:00 [WARNING] Position reconstruction for ny040326150700b yielded no positions. Falling back to main two legs for greeks.
2026-03-04 15:16:00 [INFO] ⚠️ Using derived lot_size 65 for ny040326150700b snapshot (DB value missing/invalid).
2026-03-04 15:16:00 [INFO] 🔍 Found 0 orders in DB for trade ny040326150700b via get_orders_by_trade_id.
2026-03-04 15:16:00 [INFO] Found 0 filled orders for ny040326150700b in DB via get_orders_by_trade_id.
2026-03-04 15:16:00 [WARNING] No trade orders found for ny040326150700b to build snapshot.
2026-03-04 15:16:00 [WARNING] Position reconstruction for ny040326150700b yielded no positions. Falling back to main two legs for greeks.
2026-03-04 15:16:01 [INFO] ⚠️ Using derived lot_size 65 for ny040326150700b snapshot (DB value missing/invalid).
2026-03-04 15:16:01 [INFO] 🔍 Found 0 orders in DB for trade ny040326150700b via get_orders_by_trade_id.
2026-03-04 15:16:01 [INFO] Found 0 filled orders for ny040326150700b in DB via get_orders_by_trade_id.
2026-03-04 15:16:01 [WARNING] No trade orders found for ny040326150700b to build snapshot.
2026-03-04 15:16:01 [WARNING] Position reconstruction for ny040326150700b yielded no positions. Falling back to main two legs for greeks.
2026-03-04 15:16:01 [INFO] Received and updated option chain for NIFTY via WebSocket.
2026-03-04 15:16:02 [INFO] ⚠️ Using derived lot_size 65 for ny040326150700b snapshot (DB value missing/invalid).
2026-03-04 15:16:02 [INFO] 🔍 Found 0 orders in DB for trade ny040326150700b via get_orders_by_trade_id.
2026-03-04 15:16:02 [INFO] Found 0 filled orders for ny040326150700b in DB via get_orders_by_trade_id.
2026-03-04 15:16:02 [WARNING] No trade orders found for ny040326150700b to build snapshot.
2026-03-04 15:16:02 [WARNING] Position reconstruction for ny040326150700b yielded no positions. Falling back to main two legs for greeks.
2026-03-04 15:16:02 [INFO] ⚠️ Using derived lot_size 65 for ny040326150700b snapshot (DB value missing/invalid).
2026-03-04 15:16:02 [INFO] 🔍 Found 0 orders in DB for trade ny040326150700b via get_orders_by_trade_id.
2026-03-04 15:16:02 [INFO] Found 0 filled orders for ny040326150700b in DB via get_orders_by_trade_id.
2026-03-04 15:16:02 [WARNING] No trade orders found for ny040326150700b to build snapshot.
2026-03-04 15:16:02 [WARNING] Position reconstruction for ny040326150700b yielded no positions. Falling back to main two legs for greeks.
2026-03-04 15:16:03 [INFO] ⚠️ Using derived lot_size 65 for ny040326150700b snapshot (DB value missing/invalid).
2026-03-04 15:16:03 [INFO] 🔍 Found 0 orders in DB for trade ny040326150700b via get_orders_by_trade_id.
2026-03-04 15:16:03 [INFO] Found 0 filled orders for ny040326150700b in DB via get_orders_by_trade_id.
2026-03-04 15:16:03 [WARNING] No trade orders found for ny040326150700b to build snapshot.
2026-03-04 15:16:03 [WARNING] Position reconstruction for ny040326150700b yielded no positions. Falling back to main two legs for greeks.
2026-03-04 15:16:03 [INFO] ⚠️ Using derived lot_size 65 for ny040326150700b snapshot (DB value missing/invalid).
2026-03-04 15:16:03 [INFO] 🔍 Found 0 orders in DB for trade ny040326150700b via get_orders_by_trade_id.
2026-03-04 15:16:03 [INFO] Found 0 filled orders for ny040326150700b in DB via get_orders_by_trade_id.
2026-03-04 15:16:03 [WARNING] No trade orders found for ny040326150700b to build snapshot.
2026-03-04 15:16:03 [WARNING] Position reconstruction for ny040326150700b yielded no positions. Falling back to main two legs for greeks.
2026-03-04 15:16:04 [INFO] Received and updated option chain for SENSEX via WebSocket.
2026-03-04 15:16:04 [INFO] ⚠️ Using derived lot_size 65 for ny040326150700b snapshot (DB value missing/invalid).
2026-03-04 15:16:04 [INFO] 🔍 Found 0 orders in DB for trade ny040326150700b via get_orders_by_trade_id.
2026-03-04 15:16:04 [INFO] Found 0 filled orders for ny040326150700b in DB via get_orders_by_trade_id.
2026-03-04 15:16:04 [WARNING] No trade orders found for ny040326150700b to build snapshot.
2026-03-04 15:16:04 [WARNING] Position reconstruction for ny040326150700b yielded no positions. Falling back to main two legs for greeks.
2026-03-04 15:16:04 [INFO] ⚠️ Using derived lot_size 65 for ny040326150700b snapshot (DB value missing/invalid).
2026-03-04 15:16:04 [INFO] 🔍 Found 0 orders in DB for trade ny040326150700b via get_orders_by_trade_id.
2026-03-04 15:16:04 [INFO] Found 0 filled orders for ny040326150700b in DB via get_orders_by_trade_id.
2026-03-04 15:16:04 [WARNING] No trade orders found for ny040326150700b to build snapshot.
2026-03-04 15:16:04 [WARNING] Position reconstruction for ny040326150700b yielded no positions. Falling back to main two legs for greeks.
2026-03-04 15:16:05 [INFO] ⚠️ Using derived lot_size 65 for ny040326150700b snapshot (DB value missing/invalid).
2026-03-04 15:16:05 [INFO] 🔍 Found 0 orders in DB for trade ny040326150700b via get_orders_by_trade_id.
2026-03-04 15:16:05 [INFO] Found 0 filled orders for ny040326150700b in DB via get_orders_by_trade_id.
2026-03-04 15:16:05 [WARNING] No trade orders found for ny040326150700b to build snapshot.
2026-03-04 15:16:05 [WARNING] Position reconstruction for ny040326150700b yielded no positions. Falling back to main two legs for greeks.
2026-03-04 15:16:05 [INFO] ⚠️ Using derived lot_size 65 for ny040326150700b snapshot (DB value missing/invalid).
2026-03-04 15:16:05 [INFO] 🔍 Found 0 orders in DB for trade ny040326150700b via get_orders_by_trade_id.
2026-03-04 15:16:05 [INFO] Found 0 filled orders for ny040326150700b in DB via get_orders_by_trade_id.
2026-03-04 15:16:05 [WARNING] No trade orders found for ny040326150700b to build snapshot.
2026-03-04 15:16:05 [WARNING] Position reconstruction for ny040326150700b yielded no positions. Falling back to main two legs for greeks.
2026-03-04 15:16:06 [INFO] ⚠️ Using derived lot_size 65 for ny040326150700b snapshot (DB value missing/invalid).
2026-03-04 15:16:06 [INFO] 🔍 Found 0 orders in DB for trade ny040326150700b via get_orders_by_trade_id.
2026-03-04 15:16:06 [INFO] Found 0 filled orders for ny040326150700b in DB via get_orders_by_trade_id.
2026-03-04 15:16:06 [WARNING] No trade orders found for ny040326150700b to build snapshot.
2026-03-04 15:16:06 [WARNING] Position reconstruction for ny040326150700b yielded no positions. Falling back to main two legs for greeks.
2026-03-04 15:16:06 [INFO] ⚠️ Using derived lot_size 65 for ny040326150700b snapshot (DB value missing/invalid).
2026-03-04 15:16:06 [INFO] 🔍 Found 0 orders in DB for trade ny040326150700b via get_orders_by_trade_id.
2026-03-04 15:16:06 [INFO] Found 0 filled orders for ny040326150700b in DB via get_orders_by_trade_id.
2026-03-04 15:16:06 [WARNING] No trade orders found for ny040326150700b to build snapshot.
2026-03-04 15:16:06 [WARNING] Position reconstruction for ny040326150700b yielded no positions. Falling back to main two legs for greeks.
2026-03-04 15:16:07 [INFO] ⚠️ Using derived lot_size 65 for ny040326150700b snapshot (DB value missing/invalid).
2026-03-04 15:16:07 [INFO] 🔍 Found 0 orders in DB for trade ny040326150700b via get_orders_by_trade_id.
2026-03-04 15:16:07 [INFO] Found 0 filled orders for ny040326150700b in DB via get_orders_by_trade_id.
2026-03-04 15:16:07 [WARNING] No trade orders found for ny040326150700b to build snapshot.
2026-03-04 15:16:07 [WARNING] Position reconstruction for ny040326150700b yielded no positions. Falling back to main two legs for greeks.
2026-03-04 15:16:08 [INFO] ⚠️ Using derived lot_size 65 for ny040326150700b snapshot (DB value missing/invalid).
2026-03-04 15:16:08 [INFO] 🔍 Found 0 orders in DB for trade ny040326150700b via get_orders_by_trade_id.
2026-03-04 15:16:08 [INFO] Found 0 filled orders for ny040326150700b in DB via get_orders_by_trade_id.
2026-03-04 15:16:08 [WARNING] No trade orders found for ny040326150700b to build snapshot.
2026-03-04 15:16:08 [WARNING] Position reconstruction for ny040326150700b yielded no positions. Falling back to main two legs for greeks.
2026-03-04 15:16:08 [INFO] ⚠️ Using derived lot_size 65 for ny040326150700b snapshot (DB value missing/invalid).
2026-03-04 15:16:08 [INFO] 🔍 Found 0 orders in DB for trade ny040326150700b via get_orders_by_trade_id.
2026-03-04 15:16:08 [INFO] Found 0 filled orders for ny040326150700b in DB via get_orders_by_trade_id.
2026-03-04 15:16:08 [WARNING] No trade orders found for ny040326150700b to build snapshot.
2026-03-04 15:16:08 [WARNING] Position reconstruction for ny040326150700b yielded no positions. Falling back to main two legs for greeks.
2026-03-04 15:16:09 [INFO] ⚠️ Using derived lot_size 65 for ny040326150700b snapshot (DB value missing/invalid).
2026-03-04 15:16:09 [INFO] 🔍 Found 0 orders in DB for trade ny040326150700b via get_orders_by_trade_id.
2026-03-04 15:16:09 [INFO] Found 0 filled orders for ny040326150700b in DB via get_orders_by_trade_id.
2026-03-04 15:16:09 [WARNING] No trade orders found for ny040326150700b to build snapshot.
2026-03-04 15:16:09 [WARNING] Position reconstruction for ny040326150700b yielded no positions. Falling back to main two legs for greeks.
2026-03-04 15:16:09 [INFO] ⚠️ Using derived lot_size 65 for ny040326150700b snapshot (DB value missing/invalid).
2026-03-04 15:16:09 [INFO] 🔍 Found 0 orders in DB for trade ny040326150700b via get_orders_by_trade_id.
2026-03-04 15:16:09 [INFO] Found 0 filled orders for ny040326150700b in DB via get_orders_by_trade_id.
2026-03-04 15:16:09 [WARNING] No trade orders found for ny040326150700b to build snapshot.
2026-03-04 15:16:09 [WARNING] Position reconstruction for ny040326150700b yielded no positions. Falling back to main two legs for greeks.
2026-03-04 15:16:10 [INFO] ⚠️ Using derived lot_size 65 for ny040326150700b snapshot (DB value missing/invalid).
2026-03-04 15:16:10 [INFO] 🔍 Found 0 orders in DB for trade ny040326150700b via get_orders_by_trade_id.
2026-03-04 15:16:10 [INFO] Found 0 filled orders for ny040326150700b in DB via get_orders_by_trade_id.
2026-03-04 15:16:10 [WARNING] No trade orders found for ny040326150700b to build snapshot.
2026-03-04 15:16:10 [WARNING] Position reconstruction for ny040326150700b yielded no positions. Falling back to main two legs for greeks.
2026-03-04 15:16:10 [INFO] ⚠️ Using derived lot_size 65 for ny040326150700b snapshot (DB value missing/invalid).
2026-03-04 15:16:10 [INFO] 🔍 Found 0 orders in DB for trade ny040326150700b via get_orders_by_trade_id.
2026-03-04 15:16:10 [INFO] Found 0 filled orders for ny040326150700b in DB via get_orders_by_trade_id.
2026-03-04 15:16:10 [WARNING] No trade orders found for ny040326150700b to build snapshot.
2026-03-04 15:16:10 [WARNING] Position reconstruction for ny040326150700b yielded no positions. Falling back to main two legs for greeks.
2026-03-04 15:16:11 [INFO] ⚠️ Using derived lot_size 65 for ny040326150700b snapshot (DB value missing/invalid).
2026-03-04 15:16:11 [INFO] 🔍 Found 0 orders in DB for trade ny040326150700b via get_orders_by_trade_id.
2026-03-04 15:16:11 [INFO] Found 0 filled orders for ny040326150700b in DB via get_orders_by_trade_id.
2026-03-04 15:16:11 [WARNING] No trade orders found for ny040326150700b to build snapshot.
2026-03-04 15:16:11 [WARNING] Position reconstruction for ny040326150700b yielded no positions. Falling back to main two legs for greeks.
2026-03-04 15:16:11 [INFO] ⚠️ Using derived lot_size 65 for ny040326150700b snapshot (DB value missing/invalid).
2026-03-04 15:16:11 [INFO] 🔍 Found 0 orders in DB for trade ny040326150700b via get_orders_by_trade_id.
2026-03-04 15:16:11 [INFO] Found 0 filled orders for ny040326150700b in DB via get_orders_by_trade_id.
2026-03-04 15:16:11 [WARNING] No trade orders found for ny040326150700b to build snapshot.
2026-03-04 15:16:11 [WARNING] Position reconstruction for ny040326150700b yielded no positions. Falling back to main two legs for greeks.
2026-03-04 15:16:12 [INFO] ⚠️ Using derived lot_size 65 for ny040326150700b snapshot (DB value missing/invalid).
2026-03-04 15:16:12 [INFO] 🔍 Found 0 orders in DB for trade ny040326150700b via get_orders_by_trade_id.
2026-03-04 15:16:12 [INFO] Found 0 filled orders for ny040326150700b in DB via get_orders_by_trade_id.
2026-03-04 15:16:12 [WARNING] No trade orders found for ny040326150700b to build snapshot.
2026-03-04 15:16:12 [WARNING] Position reconstruction for ny040326150700b yielded no positions. Falling back to main two legs for greeks.
2026-03-04 15:16:12 [INFO] ⚠️ Using derived lot_size 65 for ny040326150700b snapshot (DB value missing/invalid).
2026-03-04 15:16:12 [INFO] 🔍 Found 0 orders in DB for trade ny040326150700b via get_orders_by_trade_id.
2026-03-04 15:16:12 [INFO] Found 0 filled orders for ny040326150700b in DB via get_orders_by_trade_id.
2026-03-04 15:16:12 [WARNING] No trade orders found for ny040326150700b to build snapshot.
2026-03-04 15:16:12 [WARNING] Position reconstruction for ny040326150700b yielded no positions. Falling back to main two legs for greeks.
2026-03-04 15:16:13 [INFO] ⚠️ Using derived lot_size 65 for ny040326150700b snapshot (DB value missing/invalid).
2026-03-04 15:16:13 [INFO] 🔍 Found 0 orders in DB for trade ny040326150700b via get_orders_by_trade_id.
2026-03-04 15:16:13 [INFO] Found 0 filled orders for ny040326150700b in DB via get_orders_by_trade_id.
2026-03-04 15:16:13 [WARNING] No trade orders found for ny040326150700b to build snapshot.
2026-03-04 15:16:13 [WARNING] Position reconstruction for ny040326150700b yielded no positions. Falling back to main two legs for greeks.
2026-03-04 15:16:14 [INFO] ⚠️ Using derived lot_size 65 for ny040326150700b snapshot (DB value missing/invalid).
2026-03-04 15:16:14 [INFO] 🔍 Found 0 orders in DB for trade ny040326150700b via get_orders_by_trade_id.
2026-03-04 15:16:14 [INFO] Found 0 filled orders for ny040326150700b in DB via get_orders_by_trade_id.
2026-03-04 15:16:14 [WARNING] No trade orders found for ny040326150700b to build snapshot.
2026-03-04 15:16:14 [WARNING] Position reconstruction for ny040326150700b yielded no positions. Falling back to main two legs for greeks.
2026-03-04 15:16:14 [INFO] ⚠️ Using derived lot_size 65 for ny040326150700b snapshot (DB value missing/invalid).
2026-03-04 15:16:14 [INFO] 🔍 Found 0 orders in DB for trade ny040326150700b via get_orders_by_trade_id.
2026-03-04 15:16:14 [INFO] Found 0 filled orders for ny040326150700b in DB via get_orders_by_trade_id.
2026-03-04 15:16:14 [WARNING] No trade orders found for ny040326150700b to build snapshot.
2026-03-04 15:16:14 [WARNING] Position reconstruction for ny040326150700b yielded no positions. Falling back to main two legs for greeks.
2026-03-04 15:16:15 [INFO] ⚠️ Using derived lot_size 65 for ny040326150700b snapshot (DB value missing/invalid).
2026-03-04 15:16:15 [INFO] 🔍 Found 0 orders in DB for trade ny040326150700b via get_orders_by_trade_id.
2026-03-04 15:16:15 [INFO] Found 0 filled orders for ny040326150700b in DB via get_orders_by_trade_id.
2026-03-04 15:16:15 [WARNING] No trade orders found for ny040326150700b to build snapshot.
2026-03-04 15:16:15 [WARNING] Position reconstruction for ny040326150700b yielded no positions. Falling back to main two legs for greeks.
2026-03-04 15:16:15 [INFO] ⚠️ Using derived lot_size 65 for ny040326150700b snapshot (DB value missing/invalid).
2026-03-04 15:16:15 [INFO] 🔍 Found 0 orders in DB for trade ny040326150700b via get_orders_by_trade_id.
2026-03-04 15:16:15 [INFO] Found 0 filled orders for ny040326150700b in DB via get_orders_by_trade_id.
2026-03-04 15:16:15 [WARNING] No trade orders found for ny040326150700b to build snapshot.
2026-03-04 15:16:15 [WARNING] Position reconstruction for ny040326150700b yielded no positions. Falling back to main two legs for greeks.
2026-03-04 15:16:16 [INFO] ⚠️ Using derived lot_size 65 for ny040326150700b snapshot (DB value missing/invalid).
2026-03-04 15:16:16 [INFO] 🔍 Found 0 orders in DB for trade ny040326150700b via get_orders_by_trade_id.
2026-03-04 15:16:16 [INFO] Found 0 filled orders for ny040326150700b in DB via get_orders_by_trade_id.
2026-03-04 15:16:16 [WARNING] No trade orders found for ny040326150700b to build snapshot.
2026-03-04 15:16:16 [WARNING] Position reconstruction for ny040326150700b yielded no positions. Falling back to main two legs for greeks.
2026-03-04 15:16:16 [INFO] Received and updated option chain for NIFTY via WebSocket.
2026-03-04 15:16:16 [INFO] ⚠️ Using derived lot_size 65 for ny040326150700b snapshot (DB value missing/invalid).
2026-03-04 15:16:16 [INFO] 🔍 Found 0 orders in DB for trade ny040326150700b via get_orders_by_trade_id.
2026-03-04 15:16:16 [INFO] Found 0 filled orders for ny040326150700b in DB via get_orders_by_trade_id.
2026-03-04 15:16:16 [WARNING] No trade orders found for ny040326150700b to build snapshot.
2026-03-04 15:16:16 [WARNING] Position reconstruction for ny040326150700b yielded no positions. Falling back to main two legs for greeks.
2026-03-04 15:16:17 [INFO] ⚠️ Using derived lot_size 65 for ny040326150700b snapshot (DB value missing/invalid).
2026-03-04 15:16:17 [INFO] 🔍 Found 0 orders in DB for trade ny040326150700b via get_orders_by_trade_id.
2026-03-04 15:16:17 [INFO] Found 0 filled orders for ny040326150700b in DB via get_orders_by_trade_id.
2026-03-04 15:16:17 [WARNING] No trade orders found for ny040326150700b to build snapshot.
2026-03-04 15:16:17 [WARNING] Position reconstruction for ny040326150700b yielded no positions. Falling back to main two legs for greeks.
2026-03-04 15:16:17 [INFO] ⚠️ Using derived lot_size 65 for ny040326150700b snapshot (DB value missing/invalid).
2026-03-04 15:16:17 [INFO] 🔍 Found 0 orders in DB for trade ny040326150700b via get_orders_by_trade_id.
2026-03-04 15:16:17 [INFO] Found 0 filled orders for ny040326150700b in DB via get_orders_by_trade_id.
2026-03-04 15:16:17 [WARNING] No trade orders found for ny040326150700b to build snapshot.
2026-03-04 15:16:17 [WARNING] Position reconstruction for ny040326150700b yielded no positions. Falling back to main two legs for greeks.
2026-03-04 15:16:18 [INFO] ⚠️ Using derived lot_size 65 for ny040326150700b snapshot (DB value missing/invalid).
2026-03-04 15:16:18 [INFO] 🔍 Found 0 orders in DB for trade ny040326150700b via get_orders_by_trade_id.
2026-03-04 15:16:18 [INFO] Found 0 filled orders for ny040326150700b in DB via get_orders_by_trade_id.
2026-03-04 15:16:18 [WARNING] No trade orders found for ny040326150700b to build snapshot.
2026-03-04 15:16:18 [WARNING] Position reconstruction for ny040326150700b yielded no positions. Falling back to main two legs for greeks.
2026-03-04 15:16:18 [INFO] Received and updated option chain for SENSEX via WebSocket.
2026-03-04 15:16:18 [INFO] ⚠️ Using derived lot_size 65 for ny040326150700b snapshot (DB value missing/invalid).
2026-03-04 15:16:18 [INFO] 🔍 Found 0 orders in DB for trade ny040326150700b via get_orders_by_trade_id.
2026-03-04 15:16:18 [INFO] Found 0 filled orders for ny040326150700b in DB via get_orders_by_trade_id.
2026-03-04 15:16:18 [WARNING] No trade orders found for ny040326150700b to build snapshot.
2026-03-04 15:16:18 [WARNING] Position reconstruction for ny040326150700b yielded no positions. Falling back to main two legs for greeks.
2026-03-04 15:16:19 [INFO] ⚠️ Using derived lot_size 65 for ny040326150700b snapshot (DB value missing/invalid).
2026-03-04 15:16:19 [INFO] 🔍 Found 0 orders in DB for trade ny040326150700b via get_orders_by_trade_id.
2026-03-04 15:16:19 [INFO] Found 0 filled orders for ny040326150700b in DB via get_orders_by_trade_id.
2026-03-04 15:16:19 [WARNING] No trade orders found for ny040326150700b to build snapshot.
2026-03-04 15:16:19 [WARNING] Position reconstruction for ny040326150700b yielded no positions. Falling back to main two legs for greeks.
2026-03-04 15:16:20 [INFO] ⚠️ Using derived lot_size 65 for ny040326150700b snapshot (DB value missing/invalid).
2026-03-04 15:16:20 [INFO] 🔍 Found 0 orders in DB for trade ny040326150700b via get_orders_by_trade_id.
2026-03-04 15:16:20 [INFO] Found 0 filled orders for ny040326150700b in DB via get_orders_by_trade_id.
2026-03-04 15:16:20 [WARNING] No trade orders found for ny040326150700b to build snapshot.
2026-03-04 15:16:20 [WARNING] Position reconstruction for ny040326150700b yielded no positions. Falling back to main two legs for greeks.
2026-03-04 15:16:20 [INFO] ⚠️ Using derived lot_size 65 for ny040326150700b snapshot (DB value missing/invalid).
2026-03-04 15:16:20 [INFO] 🔍 Found 0 orders in DB for trade ny040326150700b via get_orders_by_trade_id.
2026-03-04 15:16:20 [INFO] Found 0 filled orders for ny040326150700b in DB via get_orders_by_trade_id.
2026-03-04 15:16:20 [WARNING] No trade orders found for ny040326150700b to build snapshot.
2026-03-04 15:16:20 [WARNING] Position reconstruction for ny040326150700b yielded no positions. Falling back to main two legs for greeks.
2026-03-04 15:16:21 [INFO] ⚠️ Using derived lot_size 65 for ny040326150700b snapshot (DB value missing/invalid).
2026-03-04 15:16:21 [INFO] 🔍 Found 0 orders in DB for trade ny040326150700b via get_orders_by_trade_id.
2026-03-04 15:16:21 [INFO] Found 0 filled orders for ny040326150700b in DB via get_orders_by_trade_id.
2026-03-04 15:16:21 [WARNING] No trade orders found for ny040326150700b to build snapshot.
2026-03-04 15:16:21 [WARNING] Position reconstruction for ny040326150700b yielded no positions. Falling back to main two legs for greeks.
2026-03-04 15:16:21 [INFO] ⚠️ Using derived lot_size 65 for ny040326150700b snapshot (DB value missing/invalid).
2026-03-04 15:16:21 [INFO] 🔍 Found 0 orders in DB for trade ny040326150700b via get_orders_by_trade_id.
2026-03-04 15:16:21 [INFO] Found 0 filled orders for ny040326150700b in DB via get_orders_by_trade_id.
2026-03-04 15:16:21 [WARNING] No trade orders found for ny040326150700b to build snapshot.
2026-03-04 15:16:21 [WARNING] Position reconstruction for ny040326150700b yielded no positions. Falling back to main two legs for greeks.
2026-03-04 15:16:22 [INFO] ⚠️ Using derived lot_size 65 for ny040326150700b snapshot (DB value missing/invalid).
2026-03-04 15:16:22 [INFO] 🔍 Found 0 orders in DB for trade ny040326150700b via get_orders_by_trade_id.
2026-03-04 15:16:22 [INFO] Found 0 filled orders for ny040326150700b in DB via get_orders_by_trade_id.
2026-03-04 15:16:22 [WARNING] No trade orders found for ny040326150700b to build snapshot.
2026-03-04 15:16:22 [WARNING] Position reconstruction for ny040326150700b yielded no positions. Falling back to main two legs for greeks.
2026-03-04 15:16:22 [INFO] ⚠️ Using derived lot_size 65 for ny040326150700b snapshot (DB value missing/invalid).
2026-03-04 15:16:22 [INFO] 🔍 Found 0 orders in DB for trade ny040326150700b via get_orders_by_trade_id.
2026-03-04 15:16:22 [INFO] Found 0 filled orders for ny040326150700b in DB via get_orders_by_trade_id.
2026-03-04 15:16:22 [WARNING] No trade orders found for ny040326150700b to build snapshot.
2026-03-04 15:16:22 [WARNING] Position reconstruction for ny040326150700b yielded no positions. Falling back to main two legs for greeks.
2026-03-04 15:16:23 [INFO] ⚠️ Using derived lot_size 65 for ny040326150700b snapshot (DB value missing/invalid).
2026-03-04 15:16:23 [INFO] 🔍 Found 0 orders in DB for trade ny040326150700b via get_orders_by_trade_id.
2026-03-04 15:16:23 [INFO] Found 0 filled orders for ny040326150700b in DB via get_orders_by_trade_id.
2026-03-04 15:16:23 [WARNING] No trade orders found for ny040326150700b to build snapshot.
2026-03-04 15:16:23 [WARNING] Position reconstruction for ny040326150700b yielded no positions. Falling back to main two legs for greeks.
2026-03-04 15:16:23 [INFO] ⚠️ Using derived lot_size 65 for ny040326150700b snapshot (DB value missing/invalid).
2026-03-04 15:16:23 [INFO] 🔍 Found 0 orders in DB for trade ny040326150700b via get_orders_by_trade_id.
2026-03-04 15:16:23 [INFO] Found 0 filled orders for ny040326150700b in DB via get_orders_by_trade_id.
2026-03-04 15:16:23 [WARNING] No trade orders found for ny040326150700b to build snapshot.
2026-03-04 15:16:23 [WARNING] Position reconstruction for ny040326150700b yielded no positions. Falling back to main two legs for greeks.
2026-03-04 15:16:24 [INFO] ⚠️ Using derived lot_size 65 for ny040326150700b snapshot (DB value missing/invalid).
2026-03-04 15:16:24 [INFO] 🔍 Found 0 orders in DB for trade ny040326150700b via get_orders_by_trade_id.
2026-03-04 15:16:24 [INFO] Found 0 filled orders for ny040326150700b in DB via get_orders_by_trade_id.
2026-03-04 15:16:24 [WARNING] No trade orders found for ny040326150700b to build snapshot.
2026-03-04 15:16:24 [WARNING] Position reconstruction for ny040326150700b yielded no positions. Falling back to main two legs for greeks.
2026-03-04 15:16:24 [INFO] ⚠️ Using derived lot_size 65 for ny040326150700b snapshot (DB value missing/invalid).
2026-03-04 15:16:24 [INFO] 🔍 Found 0 orders in DB for trade ny040326150700b via get_orders_by_trade_id.
2026-03-04 15:16:24 [INFO] Found 0 filled orders for ny040326150700b in DB via get_orders_by_trade_id.
2026-03-04 15:16:24 [WARNING] No trade orders found for ny040326150700b to build snapshot.
2026-03-04 15:16:24 [WARNING] Position reconstruction for ny040326150700b yielded no positions. Falling back to main two legs for greeks.
2026-03-04 15:16:25 [INFO] ⚠️ Using derived lot_size 65 for ny040326150700b snapshot (DB value missing/invalid).
2026-03-04 15:16:25 [INFO] 🔍 Found 0 orders in DB for trade ny040326150700b via get_orders_by_trade_id.
2026-03-04 15:16:25 [INFO] Found 0 filled orders for ny040326150700b in DB via get_orders_by_trade_id.
2026-03-04 15:16:25 [WARNING] No trade orders found for ny040326150700b to build snapshot.
2026-03-04 15:16:25 [WARNING] Position reconstruction for ny040326150700b yielded no positions. Falling back to main two legs for greeks.
2026-03-04 15:16:26 [INFO] ⚠️ Using derived lot_size 65 for ny040326150700b snapshot (DB value missing/invalid).
2026-03-04 15:16:26 [INFO] 🔍 Found 0 orders in DB for trade ny040326150700b via get_orders_by_trade_id.
2026-03-04 15:16:26 [INFO] Found 0 filled orders for ny040326150700b in DB via get_orders_by_trade_id.
2026-03-04 15:16:26 [WARNING] No trade orders found for ny040326150700b to build snapshot.
2026-03-04 15:16:26 [WARNING] Position reconstruction for ny040326150700b yielded no positions. Falling back to main two legs for greeks.
2026-03-04 15:16:26 [INFO] ⚠️ Using derived lot_size 65 for ny040326150700b snapshot (DB value missing/invalid).
2026-03-04 15:16:26 [INFO] 🔍 Found 0 orders in DB for trade ny040326150700b via get_orders_by_trade_id.
2026-03-04 15:16:26 [INFO] Found 0 filled orders for ny040326150700b in DB via get_orders_by_trade_id.
2026-03-04 15:16:26 [WARNING] No trade orders found for ny040326150700b to build snapshot.
2026-03-04 15:16:26 [WARNING] Position reconstruction for ny040326150700b yielded no positions. Falling back to main two legs for greeks.
2026-03-04 15:16:27 [INFO] ⚠️ Using derived lot_size 65 for ny040326150700b snapshot (DB value missing/invalid).
2026-03-04 15:16:27 [INFO] 🔍 Found 0 orders in DB for trade ny040326150700b via get_orders_by_trade_id.
2026-03-04 15:16:27 [INFO] Found 0 filled orders for ny040326150700b in DB via get_orders_by_trade_id.
2026-03-04 15:16:27 [WARNING] No trade orders found for ny040326150700b to build snapshot.
2026-03-04 15:16:27 [WARNING] Position reconstruction for ny040326150700b yielded no positions. Falling back to main two legs for greeks.
2026-03-04 15:16:27 [INFO] ⚠️ Using derived lot_size 65 for ny040326150700b snapshot (DB value missing/invalid).
2026-03-04 15:16:27 [INFO] 🔍 Found 0 orders in DB for trade ny040326150700b via get_orders_by_trade_id.
2026-03-04 15:16:27 [INFO] Found 0 filled orders for ny040326150700b in DB via get_orders_by_trade_id.
2026-03-04 15:16:27 [WARNING] No trade orders found for ny040326150700b to build snapshot.
2026-03-04 15:16:27 [WARNING] Position reconstruction for ny040326150700b yielded no positions. Falling back to main two legs for greeks.
2026-03-04 15:16:28 [INFO] ⚠️ Using derived lot_size 65 for ny040326150700b snapshot (DB value missing/invalid).
2026-03-04 15:16:28 [INFO] 🔍 Found 0 orders in DB for trade ny040326150700b via get_orders_by_trade_id.
2026-03-04 15:16:28 [INFO] Found 0 filled orders for ny040326150700b in DB via get_orders_by_trade_id.
2026-03-04 15:16:28 [WARNING] No trade orders found for ny040326150700b to build snapshot.
2026-03-04 15:16:28 [WARNING] Position reconstruction for ny040326150700b yielded no positions. Falling back to main two legs for greeks.
2026-03-04 15:16:28 [INFO] ⚠️ Using derived lot_size 65 for ny040326150700b snapshot (DB value missing/invalid).
2026-03-04 15:16:28 [INFO] 🔍 Found 0 orders in DB for trade ny040326150700b via get_orders_by_trade_id.
2026-03-04 15:16:28 [INFO] Found 0 filled orders for ny040326150700b in DB via get_orders_by_trade_id.
2026-03-04 15:16:28 [WARNING] No trade orders found for ny040326150700b to build snapshot.
2026-03-04 15:16:28 [WARNING] Position reconstruction for ny040326150700b yielded no positions. Falling back to main two legs for greeks.
2026-03-04 15:16:29 [INFO] ⚠️ Using derived lot_size 65 for ny040326150700b snapshot (DB value missing/invalid).
2026-03-04 15:16:29 [INFO] 🔍 Found 0 orders in DB for trade ny040326150700b via get_orders_by_trade_id.
2026-03-04 15:16:29 [INFO] Found 0 filled orders for ny040326150700b in DB via get_orders_by_trade_id.
2026-03-04 15:16:29 [WARNING] No trade orders found for ny040326150700b to build snapshot.
2026-03-04 15:16:29 [WARNING] Position reconstruction for ny040326150700b yielded no positions. Falling back to main two legs for greeks.
2026-03-04 15:16:29 [INFO] ⚠️ Using derived lot_size 65 for ny040326150700b snapshot (DB value missing/invalid).
2026-03-04 15:16:29 [INFO] 🔍 Found 0 orders in DB for trade ny040326150700b via get_orders_by_trade_id.
2026-03-04 15:16:29 [INFO] Found 0 filled orders for ny040326150700b in DB via get_orders_by_trade_id.
2026-03-04 15:16:29 [WARNING] No trade orders found for ny040326150700b to build snapshot.
2026-03-04 15:16:29 [WARNING] Position reconstruction for ny040326150700b yielded no positions. Falling back to main two legs for greeks.
2026-03-04 15:16:30 [INFO] ⚠️ Using derived lot_size 65 for ny040326150700b snapshot (DB value missing/invalid).
2026-03-04 15:16:30 [INFO] 🔍 Found 0 orders in DB for trade ny040326150700b via get_orders_by_trade_id.
2026-03-04 15:16:30 [INFO] Found 0 filled orders for ny040326150700b in DB via get_orders_by_trade_id.
2026-03-04 15:16:30 [WARNING] No trade orders found for ny040326150700b to build snapshot.
2026-03-04 15:16:30 [WARNING] Position reconstruction for ny040326150700b yielded no positions. Falling back to main two legs for greeks.
2026-03-04 15:16:30 [INFO] ⚠️ Using derived lot_size 65 for ny040326150700b snapshot (DB value missing/invalid).
2026-03-04 15:16:30 [INFO] 🔍 Found 0 orders in DB for trade ny040326150700b via get_orders_by_trade_id.
2026-03-04 15:16:30 [INFO] Found 0 filled orders for ny040326150700b in DB via get_orders_by_trade_id.
2026-03-04 15:16:30 [WARNING] No trade orders found for ny040326150700b to build snapshot.
2026-03-04 15:16:30 [WARNING] Position reconstruction for ny040326150700b yielded no positions. Falling back to main two legs for greeks.
2026-03-04 15:16:31 [INFO] ⚠️ Using derived lot_size 65 for ny040326150700b snapshot (DB value missing/invalid).
2026-03-04 15:16:31 [INFO] 🔍 Found 0 orders in DB for trade ny040326150700b via get_orders_by_trade_id.
2026-03-04 15:16:31 [INFO] Found 0 filled orders for ny040326150700b in DB via get_orders_by_trade_id.
2026-03-04 15:16:31 [WARNING] No trade orders found for ny040326150700b to build snapshot.
2026-03-04 15:16:31 [WARNING] Position reconstruction for ny040326150700b yielded no positions. Falling back to main two legs for greeks.
2026-03-04 15:16:31 [INFO] Received and updated option chain for NIFTY via WebSocket.
2026-03-04 15:16:31 [INFO] ⚠️ Using derived lot_size 65 for ny040326150700b snapshot (DB value missing/invalid).
2026-03-04 15:16:31 [INFO] 🔍 Found 0 orders in DB for trade ny040326150700b via get_orders_by_trade_id.
2026-03-04 15:16:31 [INFO] Found 0 filled orders for ny040326150700b in DB via get_orders_by_trade_id.
2026-03-04 15:16:31 [WARNING] No trade orders found for ny040326150700b to build snapshot.
2026-03-04 15:16:31 [WARNING] Position reconstruction for ny040326150700b yielded no positions. Falling back to main two legs for greeks.
2026-03-04 15:16:32 [INFO] ⚠️ Using derived lot_size 65 for ny040326150700b snapshot (DB value missing/invalid).
2026-03-04 15:16:32 [INFO] 🔍 Found 0 orders in DB for trade ny040326150700b via get_orders_by_trade_id.
2026-03-04 15:16:32 [INFO] Found 0 filled orders for ny040326150700b in DB via get_orders_by_trade_id.
2026-03-04 15:16:32 [WARNING] No trade orders found for ny040326150700b to build snapshot.
2026-03-04 15:16:32 [WARNING] Position reconstruction for ny040326150700b yielded no positions. Falling back to main two legs for greeks.
2026-03-04 15:16:33 [INFO] ⚠️ Using derived lot_size 65 for ny040326150700b snapshot (DB value missing/invalid).
2026-03-04 15:16:33 [INFO] 🔍 Found 0 orders in DB for trade ny040326150700b via get_orders_by_trade_id.
2026-03-04 15:16:33 [INFO] Found 0 filled orders for ny040326150700b in DB via get_orders_by_trade_id.
2026-03-04 15:16:33 [WARNING] No trade orders found for ny040326150700b to build snapshot.
2026-03-04 15:16:33 [WARNING] Position reconstruction for ny040326150700b yielded no positions. Falling back to main two legs for greeks.
2026-03-04 15:16:33 [INFO] ⚠️ Using derived lot_size 65 for ny040326150700b snapshot (DB value missing/invalid).
2026-03-04 15:16:33 [INFO] 🔍 Found 0 orders in DB for trade ny040326150700b via get_orders_by_trade_id.
2026-03-04 15:16:33 [INFO] Found 0 filled orders for ny040326150700b in DB via get_orders_by_trade_id.
2026-03-04 15:16:33 [WARNING] No trade orders found for ny040326150700b to build snapshot.
2026-03-04 15:16:33 [WARNING] Position reconstruction for ny040326150700b yielded no positions. Falling back to main two legs for greeks.
2026-03-04 15:16:34 [INFO] ⚠️ Using derived lot_size 65 for ny040326150700b snapshot (DB value missing/invalid).
2026-03-04 15:16:34 [INFO] 🔍 Found 0 orders in DB for trade ny040326150700b via get_orders_by_trade_id.
2026-03-04 15:16:34 [INFO] Found 0 filled orders for ny040326150700b in DB via get_orders_by_trade_id.
2026-03-04 15:16:34 [WARNING] No trade orders found for ny040326150700b to build snapshot.
2026-03-04 15:16:34 [WARNING] Position reconstruction for ny040326150700b yielded no positions. Falling back to main two legs for greeks.
2026-03-04 15:16:34 [INFO] Received and updated option chain for SENSEX via WebSocket.
2026-03-04 15:16:34 [INFO] ⚠️ Using derived lot_size 65 for ny040326150700b snapshot (DB value missing/invalid).
2026-03-04 15:16:34 [INFO] 🔍 Found 0 orders in DB for trade ny040326150700b via get_orders_by_trade_id.
2026-03-04 15:16:34 [INFO] Found 0 filled orders for ny040326150700b in DB via get_orders_by_trade_id.
2026-03-04 15:16:34 [WARNING] No trade orders found for ny040326150700b to build snapshot.
2026-03-04 15:16:34 [WARNING] Position reconstruction for ny040326150700b yielded no positions. Falling back to main two legs for greeks.
2026-03-04 15:16:35 [INFO] ⚠️ Using derived lot_size 65 for ny040326150700b snapshot (DB value missing/invalid).
2026-03-04 15:16:35 [INFO] 🔍 Found 0 orders in DB for trade ny040326150700b via get_orders_by_trade_id.
2026-03-04 15:16:35 [INFO] Found 0 filled orders for ny040326150700b in DB via get_orders_by_trade_id.
2026-03-04 15:16:35 [WARNING] No trade orders found for ny040326150700b to build snapshot.
2026-03-04 15:16:35 [WARNING] Position reconstruction for ny040326150700b yielded no positions. Falling back to main two legs for greeks.
2026-03-04 15:16:35 [INFO] ⚠️ Using derived lot_size 65 for ny040326150700b snapshot (DB value missing/invalid).
2026-03-04 15:16:35 [INFO] 🔍 Found 0 orders in DB for trade ny040326150700b via get_orders_by_trade_id.
2026-03-04 15:16:35 [INFO] Found 0 filled orders for ny040326150700b in DB via get_orders_by_trade_id.
2026-03-04 15:16:35 [WARNING] No trade orders found for ny040326150700b to build snapshot.
2026-03-04 15:16:35 [WARNING] Position reconstruction for ny040326150700b yielded no positions. Falling back to main two legs for greeks.
2026-03-04 15:16:36 [INFO] ⚠️ Using derived lot_size 65 for ny040326150700b snapshot (DB value missing/invalid).
2026-03-04 15:16:36 [INFO] 🔍 Found 0 orders in DB for trade ny040326150700b via get_orders_by_trade_id.
2026-03-04 15:16:36 [INFO] Found 0 filled orders for ny040326150700b in DB via get_orders_by_trade_id.
2026-03-04 15:16:36 [WARNING] No trade orders found for ny040326150700b to build snapshot.
2026-03-04 15:16:36 [WARNING] Position reconstruction for ny040326150700b yielded no positions. Falling back to main two legs for greeks.
2026-03-04 15:16:36 [INFO] ⚠️ Using derived lot_size 65 for ny040326150700b snapshot (DB value missing/invalid).
2026-03-04 15:16:36 [INFO] 🔍 Found 0 orders in DB for trade ny040326150700b via get_orders_by_trade_id.
2026-03-04 15:16:36 [INFO] Found 0 filled orders for ny040326150700b in DB via get_orders_by_trade_id.
2026-03-04 15:16:36 [WARNING] No trade orders found for ny040326150700b to build snapshot.
2026-03-04 15:16:36 [WARNING] Position reconstruction for ny040326150700b yielded no positions. Falling back to main two legs for greeks.
2026-03-04 15:16:37 [INFO] ⚠️ Using derived lot_size 65 for ny040326150700b snapshot (DB value missing/invalid).
2026-03-04 15:16:37 [INFO] 🔍 Found 0 orders in DB for trade ny040326150700b via get_orders_by_trade_id.
2026-03-04 15:16:37 [INFO] Found 0 filled orders for ny040326150700b in DB via get_orders_by_trade_id.
2026-03-04 15:16:37 [WARNING] No trade orders found for ny040326150700b to build snapshot.
2026-03-04 15:16:37 [WARNING] Position reconstruction for ny040326150700b yielded no positions. Falling back to main two legs for greeks.
2026-03-04 15:16:38 [INFO] ⚠️ Using derived lot_size 65 for ny040326150700b snapshot (DB value missing/invalid).
2026-03-04 15:16:38 [INFO] 🔍 Found 0 orders in DB for trade ny040326150700b via get_orders_by_trade_id.
2026-03-04 15:16:38 [INFO] Found 0 filled orders for ny040326150700b in DB via get_orders_by_trade_id.
2026-03-04 15:16:38 [WARNING] No trade orders found for ny040326150700b to build snapshot.
2026-03-04 15:16:38 [WARNING] Position reconstruction for ny040326150700b yielded no positions. Falling back to main two legs for greeks.
2026-03-04 15:16:38 [INFO] ⚠️ Using derived lot_size 65 for ny040326150700b snapshot (DB value missing/invalid).
2026-03-04 15:16:38 [INFO] 🔍 Found 0 orders in DB for trade ny040326150700b via get_orders_by_trade_id.
2026-03-04 15:16:38 [INFO] Found 0 filled orders for ny040326150700b in DB via get_orders_by_trade_id.
2026-03-04 15:16:38 [WARNING] No trade orders found for ny040326150700b to build snapshot.
2026-03-04 15:16:38 [WARNING] Position reconstruction for ny040326150700b yielded no positions. Falling back to main two legs for greeks.
2026-03-04 15:16:39 [INFO] ⚠️ Using derived lot_size 65 for ny040326150700b snapshot (DB value missing/invalid).
2026-03-04 15:16:39 [INFO] 🔍 Found 0 orders in DB for trade ny040326150700b via get_orders_by_trade_id.
2026-03-04 15:16:39 [INFO] Found 0 filled orders for ny040326150700b in DB via get_orders_by_trade_id.
2026-03-04 15:16:39 [WARNING] No trade orders found for ny040326150700b to build snapshot.
2026-03-04 15:16:39 [WARNING] Position reconstruction for ny040326150700b yielded no positions. Falling back to main two legs for greeks.
2026-03-04 15:16:39 [INFO] ⚠️ Using derived lot_size 65 for ny040326150700b snapshot (DB value missing/invalid).
2026-03-04 15:16:39 [INFO] 🔍 Found 0 orders in DB for trade ny040326150700b via get_orders_by_trade_id.
2026-03-04 15:16:39 [INFO] Found 0 filled orders for ny040326150700b in DB via get_orders_by_trade_id.
2026-03-04 15:16:39 [WARNING] No trade orders found for ny040326150700b to build snapshot.
2026-03-04 15:16:39 [WARNING] Position reconstruction for ny040326150700b yielded no positions. Falling back to main two legs for greeks.
2026-03-04 15:16:40 [INFO] ⚠️ Using derived lot_size 65 for ny040326150700b snapshot (DB value missing/invalid).
2026-03-04 15:16:40 [INFO] 🔍 Found 0 orders in DB for trade ny040326150700b via get_orders_by_trade_id.
2026-03-04 15:16:40 [INFO] Found 0 filled orders for ny040326150700b in DB via get_orders_by_trade_id.
2026-03-04 15:16:40 [WARNING] No trade orders found for ny040326150700b to build snapshot.
2026-03-04 15:16:40 [WARNING] Position reconstruction for ny040326150700b yielded no positions. Falling back to main two legs for greeks.
2026-03-04 15:16:40 [INFO] ⚠️ Using derived lot_size 65 for ny040326150700b snapshot (DB value missing/invalid).
2026-03-04 15:16:40 [INFO] 🔍 Found 0 orders in DB for trade ny040326150700b via get_orders_by_trade_id.
2026-03-04 15:16:40 [INFO] Found 0 filled orders for ny040326150700b in DB via get_orders_by_trade_id.
2026-03-04 15:16:40 [WARNING] No trade orders found for ny040326150700b to build snapshot.
2026-03-04 15:16:40 [WARNING] Position reconstruction for ny040326150700b yielded no positions. Falling back to main two legs for greeks.
2026-03-04 15:16:41 [INFO] ⚠️ Using derived lot_size 65 for ny040326150700b snapshot (DB value missing/invalid).
2026-03-04 15:16:41 [INFO] 🔍 Found 0 orders in DB for trade ny040326150700b via get_orders_by_trade_id.
2026-03-04 15:16:41 [INFO] Found 0 filled orders for ny040326150700b in DB via get_orders_by_trade_id.
2026-03-04 15:16:41 [WARNING] No trade orders found for ny040326150700b to build snapshot.
2026-03-04 15:16:41 [WARNING] Position reconstruction for ny040326150700b yielded no positions. Falling back to main two legs for greeks.
2026-03-04 15:16:41 [INFO] ⚠️ Using derived lot_size 65 for ny040326150700b snapshot (DB value missing/invalid).
2026-03-04 15:16:41 [INFO] 🔍 Found 0 orders in DB for trade ny040326150700b via get_orders_by_trade_id.
2026-03-04 15:16:41 [INFO] Found 0 filled orders for ny040326150700b in DB via get_orders_by_trade_id.
2026-03-04 15:16:41 [WARNING] No trade orders found for ny040326150700b to build snapshot.
2026-03-04 15:16:41 [WARNING] Position reconstruction for ny040326150700b yielded no positions. Falling back to main two legs for greeks.
2026-03-04 15:16:42 [INFO] ⚠️ Using derived lot_size 65 for ny040326150700b snapshot (DB value missing/invalid).
2026-03-04 15:16:42 [INFO] 🔍 Found 0 orders in DB for trade ny040326150700b via get_orders_by_trade_id.
2026-03-04 15:16:42 [INFO] Found 0 filled orders for ny040326150700b in DB via get_orders_by_trade_id.
2026-03-04 15:16:42 [WARNING] No trade orders found for ny040326150700b to build snapshot.
2026-03-04 15:16:42 [WARNING] Position reconstruction for ny040326150700b yielded no positions. Falling back to main two legs for greeks.
2026-03-04 15:16:42 [INFO] ⚠️ Using derived lot_size 65 for ny040326150700b snapshot (DB value missing/invalid).
2026-03-04 15:16:42 [INFO] 🔍 Found 0 orders in DB for trade ny040326150700b via get_orders_by_trade_id.
2026-03-04 15:16:42 [INFO] Found 0 filled orders for ny040326150700b in DB via get_orders_by_trade_id.
2026-03-04 15:16:42 [WARNING] No trade orders found for ny040326150700b to build snapshot.
2026-03-04 15:16:42 [WARNING] Position reconstruction for ny040326150700b yielded no positions. Falling back to main two legs for greeks.
2026-03-04 15:16:43 [INFO] ⚠️ Using derived lot_size 65 for ny040326150700b snapshot (DB value missing/invalid).
2026-03-04 15:16:43 [INFO] 🔍 Found 0 orders in DB for trade ny040326150700b via get_orders_by_trade_id.
2026-03-04 15:16:43 [INFO] Found 0 filled orders for ny040326150700b in DB via get_orders_by_trade_id.
2026-03-04 15:16:43 [WARNING] No trade orders found for ny040326150700b to build snapshot.
2026-03-04 15:16:43 [WARNING] Position reconstruction for ny040326150700b yielded no positions. Falling back to main two legs for greeks.
2026-03-04 15:16:44 [INFO] ⚠️ Using derived lot_size 65 for ny040326150700b snapshot (DB value missing/invalid).
2026-03-04 15:16:44 [INFO] 🔍 Found 0 orders in DB for trade ny040326150700b via get_orders_by_trade_id.
2026-03-04 15:16:44 [INFO] Found 0 filled orders for ny040326150700b in DB via get_orders_by_trade_id.
2026-03-04 15:16:44 [WARNING] No trade orders found for ny040326150700b to build snapshot.
2026-03-04 15:16:44 [WARNING] Position reconstruction for ny040326150700b yielded no positions. Falling back to main two legs for greeks.
2026-03-04 15:16:44 [INFO] ⚠️ Using derived lot_size 65 for ny040326150700b snapshot (DB value missing/invalid).
2026-03-04 15:16:44 [INFO] 🔍 Found 0 orders in DB for trade ny040326150700b via get_orders_by_trade_id.
2026-03-04 15:16:44 [INFO] Found 0 filled orders for ny040326150700b in DB via get_orders_by_trade_id.
2026-03-04 15:16:44 [WARNING] No trade orders found for ny040326150700b to build snapshot.
2026-03-04 15:16:44 [WARNING] Position reconstruction for ny040326150700b yielded no positions. Falling back to main two legs for greeks.
2026-03-04 15:16:45 [INFO] ⚠️ Using derived lot_size 65 for ny040326150700b snapshot (DB value missing/invalid).
2026-03-04 15:16:45 [INFO] 🔍 Found 0 orders in DB for trade ny040326150700b via get_orders_by_trade_id.
2026-03-04 15:16:45 [INFO] Found 0 filled orders for ny040326150700b in DB via get_orders_by_trade_id.
2026-03-04 15:16:45 [WARNING] No trade orders found for ny040326150700b to build snapshot.
2026-03-04 15:16:45 [WARNING] Position reconstruction for ny040326150700b yielded no positions. Falling back to main two legs for greeks.
2026-03-04 15:16:45 [INFO] ⚠️ Using derived lot_size 65 for ny040326150700b snapshot (DB value missing/invalid).
2026-03-04 15:16:45 [INFO] 🔍 Found 0 orders in DB for trade ny040326150700b via get_orders_by_trade_id.
2026-03-04 15:16:45 [INFO] Found 0 filled orders for ny040326150700b in DB via get_orders_by_trade_id.
2026-03-04 15:16:45 [WARNING] No trade orders found for ny040326150700b to build snapshot.
2026-03-04 15:16:45 [WARNING] Position reconstruction for ny040326150700b yielded no positions. Falling back to main two legs for greeks.
2026-03-04 15:16:46 [INFO] ⚠️ Using derived lot_size 65 for ny040326150700b snapshot (DB value missing/invalid).
2026-03-04 15:16:46 [INFO] 🔍 Found 0 orders in DB for trade ny040326150700b via get_orders_by_trade_id.
2026-03-04 15:16:46 [INFO] Found 0 filled orders for ny040326150700b in DB via get_orders_by_trade_id.
2026-03-04 15:16:46 [WARNING] No trade orders found for ny040326150700b to build snapshot.
2026-03-04 15:16:46 [WARNING] Position reconstruction for ny040326150700b yielded no positions. Falling back to main two legs for greeks.
2026-03-04 15:16:46 [INFO] ⚠️ Using derived lot_size 65 for ny040326150700b snapshot (DB value missing/invalid).
2026-03-04 15:16:46 [INFO] 🔍 Found 0 orders in DB for trade ny040326150700b via get_orders_by_trade_id.
2026-03-04 15:16:46 [INFO] Found 0 filled orders for ny040326150700b in DB via get_orders_by_trade_id.
2026-03-04 15:16:46 [WARNING] No trade orders found for ny040326150700b to build snapshot.
2026-03-04 15:16:46 [WARNING] Position reconstruction for ny040326150700b yielded no positions. Falling back to main two legs for greeks.
2026-03-04 15:16:46 [INFO] Received and updated option chain for NIFTY via WebSocket.
2026-03-04 15:16:47 [INFO] ⚠️ Using derived lot_size 65 for ny040326150700b snapshot (DB value missing/invalid).
2026-03-04 15:16:47 [INFO] 🔍 Found 0 orders in DB for trade ny040326150700b via get_orders_by_trade_id.
2026-03-04 15:16:47 [INFO] Found 0 filled orders for ny040326150700b in DB via get_orders_by_trade_id.
2026-03-04 15:16:47 [WARNING] No trade orders found for ny040326150700b to build snapshot.
2026-03-04 15:16:47 [WARNING] Position reconstruction for ny040326150700b yielded no positions. Falling back to main two legs for greeks.
2026-03-04 15:16:47 [INFO] ⚠️ Using derived lot_size 65 for ny040326150700b snapshot (DB value missing/invalid).
2026-03-04 15:16:47 [INFO] 🔍 Found 0 orders in DB for trade ny040326150700b via get_orders_by_trade_id.
2026-03-04 15:16:47 [INFO] Found 0 filled orders for ny040326150700b in DB via get_orders_by_trade_id.
2026-03-04 15:16:47 [WARNING] No trade orders found for ny040326150700b to build snapshot.
2026-03-04 15:16:47 [WARNING] Position reconstruction for ny040326150700b yielded no positions. Falling back to main two legs for greeks.
2026-03-04 15:16:48 [INFO] ⚠️ Using derived lot_size 65 for ny040326150700b snapshot (DB value missing/invalid).
2026-03-04 15:16:48 [INFO] 🔍 Found 0 orders in DB for trade ny040326150700b via get_orders_by_trade_id.
2026-03-04 15:16:48 [INFO] Found 0 filled orders for ny040326150700b in DB via get_orders_by_trade_id.
2026-03-04 15:16:48 [WARNING] No trade orders found for ny040326150700b to build snapshot.
2026-03-04 15:16:48 [WARNING] Position reconstruction for ny040326150700b yielded no positions. Falling back to main two legs for greeks.
2026-03-04 15:16:48 [INFO] ⚠️ Using derived lot_size 65 for ny040326150700b snapshot (DB value missing/invalid).
2026-03-04 15:16:48 [INFO] 🔍 Found 0 orders in DB for trade ny040326150700b via get_orders_by_trade_id.
2026-03-04 15:16:48 [INFO] Found 0 filled orders for ny040326150700b in DB via get_orders_by_trade_id.
2026-03-04 15:16:48 [WARNING] No trade orders found for ny040326150700b to build snapshot.
2026-03-04 15:16:48 [WARNING] Position reconstruction for ny040326150700b yielded no positions. Falling back to main two legs for greeks.
2026-03-04 15:16:49 [INFO] Received and updated option chain for SENSEX via WebSocket.
2026-03-04 15:16:49 [INFO] ⚠️ Using derived lot_size 65 for ny040326150700b snapshot (DB value missing/invalid).
2026-03-04 15:16:49 [INFO] 🔍 Found 0 orders in DB for trade ny040326150700b via get_orders_by_trade_id.
2026-03-04 15:16:49 [INFO] Found 0 filled orders for ny040326150700b in DB via get_orders_by_trade_id.
2026-03-04 15:16:49 [WARNING] No trade orders found for ny040326150700b to build snapshot.
2026-03-04 15:16:49 [WARNING] Position reconstruction for ny040326150700b yielded no positions. Falling back to main two legs for greeks.
2026-03-04 15:16:49 [INFO] ⚠️ Using derived lot_size 65 for ny040326150700b snapshot (DB value missing/invalid).
2026-03-04 15:16:49 [INFO] 🔍 Found 0 orders in DB for trade ny040326150700b via get_orders_by_trade_id.
2026-03-04 15:16:49 [INFO] Found 0 filled orders for ny040326150700b in DB via get_orders_by_trade_id.
2026-03-04 15:16:49 [WARNING] No trade orders found for ny040326150700b to build snapshot.
2026-03-04 15:16:49 [WARNING] Position reconstruction for ny040326150700b yielded no positions. Falling back to main two legs for greeks.
2026-03-04 15:16:50 [INFO] ⚠️ Using derived lot_size 65 for ny040326150700b snapshot (DB value missing/invalid).
2026-03-04 15:16:50 [INFO] 🔍 Found 0 orders in DB for trade ny040326150700b via get_orders_by_trade_id.
2026-03-04 15:16:50 [INFO] Found 0 filled orders for ny040326150700b in DB via get_orders_by_trade_id.
2026-03-04 15:16:50 [WARNING] No trade orders found for ny040326150700b to build snapshot.
2026-03-04 15:16:50 [WARNING] Position reconstruction for ny040326150700b yielded no positions. Falling back to main two legs for greeks.
2026-03-04 15:16:51 [INFO] ⚠️ Using derived lot_size 65 for ny040326150700b snapshot (DB value missing/invalid).
2026-03-04 15:16:51 [INFO] 🔍 Found 0 orders in DB for trade ny040326150700b via get_orders_by_trade_id.
2026-03-04 15:16:51 [INFO] Found 0 filled orders for ny040326150700b in DB via get_orders_by_trade_id.
2026-03-04 15:16:51 [WARNING] No trade orders found for ny040326150700b to build snapshot.
2026-03-04 15:16:51 [WARNING] Position reconstruction for ny040326150700b yielded no positions. Falling back to main two legs for greeks.
2026-03-04 15:16:51 [INFO] ⚠️ Using derived lot_size 65 for ny040326150700b snapshot (DB value missing/invalid).
2026-03-04 15:16:51 [INFO] 🔍 Found 0 orders in DB for trade ny040326150700b via get_orders_by_trade_id.
2026-03-04 15:16:51 [INFO] Found 0 filled orders for ny040326150700b in DB via get_orders_by_trade_id.
2026-03-04 15:16:51 [WARNING] No trade orders found for ny040326150700b to build snapshot.
2026-03-04 15:16:51 [WARNING] Position reconstruction for ny040326150700b yielded no positions. Falling back to main two legs for greeks.
2026-03-04 15:16:52 [INFO] ⚠️ Using derived lot_size 65 for ny040326150700b snapshot (DB value missing/invalid).
2026-03-04 15:16:52 [INFO] 🔍 Found 0 orders in DB for trade ny040326150700b via get_orders_by_trade_id.
2026-03-04 15:16:52 [INFO] Found 0 filled orders for ny040326150700b in DB via get_orders_by_trade_id.
2026-03-04 15:16:52 [WARNING] No trade orders found for ny040326150700b to build snapshot.
2026-03-04 15:16:52 [WARNING] Position reconstruction for ny040326150700b yielded no positions. Falling back to main two legs for greeks.
2026-03-04 15:16:52 [INFO] ⚠️ Using derived lot_size 65 for ny040326150700b snapshot (DB value missing/invalid).
2026-03-04 15:16:52 [INFO] 🔍 Found 0 orders in DB for trade ny040326150700b via get_orders_by_trade_id.
2026-03-04 15:16:52 [INFO] Found 0 filled orders for ny040326150700b in DB via get_orders_by_trade_id.
2026-03-04 15:16:52 [WARNING] No trade orders found for ny040326150700b to build snapshot.
2026-03-04 15:16:52 [WARNING] Position reconstruction for ny040326150700b yielded no positions. Falling back to main two legs for greeks.
2026-03-04 15:16:53 [INFO] ⚠️ Using derived lot_size 65 for ny040326150700b snapshot (DB value missing/invalid).
2026-03-04 15:16:53 [INFO] 🔍 Found 0 orders in DB for trade ny040326150700b via get_orders_by_trade_id.
2026-03-04 15:16:53 [INFO] Found 0 filled orders for ny040326150700b in DB via get_orders_by_trade_id.
2026-03-04 15:16:53 [WARNING] No trade orders found for ny040326150700b to build snapshot.
2026-03-04 15:16:53 [WARNING] Position reconstruction for ny040326150700b yielded no positions. Falling back to main two legs for greeks.
2026-03-04 15:16:53 [INFO] ⚠️ Using derived lot_size 65 for ny040326150700b snapshot (DB value missing/invalid).
2026-03-04 15:16:53 [INFO] 🔍 Found 0 orders in DB for trade ny040326150700b via get_orders_by_trade_id.
2026-03-04 15:16:53 [INFO] Found 0 filled orders for ny040326150700b in DB via get_orders_by_trade_id.
2026-03-04 15:16:53 [WARNING] No trade orders found for ny040326150700b to build snapshot.
2026-03-04 15:16:53 [WARNING] Position reconstruction for ny040326150700b yielded no positions. Falling back to main two legs for greeks.
2026-03-04 15:16:54 [INFO] ⚠️ Using derived lot_size 65 for ny040326150700b snapshot (DB value missing/invalid).
2026-03-04 15:16:54 [INFO] 🔍 Found 0 orders in DB for trade ny040326150700b via get_orders_by_trade_id.
2026-03-04 15:16:54 [INFO] Found 0 filled orders for ny040326150700b in DB via get_orders_by_trade_id.
2026-03-04 15:16:54 [WARNING] No trade orders found for ny040326150700b to build snapshot.
2026-03-04 15:16:54 [WARNING] Position reconstruction for ny040326150700b yielded no positions. Falling back to main two legs for greeks.
2026-03-04 15:16:54 [INFO] ⚠️ Using derived lot_size 65 for ny040326150700b snapshot (DB value missing/invalid).
2026-03-04 15:16:54 [INFO] 🔍 Found 0 orders in DB for trade ny040326150700b via get_orders_by_trade_id.
2026-03-04 15:16:54 [INFO] Found 0 filled orders for ny040326150700b in DB via get_orders_by_trade_id.
2026-03-04 15:16:54 [WARNING] No trade orders found for ny040326150700b to build snapshot.
2026-03-04 15:16:54 [WARNING] Position reconstruction for ny040326150700b yielded no positions. Falling back to main two legs for greeks.
2026-03-04 15:16:55 [INFO] ⚠️ Using derived lot_size 65 for ny040326150700b snapshot (DB value missing/invalid).
2026-03-04 15:16:55 [INFO] 🔍 Found 0 orders in DB for trade ny040326150700b via get_orders_by_trade_id.
2026-03-04 15:16:55 [INFO] Found 0 filled orders for ny040326150700b in DB via get_orders_by_trade_id.
2026-03-04 15:16:55 [WARNING] No trade orders found for ny040326150700b to build snapshot.
2026-03-04 15:16:55 [WARNING] Position reconstruction for ny040326150700b yielded no positions. Falling back to main two legs for greeks.
2026-03-04 15:16:55 [INFO] ⚠️ Using derived lot_size 65 for ny040326150700b snapshot (DB value missing/invalid).
2026-03-04 15:16:55 [INFO] 🔍 Found 0 orders in DB for trade ny040326150700b via get_orders_by_trade_id.
2026-03-04 15:16:55 [INFO] Found 0 filled orders for ny040326150700b in DB via get_orders_by_trade_id.
2026-03-04 15:16:55 [WARNING] No trade orders found for ny040326150700b to build snapshot.
2026-03-04 15:16:55 [WARNING] Position reconstruction for ny040326150700b yielded no positions. Falling back to main two legs for greeks.
2026-03-04 15:16:56 [INFO] ⚠️ Using derived lot_size 65 for ny040326150700b snapshot (DB value missing/invalid).
2026-03-04 15:16:56 [INFO] 🔍 Found 0 orders in DB for trade ny040326150700b via get_orders_by_trade_id.
2026-03-04 15:16:56 [INFO] Found 0 filled orders for ny040326150700b in DB via get_orders_by_trade_id.
2026-03-04 15:16:56 [WARNING] No trade orders found for ny040326150700b to build snapshot.
2026-03-04 15:16:56 [WARNING] Position reconstruction for ny040326150700b yielded no positions. Falling back to main two legs for greeks.
2026-03-04 15:16:57 [INFO] ⚠️ Using derived lot_size 65 for ny040326150700b snapshot (DB value missing/invalid).
2026-03-04 15:16:57 [INFO] 🔍 Found 0 orders in DB for trade ny040326150700b via get_orders_by_trade_id.
2026-03-04 15:16:57 [INFO] Found 0 filled orders for ny040326150700b in DB via get_orders_by_trade_id.
2026-03-04 15:16:57 [WARNING] No trade orders found for ny040326150700b to build snapshot.
2026-03-04 15:16:57 [WARNING] Position reconstruction for ny040326150700b yielded no positions. Falling back to main two legs for greeks.
2026-03-04 15:16:57 [INFO] ⚠️ Using derived lot_size 65 for ny040326150700b snapshot (DB value missing/invalid).
2026-03-04 15:16:57 [INFO] 🔍 Found 0 orders in DB for trade ny040326150700b via get_orders_by_trade_id.
2026-03-04 15:16:57 [INFO] Found 0 filled orders for ny040326150700b in DB via get_orders_by_trade_id.
2026-03-04 15:16:57 [WARNING] No trade orders found for ny040326150700b to build snapshot.
2026-03-04 15:16:57 [WARNING] Position reconstruction for ny040326150700b yielded no positions. Falling back to main two legs for greeks.
2026-03-04 15:16:58 [INFO] ⚠️ Using derived lot_size 65 for ny040326150700b snapshot (DB value missing/invalid).
2026-03-04 15:16:58 [INFO] 🔍 Found 0 orders in DB for trade ny040326150700b via get_orders_by_trade_id.
2026-03-04 15:16:58 [INFO] Found 0 filled orders for ny040326150700b in DB via get_orders_by_trade_id.
2026-03-04 15:16:58 [WARNING] No trade orders found for ny040326150700b to build snapshot.
2026-03-04 15:16:58 [WARNING] Position reconstruction for ny040326150700b yielded no positions. Falling back to main two legs for greeks.
2026-03-04 15:16:58 [INFO] ⚠️ Using derived lot_size 65 for ny040326150700b snapshot (DB value missing/invalid).
2026-03-04 15:16:58 [INFO] 🔍 Found 0 orders in DB for trade ny040326150700b via get_orders_by_trade_id.
2026-03-04 15:16:58 [INFO] Found 0 filled orders for ny040326150700b in DB via get_orders_by_trade_id.
2026-03-04 15:16:58 [WARNING] No trade orders found for ny040326150700b to build snapshot.
2026-03-04 15:16:58 [WARNING] Position reconstruction for ny040326150700b yielded no positions. Falling back to main two legs for greeks.
2026-03-04 15:16:59 [INFO] ⚠️ Using derived lot_size 65 for ny040326150700b snapshot (DB value missing/invalid).
2026-03-04 15:16:59 [INFO] 🔍 Found 0 orders in DB for trade ny040326150700b via get_orders_by_trade_id.
2026-03-04 15:16:59 [INFO] Found 0 filled orders for ny040326150700b in DB via get_orders_by_trade_id.
2026-03-04 15:16:59 [WARNING] No trade orders found for ny040326150700b to build snapshot.
2026-03-04 15:16:59 [WARNING] Position reconstruction for ny040326150700b yielded no positions. Falling back to main two legs for greeks.
2026-03-04 15:16:59 [INFO] ⚠️ Using derived lot_size 65 for ny040326150700b snapshot (DB value missing/invalid).
2026-03-04 15:16:59 [INFO] 🔍 Found 0 orders in DB for trade ny040326150700b via get_orders_by_trade_id.
2026-03-04 15:16:59 [INFO] Found 0 filled orders for ny040326150700b in DB via get_orders_by_trade_id.
2026-03-04 15:16:59 [WARNING] No trade orders found for ny040326150700b to build snapshot.
2026-03-04 15:16:59 [WARNING] Position reconstruction for ny040326150700b yielded no positions. Falling back to main two legs for greeks.
2026-03-04 15:17:00 [INFO] ⚠️ Using derived lot_size 65 for ny040326150700b snapshot (DB value missing/invalid).
2026-03-04 15:17:00 [INFO] 🔍 Found 0 orders in DB for trade ny040326150700b via get_orders_by_trade_id.
2026-03-04 15:17:00 [INFO] Found 0 filled orders for ny040326150700b in DB via get_orders_by_trade_id.
2026-03-04 15:17:00 [WARNING] No trade orders found for ny040326150700b to build snapshot.
2026-03-04 15:17:00 [WARNING] Position reconstruction for ny040326150700b yielded no positions. Falling back to main two legs for greeks.
2026-03-04 15:17:00 [INFO] ⚠️ Using derived lot_size 65 for ny040326150700b snapshot (DB value missing/invalid).
2026-03-04 15:17:00 [INFO] 🔍 Found 0 orders in DB for trade ny040326150700b via get_orders_by_trade_id.
2026-03-04 15:17:00 [INFO] Found 0 filled orders for ny040326150700b in DB via get_orders_by_trade_id.
2026-03-04 15:17:00 [WARNING] No trade orders found for ny040326150700b to build snapshot.
2026-03-04 15:17:00 [WARNING] Position reconstruction for ny040326150700b yielded no positions. Falling back to main two legs for greeks.
2026-03-04 15:17:01 [INFO] ⚠️ Using derived lot_size 65 for ny040326150700b snapshot (DB value missing/invalid).
2026-03-04 15:17:01 [INFO] 🔍 Found 0 orders in DB for trade ny040326150700b via get_orders_by_trade_id.
2026-03-04 15:17:01 [INFO] Found 0 filled orders for ny040326150700b in DB via get_orders_by_trade_id.
2026-03-04 15:17:01 [WARNING] No trade orders found for ny040326150700b to build snapshot.
2026-03-04 15:17:01 [WARNING] Position reconstruction for ny040326150700b yielded no positions. Falling back to main two legs for greeks.
2026-03-04 15:17:01 [INFO] ⚠️ Using derived lot_size 65 for ny040326150700b snapshot (DB value missing/invalid).
2026-03-04 15:17:01 [INFO] 🔍 Found 0 orders in DB for trade ny040326150700b via get_orders_by_trade_id.
2026-03-04 15:17:01 [INFO] Found 0 filled orders for ny040326150700b in DB via get_orders_by_trade_id.
2026-03-04 15:17:01 [WARNING] No trade orders found for ny040326150700b to build snapshot.
2026-03-04 15:17:01 [WARNING] Position reconstruction for ny040326150700b yielded no positions. Falling back to main two legs for greeks.
2026-03-04 15:17:02 [INFO] Received and updated option chain for NIFTY via WebSocket.
2026-03-04 15:17:02 [INFO] ⚠️ Using derived lot_size 65 for ny040326150700b snapshot (DB value missing/invalid).
2026-03-04 15:17:02 [INFO] 🔍 Found 0 orders in DB for trade ny040326150700b via get_orders_by_trade_id.
2026-03-04 15:17:02 [INFO] Found 0 filled orders for ny040326150700b in DB via get_orders_by_trade_id.
2026-03-04 15:17:02 [WARNING] No trade orders found for ny040326150700b to build snapshot.
2026-03-04 15:17:02 [WARNING] Position reconstruction for ny040326150700b yielded no positions. Falling back to main two legs for greeks.
2026-03-04 15:17:02 [INFO] ⚠️ Using derived lot_size 65 for ny040326150700b snapshot (DB value missing/invalid).
2026-03-04 15:17:02 [INFO] 🔍 Found 0 orders in DB for trade ny040326150700b via get_orders_by_trade_id.
2026-03-04 15:17:02 [INFO] Found 0 filled orders for ny040326150700b in DB via get_orders_by_trade_id.
2026-03-04 15:17:02 [WARNING] No trade orders found for ny040326150700b to build snapshot.
2026-03-04 15:17:02 [WARNING] Position reconstruction for ny040326150700b yielded no positions. Falling back to main two legs for greeks.
2026-03-04 15:17:03 [INFO] ⚠️ Using derived lot_size 65 for ny040326150700b snapshot (DB value missing/invalid).
2026-03-04 15:17:03 [INFO] 🔍 Found 0 orders in DB for trade ny040326150700b via get_orders_by_trade_id.
2026-03-04 15:17:03 [INFO] Found 0 filled orders for ny040326150700b in DB via get_orders_by_trade_id.
2026-03-04 15:17:03 [WARNING] No trade orders found for ny040326150700b to build snapshot.
2026-03-04 15:17:03 [WARNING] Position reconstruction for ny040326150700b yielded no positions. Falling back to main two legs for greeks.
2026-03-04 15:17:03 [INFO] ⚠️ Using derived lot_size 65 for ny040326150700b snapshot (DB value missing/invalid).
2026-03-04 15:17:03 [INFO] 🔍 Found 0 orders in DB for trade ny040326150700b via get_orders_by_trade_id.
2026-03-04 15:17:03 [INFO] Found 0 filled orders for ny040326150700b in DB via get_orders_by_trade_id.
2026-03-04 15:17:03 [WARNING] No trade orders found for ny040326150700b to build snapshot.
2026-03-04 15:17:03 [WARNING] Position reconstruction for ny040326150700b yielded no positions. Falling back to main two legs for greeks.
2026-03-04 15:17:04 [INFO] Received and updated option chain for SENSEX via WebSocket.
2026-03-04 15:17:04 [INFO] ⚠️ Using derived lot_size 65 for ny040326150700b snapshot (DB value missing/invalid).
2026-03-04 15:17:04 [INFO] 🔍 Found 0 orders in DB for trade ny040326150700b via get_orders_by_trade_id.
2026-03-04 15:17:04 [INFO] Found 0 filled orders for ny040326150700b in DB via get_orders_by_trade_id.
2026-03-04 15:17:04 [WARNING] No trade orders found for ny040326150700b to build snapshot.
2026-03-04 15:17:04 [WARNING] Position reconstruction for ny040326150700b yielded no positions. Falling back to main two legs for greeks.
2026-03-04 15:17:05 [INFO] ⚠️ Using derived lot_size 65 for ny040326150700b snapshot (DB value missing/invalid).
2026-03-04 15:17:05 [INFO] 🔍 Found 0 orders in DB for trade ny040326150700b via get_orders_by_trade_id.
2026-03-04 15:17:05 [INFO] Found 0 filled orders for ny040326150700b in DB via get_orders_by_trade_id.
2026-03-04 15:17:05 [WARNING] No trade orders found for ny040326150700b to build snapshot.
2026-03-04 15:17:05 [WARNING] Position reconstruction for ny040326150700b yielded no positions. Falling back to main two legs for greeks.
2026-03-04 15:17:05 [INFO] ⚠️ Using derived lot_size 65 for ny040326150700b snapshot (DB value missing/invalid).
2026-03-04 15:17:05 [INFO] 🔍 Found 0 orders in DB for trade ny040326150700b via get_orders_by_trade_id.
2026-03-04 15:17:05 [INFO] Found 0 filled orders for ny040326150700b in DB via get_orders_by_trade_id.
2026-03-04 15:17:05 [WARNING] No trade orders found for ny040326150700b to build snapshot.
2026-03-04 15:17:05 [WARNING] Position reconstruction for ny040326150700b yielded no positions. Falling back to main two legs for greeks.
2026-03-04 15:17:06 [INFO] ⚠️ Using derived lot_size 65 for ny040326150700b snapshot (DB value missing/invalid).
2026-03-04 15:17:06 [INFO] 🔍 Found 0 orders in DB for trade ny040326150700b via get_orders_by_trade_id.
2026-03-04 15:17:06 [INFO] Found 0 filled orders for ny040326150700b in DB via get_orders_by_trade_id.
2026-03-04 15:17:06 [WARNING] No trade orders found for ny040326150700b to build snapshot.
2026-03-04 15:17:06 [WARNING] Position reconstruction for ny040326150700b yielded no positions. Falling back to main two legs for greeks.
2026-03-04 15:17:06 [INFO] ⚠️ Using derived lot_size 65 for ny040326150700b snapshot (DB value missing/invalid).
2026-03-04 15:17:06 [INFO] 🔍 Found 0 orders in DB for trade ny040326150700b via get_orders_by_trade_id.
2026-03-04 15:17:06 [INFO] Found 0 filled orders for ny040326150700b in DB via get_orders_by_trade_id.
2026-03-04 15:17:06 [WARNING] No trade orders found for ny040326150700b to build snapshot.
2026-03-04 15:17:06 [WARNING] Position reconstruction for ny040326150700b yielded no positions. Falling back to main two legs for greeks.
2026-03-04 15:17:07 [INFO] ⚠️ Using derived lot_size 65 for ny040326150700b snapshot (DB value missing/invalid).
2026-03-04 15:17:07 [INFO] 🔍 Found 0 orders in DB for trade ny040326150700b via get_orders_by_trade_id.
2026-03-04 15:17:07 [INFO] Found 0 filled orders for ny040326150700b in DB via get_orders_by_trade_id.
2026-03-04 15:17:07 [WARNING] No trade orders found for ny040326150700b to build snapshot.
2026-03-04 15:17:07 [WARNING] Position reconstruction for ny040326150700b yielded no positions. Falling back to main two legs for greeks.
2026-03-04 15:17:07 [INFO] ⚠️ Using derived lot_size 65 for ny040326150700b snapshot (DB value missing/invalid).
2026-03-04 15:17:07 [INFO] 🔍 Found 0 orders in DB for trade ny040326150700b via get_orders_by_trade_id.
2026-03-04 15:17:07 [INFO] Found 0 filled orders for ny040326150700b in DB via get_orders_by_trade_id.
2026-03-04 15:17:07 [WARNING] No trade orders found for ny040326150700b to build snapshot.
2026-03-04 15:17:07 [WARNING] Position reconstruction for ny040326150700b yielded no positions. Falling back to main two legs for greeks.
2026-03-04 15:17:08 [INFO] ⚠️ Using derived lot_size 65 for ny040326150700b snapshot (DB value missing/invalid).
2026-03-04 15:17:08 [INFO] 🔍 Found 0 orders in DB for trade ny040326150700b via get_orders_by_trade_id.
2026-03-04 15:17:08 [INFO] Found 0 filled orders for ny040326150700b in DB via get_orders_by_trade_id.
2026-03-04 15:17:08 [WARNING] No trade orders found for ny040326150700b to build snapshot.
2026-03-04 15:17:08 [WARNING] Position reconstruction for ny040326150700b yielded no positions. Falling back to main two legs for greeks.
2026-03-04 15:17:08 [INFO] ⚠️ Using derived lot_size 65 for ny040326150700b snapshot (DB value missing/invalid).
2026-03-04 15:17:08 [INFO] 🔍 Found 0 orders in DB for trade ny040326150700b via get_orders_by_trade_id.
2026-03-04 15:17:08 [INFO] Found 0 filled orders for ny040326150700b in DB via get_orders_by_trade_id.
2026-03-04 15:17:08 [WARNING] No trade orders found for ny040326150700b to build snapshot.
2026-03-04 15:17:08 [WARNING] Position reconstruction for ny040326150700b yielded no positions. Falling back to main two legs for greeks.
2026-03-04 15:17:09 [INFO] ⚠️ Using derived lot_size 65 for ny040326150700b snapshot (DB value missing/invalid).
2026-03-04 15:17:09 [INFO] 🔍 Found 0 orders in DB for trade ny040326150700b via get_orders_by_trade_id.
2026-03-04 15:17:09 [INFO] Found 0 filled orders for ny040326150700b in DB via get_orders_by_trade_id.
2026-03-04 15:17:09 [WARNING] No trade orders found for ny040326150700b to build snapshot.
2026-03-04 15:17:09 [WARNING] Position reconstruction for ny040326150700b yielded no positions. Falling back to main two legs for greeks.
2026-03-04 15:17:09 [INFO] ⚠️ Using derived lot_size 65 for ny040326150700b snapshot (DB value missing/invalid).
2026-03-04 15:17:09 [INFO] 🔍 Found 0 orders in DB for trade ny040326150700b via get_orders_by_trade_id.
2026-03-04 15:17:09 [INFO] Found 0 filled orders for ny040326150700b in DB via get_orders_by_trade_id.
2026-03-04 15:17:09 [WARNING] No trade orders found for ny040326150700b to build snapshot.
2026-03-04 15:17:09 [WARNING] Position reconstruction for ny040326150700b yielded no positions. Falling back to main two legs for greeks.
2026-03-04 15:17:10 [INFO] ⚠️ Using derived lot_size 65 for ny040326150700b snapshot (DB value missing/invalid).
2026-03-04 15:17:10 [INFO] 🔍 Found 0 orders in DB for trade ny040326150700b via get_orders_by_trade_id.
2026-03-04 15:17:10 [INFO] Found 0 filled orders for ny040326150700b in DB via get_orders_by_trade_id.
2026-03-04 15:17:10 [WARNING] No trade orders found for ny040326150700b to build snapshot.
2026-03-04 15:17:10 [WARNING] Position reconstruction for ny040326150700b yielded no positions. Falling back to main two legs for greeks.
2026-03-04 15:17:11 [INFO] ⚠️ Using derived lot_size 65 for ny040326150700b snapshot (DB value missing/invalid).
2026-03-04 15:17:11 [INFO] 🔍 Found 0 orders in DB for trade ny040326150700b via get_orders_by_trade_id.
2026-03-04 15:17:11 [INFO] Found 0 filled orders for ny040326150700b in DB via get_orders_by_trade_id.
2026-03-04 15:17:11 [WARNING] No trade orders found for ny040326150700b to build snapshot.
2026-03-04 15:17:11 [WARNING] Position reconstruction for ny040326150700b yielded no positions. Falling back to main two legs for greeks.
2026-03-04 15:17:11 [INFO] ⚠️ Using derived lot_size 65 for ny040326150700b snapshot (DB value missing/invalid).
2026-03-04 15:17:11 [INFO] 🔍 Found 0 orders in DB for trade ny040326150700b via get_orders_by_trade_id.
2026-03-04 15:17:11 [INFO] Found 0 filled orders for ny040326150700b in DB via get_orders_by_trade_id.
2026-03-04 15:17:11 [WARNING] No trade orders found for ny040326150700b to build snapshot.
2026-03-04 15:17:11 [WARNING] Position reconstruction for ny040326150700b yielded no positions. Falling back to main two legs for greeks.
2026-03-04 15:17:12 [INFO] ⚠️ Using derived lot_size 65 for ny040326150700b snapshot (DB value missing/invalid).
2026-03-04 15:17:12 [INFO] 🔍 Found 0 orders in DB for trade ny040326150700b via get_orders_by_trade_id.
2026-03-04 15:17:12 [INFO] Found 0 filled orders for ny040326150700b in DB via get_orders_by_trade_id.
2026-03-04 15:17:12 [WARNING] No trade orders found for ny040326150700b to build snapshot.
2026-03-04 15:17:12 [WARNING] Position reconstruction for ny040326150700b yielded no positions. Falling back to main two legs for greeks.
2026-03-04 15:17:12 [INFO] ⚠️ Using derived lot_size 65 for ny040326150700b snapshot (DB value missing/invalid).
2026-03-04 15:17:12 [INFO] 🔍 Found 0 orders in DB for trade ny040326150700b via get_orders_by_trade_id.
2026-03-04 15:17:12 [INFO] Found 0 filled orders for ny040326150700b in DB via get_orders_by_trade_id.
2026-03-04 15:17:12 [WARNING] No trade orders found for ny040326150700b to build snapshot.
2026-03-04 15:17:12 [WARNING] Position reconstruction for ny040326150700b yielded no positions. Falling back to main two legs for greeks.
2026-03-04 15:17:13 [INFO] ⚠️ Using derived lot_size 65 for ny040326150700b snapshot (DB value missing/invalid).
2026-03-04 15:17:13 [INFO] 🔍 Found 0 orders in DB for trade ny040326150700b via get_orders_by_trade_id.
2026-03-04 15:17:13 [INFO] Found 0 filled orders for ny040326150700b in DB via get_orders_by_trade_id.
2026-03-04 15:17:13 [WARNING] No trade orders found for ny040326150700b to build snapshot.
2026-03-04 15:17:13 [WARNING] Position reconstruction for ny040326150700b yielded no positions. Falling back to main two legs for greeks.
2026-03-04 15:17:13 [INFO] ⚠️ Using derived lot_size 65 for ny040326150700b snapshot (DB value missing/invalid).
2026-03-04 15:17:13 [INFO] 🔍 Found 0 orders in DB for trade ny040326150700b via get_orders_by_trade_id.
2026-03-04 15:17:13 [INFO] Found 0 filled orders for ny040326150700b in DB via get_orders_by_trade_id.
2026-03-04 15:17:13 [WARNING] No trade orders found for ny040326150700b to build snapshot.
2026-03-04 15:17:13 [WARNING] Position reconstruction for ny040326150700b yielded no positions. Falling back to main two legs for greeks.
2026-03-04 15:17:14 [INFO] ⚠️ Using derived lot_size 65 for ny040326150700b snapshot (DB value missing/invalid).
2026-03-04 15:17:14 [INFO] 🔍 Found 0 orders in DB for trade ny040326150700b via get_orders_by_trade_id.
2026-03-04 15:17:14 [INFO] Found 0 filled orders for ny040326150700b in DB via get_orders_by_trade_id.
2026-03-04 15:17:14 [WARNING] No trade orders found for ny040326150700b to build snapshot.
2026-03-04 15:17:14 [WARNING] Position reconstruction for ny040326150700b yielded no positions. Falling back to main two legs for greeks.
2026-03-04 15:17:14 [INFO] ⚠️ Using derived lot_size 65 for ny040326150700b snapshot (DB value missing/invalid).
2026-03-04 15:17:14 [INFO] 🔍 Found 0 orders in DB for trade ny040326150700b via get_orders_by_trade_id.
2026-03-04 15:17:14 [INFO] Found 0 filled orders for ny040326150700b in DB via get_orders_by_trade_id.
2026-03-04 15:17:14 [WARNING] No trade orders found for ny040326150700b to build snapshot.
2026-03-04 15:17:14 [WARNING] Position reconstruction for ny040326150700b yielded no positions. Falling back to main two legs for greeks.
2026-03-04 15:17:15 [INFO] ⚠️ Using derived lot_size 65 for ny040326150700b snapshot (DB value missing/invalid).
2026-03-04 15:17:15 [INFO] 🔍 Found 0 orders in DB for trade ny040326150700b via get_orders_by_trade_id.
2026-03-04 15:17:15 [INFO] Found 0 filled orders for ny040326150700b in DB via get_orders_by_trade_id.
2026-03-04 15:17:15 [WARNING] No trade orders found for ny040326150700b to build snapshot.
2026-03-04 15:17:15 [WARNING] Position reconstruction for ny040326150700b yielded no positions. Falling back to main two legs for greeks.
2026-03-04 15:17:15 [INFO] ⚠️ Using derived lot_size 65 for ny040326150700b snapshot (DB value missing/invalid).
2026-03-04 15:17:15 [INFO] 🔍 Found 0 orders in DB for trade ny040326150700b via get_orders_by_trade_id.
2026-03-04 15:17:15 [INFO] Found 0 filled orders for ny040326150700b in DB via get_orders_by_trade_id.
2026-03-04 15:17:15 [WARNING] No trade orders found for ny040326150700b to build snapshot.
2026-03-04 15:17:15 [WARNING] Position reconstruction for ny040326150700b yielded no positions. Falling back to main two legs for greeks.
2026-03-04 15:17:16 [INFO] ⚠️ Using derived lot_size 65 for ny040326150700b snapshot (DB value missing/invalid).
2026-03-04 15:17:16 [INFO] 🔍 Found 0 orders in DB for trade ny040326150700b via get_orders_by_trade_id.
2026-03-04 15:17:16 [INFO] Found 0 filled orders for ny040326150700b in DB via get_orders_by_trade_id.
2026-03-04 15:17:16 [WARNING] No trade orders found for ny040326150700b to build snapshot.
2026-03-04 15:17:16 [WARNING] Position reconstruction for ny040326150700b yielded no positions. Falling back to main two legs for greeks.
2026-03-04 15:17:17 [INFO] ⚠️ Using derived lot_size 65 for ny040326150700b snapshot (DB value missing/invalid).
2026-03-04 15:17:17 [INFO] 🔍 Found 0 orders in DB for trade ny040326150700b via get_orders_by_trade_id.
2026-03-04 15:17:17 [INFO] Found 0 filled orders for ny040326150700b in DB via get_orders_by_trade_id.
2026-03-04 15:17:17 [WARNING] No trade orders found for ny040326150700b to build snapshot.
2026-03-04 15:17:17 [WARNING] Position reconstruction for ny040326150700b yielded no positions. Falling back to main two legs for greeks.
2026-03-04 15:17:17 [INFO] ⚠️ Using derived lot_size 65 for ny040326150700b snapshot (DB value missing/invalid).
2026-03-04 15:17:17 [INFO] 🔍 Found 0 orders in DB for trade ny040326150700b via get_orders_by_trade_id.
2026-03-04 15:17:17 [INFO] Found 0 filled orders for ny040326150700b in DB via get_orders_by_trade_id.
2026-03-04 15:17:17 [WARNING] No trade orders found for ny040326150700b to build snapshot.
2026-03-04 15:17:17 [WARNING] Position reconstruction for ny040326150700b yielded no positions. Falling back to main two legs for greeks.
2026-03-04 15:17:18 [INFO] ⚠️ Using derived lot_size 65 for ny040326150700b snapshot (DB value missing/invalid).
2026-03-04 15:17:18 [INFO] 🔍 Found 0 orders in DB for trade ny040326150700b via get_orders_by_trade_id.
2026-03-04 15:17:18 [INFO] Found 0 filled orders for ny040326150700b in DB via get_orders_by_trade_id.
2026-03-04 15:17:18 [WARNING] No trade orders found for ny040326150700b to build snapshot.
2026-03-04 15:17:18 [WARNING] Position reconstruction for ny040326150700b yielded no positions. Falling back to main two legs for greeks.
2026-03-04 15:17:18 [INFO] ⚠️ Using derived lot_size 65 for ny040326150700b snapshot (DB value missing/invalid).
2026-03-04 15:17:18 [INFO] 🔍 Found 0 orders in DB for trade ny040326150700b via get_orders_by_trade_id.
2026-03-04 15:17:18 [INFO] Found 0 filled orders for ny040326150700b in DB via get_orders_by_trade_id.
2026-03-04 15:17:18 [WARNING] No trade orders found for ny040326150700b to build snapshot.
2026-03-04 15:17:18 [WARNING] Position reconstruction for ny040326150700b yielded no positions. Falling back to main two legs for greeks.
2026-03-04 15:17:19 [INFO] ⚠️ Using derived lot_size 65 for ny040326150700b snapshot (DB value missing/invalid).
2026-03-04 15:17:19 [INFO] 🔍 Found 0 orders in DB for trade ny040326150700b via get_orders_by_trade_id.
2026-03-04 15:17:19 [INFO] Found 0 filled orders for ny040326150700b in DB via get_orders_by_trade_id.
2026-03-04 15:17:19 [WARNING] No trade orders found for ny040326150700b to build snapshot.
2026-03-04 15:17:19 [WARNING] Position reconstruction for ny040326150700b yielded no positions. Falling back to main two legs for greeks.
2026-03-04 15:17:19 [INFO] ⚠️ Using derived lot_size 65 for ny040326150700b snapshot (DB value missing/invalid).
2026-03-04 15:17:19 [INFO] 🔍 Found 0 orders in DB for trade ny040326150700b via get_orders_by_trade_id.
2026-03-04 15:17:19 [INFO] Found 0 filled orders for ny040326150700b in DB via get_orders_by_trade_id.
2026-03-04 15:17:19 [WARNING] No trade orders found for ny040326150700b to build snapshot.
2026-03-04 15:17:19 [WARNING] Position reconstruction for ny040326150700b yielded no positions. Falling back to main two legs for greeks.
2026-03-04 15:17:20 [INFO] ⚠️ Using derived lot_size 65 for ny040326150700b snapshot (DB value missing/invalid).
2026-03-04 15:17:20 [INFO] 🔍 Found 0 orders in DB for trade ny040326150700b via get_orders_by_trade_id.
2026-03-04 15:17:20 [INFO] Found 0 filled orders for ny040326150700b in DB via get_orders_by_trade_id.
2026-03-04 15:17:20 [WARNING] No trade orders found for ny040326150700b to build snapshot.
2026-03-04 15:17:20 [WARNING] Position reconstruction for ny040326150700b yielded no positions. Falling back to main two legs for greeks.
2026-03-04 15:17:20 [INFO] ⚠️ Using derived lot_size 65 for ny040326150700b snapshot (DB value missing/invalid).
2026-03-04 15:17:20 [INFO] 🔍 Found 0 orders in DB for trade ny040326150700b via get_orders_by_trade_id.
2026-03-04 15:17:20 [INFO] Found 0 filled orders for ny040326150700b in DB via get_orders_by_trade_id.
2026-03-04 15:17:20 [WARNING] No trade orders found for ny040326150700b to build snapshot.
2026-03-04 15:17:20 [WARNING] Position reconstruction for ny040326150700b yielded no positions. Falling back to main two legs for greeks.
2026-03-04 15:17:21 [INFO] ⚠️ Using derived lot_size 65 for ny040326150700b snapshot (DB value missing/invalid).
2026-03-04 15:17:21 [INFO] 🔍 Found 0 orders in DB for trade ny040326150700b via get_orders_by_trade_id.
2026-03-04 15:17:21 [INFO] Found 0 filled orders for ny040326150700b in DB via get_orders_by_trade_id.
2026-03-04 15:17:21 [WARNING] No trade orders found for ny040326150700b to build snapshot.
2026-03-04 15:17:21 [WARNING] Position reconstruction for ny040326150700b yielded no positions. Falling back to main two legs for greeks.
2026-03-04 15:17:21 [INFO] ⚠️ Using derived lot_size 65 for ny040326150700b snapshot (DB value missing/invalid).
2026-03-04 15:17:21 [INFO] 🔍 Found 0 orders in DB for trade ny040326150700b via get_orders_by_trade_id.
2026-03-04 15:17:21 [INFO] Found 0 filled orders for ny040326150700b in DB via get_orders_by_trade_id.
2026-03-04 15:17:21 [WARNING] No trade orders found for ny040326150700b to build snapshot.
2026-03-04 15:17:21 [WARNING] Position reconstruction for ny040326150700b yielded no positions. Falling back to main two legs for greeks.
2026-03-04 15:17:22 [INFO] ⚠️ Using derived lot_size 65 for ny040326150700b snapshot (DB value missing/invalid).
2026-03-04 15:17:22 [INFO] 🔍 Found 0 orders in DB for trade ny040326150700b via get_orders_by_trade_id.
2026-03-04 15:17:22 [INFO] Found 0 filled orders for ny040326150700b in DB via get_orders_by_trade_id.
2026-03-04 15:17:22 [WARNING] No trade orders found for ny040326150700b to build snapshot.
2026-03-04 15:17:22 [WARNING] Position reconstruction for ny040326150700b yielded no positions. Falling back to main two legs for greeks.
2026-03-04 15:17:23 [INFO] ⚠️ Using derived lot_size 65 for ny040326150700b snapshot (DB value missing/invalid).
2026-03-04 15:17:23 [INFO] 🔍 Found 0 orders in DB for trade ny040326150700b via get_orders_by_trade_id.
2026-03-04 15:17:23 [INFO] Found 0 filled orders for ny040326150700b in DB via get_orders_by_trade_id.
2026-03-04 15:17:23 [WARNING] No trade orders found for ny040326150700b to build snapshot.
2026-03-04 15:17:23 [WARNING] Position reconstruction for ny040326150700b yielded no positions. Falling back to main two legs for greeks.
2026-03-04 15:17:23 [INFO] ⚠️ Using derived lot_size 65 for ny040326150700b snapshot (DB value missing/invalid).
2026-03-04 15:17:23 [INFO] 🔍 Found 0 orders in DB for trade ny040326150700b via get_orders_by_trade_id.
2026-03-04 15:17:23 [INFO] Found 0 filled orders for ny040326150700b in DB via get_orders_by_trade_id.
2026-03-04 15:17:23 [WARNING] No trade orders found for ny040326150700b to build snapshot.
2026-03-04 15:17:23 [WARNING] Position reconstruction for ny040326150700b yielded no positions. Falling back to main two legs for greeks.
2026-03-04 15:17:24 [INFO] ⚠️ Using derived lot_size 65 for ny040326150700b snapshot (DB value missing/invalid).
2026-03-04 15:17:24 [INFO] 🔍 Found 0 orders in DB for trade ny040326150700b via get_orders_by_trade_id.
2026-03-04 15:17:24 [INFO] Found 0 filled orders for ny040326150700b in DB via get_orders_by_trade_id.
2026-03-04 15:17:24 [WARNING] No trade orders found for ny040326150700b to build snapshot.
2026-03-04 15:17:24 [WARNING] Position reconstruction for ny040326150700b yielded no positions. Falling back to main two legs for greeks.
2026-03-04 15:17:24 [INFO] Received and updated option chain for NIFTY via WebSocket.
2026-03-04 15:17:24 [INFO] ⚠️ Using derived lot_size 65 for ny040326150700b snapshot (DB value missing/invalid).
2026-03-04 15:17:24 [INFO] 🔍 Found 0 orders in DB for trade ny040326150700b via get_orders_by_trade_id.
2026-03-04 15:17:24 [INFO] Found 0 filled orders for ny040326150700b in DB via get_orders_by_trade_id.
2026-03-04 15:17:24 [WARNING] No trade orders found for ny040326150700b to build snapshot.
2026-03-04 15:17:24 [WARNING] Position reconstruction for ny040326150700b yielded no positions. Falling back to main two legs for greeks.
2026-03-04 15:17:25 [INFO] ⚠️ Using derived lot_size 65 for ny040326150700b snapshot (DB value missing/invalid).
2026-03-04 15:17:25 [INFO] 🔍 Found 0 orders in DB for trade ny040326150700b via get_orders_by_trade_id.
2026-03-04 15:17:25 [INFO] Found 0 filled orders for ny040326150700b in DB via get_orders_by_trade_id.
2026-03-04 15:17:25 [WARNING] No trade orders found for ny040326150700b to build snapshot.
2026-03-04 15:17:25 [WARNING] Position reconstruction for ny040326150700b yielded no positions. Falling back to main two legs for greeks.
2026-03-04 15:17:25 [INFO] 🛑 Shutting down trade process for ny040326150700b.
2026-03-04 15:17:25 [INFO] 🛑 Stopping all monitors for trade: ny040326150700b
2026-03-04 15:17:25 [INFO] 🛑 SLMonitor disabled: ny040326150700b
2026-03-04 15:17:25 [INFO] 🛑 HedgeMonitor disabled for ny040326150700b.
2026-03-04 15:17:25 [INFO] 🛑 RollMonitor disabled: ny040326150700b
2026-03-04 15:17:25 [INFO] 🛑 SquareOffMonitor disabled for ny040326150700b
2026-03-04 15:17:25 [INFO] 🛑 StraddlePriceMonitor disabled: ny040326150700b
2026-03-04 15:17:25 [INFO] ✅ Market Data Client closed.
2026-03-04 15:17:25 [INFO] 🔒 Database closed
2026-03-04 15:17:25 [INFO] ✅ Process for ny040326150700b finished.
2026-03-04 15:17:25 [INFO] Price sync loop cancelled.
2026-03-04 15:20:31 [INFO] 🚀 Process for trade ny040326150700b started.
2026-03-04 15:20:31 [INFO] ✅ Database initialized
2026-03-04 15:20:31 [INFO] ✅ Market Data Client initialized.
2026-03-04 15:20:31 [INFO] ✅ SLMonitor initialized: ny040326150700b
2026-03-04 15:20:31 [INFO]    SL BPS: 14.0 (0.14%) of spot price
2026-03-04 15:20:31 [INFO]    Check Interval: 60.0s
2026-03-04 15:20:31 [INFO] ✅ RollMonitor initialized: ny040326150700b
2026-03-04 15:20:31 [INFO]    Check Interval: 60.0s
2026-03-04 15:20:31 [INFO] ✅ SquareOffMonitor initialized for ny040326150700b at 15:27:00
2026-03-04 15:20:31 [INFO] ✅ StraddlePriceMonitor initialized: ny040326150700b
2026-03-04 15:20:31 [INFO] ✅ All monitors initialized for ny040326150700b
2026-03-04 15:20:31 [INFO] ✅ TradeManager created: ny040326150700b
2026-03-04 15:20:31 [INFO] 📊 Starting all monitors for new trade: ny040326150700b
2026-03-04 15:20:31 [INFO] 🛡️ SLMonitor enabled: ny040326150700b
2026-03-04 15:20:31 [INFO] ✅ HedgeMonitor enabled for ny040326150700b. Checks will be orchestrated.
2026-03-04 15:20:31 [INFO] 🔄 RollMonitor enabled: ny040326150700b
2026-03-04 15:20:31 [INFO] ⏹️ SquareOffMonitor enabled: ny040326150700b
2026-03-04 15:20:31 [INFO] 🎯 StraddlePriceMonitor enabled: ny040326150700b | Initial HWM: 680.98
2026-03-04 15:20:31 [INFO] 🚀 Connecting to Market Data Service stream at ws://127.0.0.1:8001/ws/data...
2026-03-04 15:20:31 [INFO] Handshake headers being sent: {'Origin': 'http://127.0.0.1'}
2026-03-04 15:20:31 [INFO] ⚠️ Using derived lot_size 65 for ny040326150700b snapshot (DB value missing/invalid).
2026-03-04 15:20:31 [INFO] 🔍 Found 0 orders in DB for trade ny040326150700b via get_orders_by_trade_id.
2026-03-04 15:20:31 [INFO] Found 0 filled orders for ny040326150700b in DB via get_orders_by_trade_id.
2026-03-04 15:20:31 [WARNING] No trade orders found for ny040326150700b to build snapshot.
2026-03-04 15:20:31 [WARNING] Position reconstruction for ny040326150700b yielded no positions. Falling back to main two legs for greeks.
2026-03-04 15:20:31 [INFO] ✅ Connected to Market Data Service real-time stream.
2026-03-04 15:20:32 [INFO] ⚠️ Using derived lot_size 65 for ny040326150700b snapshot (DB value missing/invalid).
2026-03-04 15:20:32 [INFO] 🔍 Found 0 orders in DB for trade ny040326150700b via get_orders_by_trade_id.
2026-03-04 15:20:32 [INFO] Found 0 filled orders for ny040326150700b in DB via get_orders_by_trade_id.
2026-03-04 15:20:32 [WARNING] No trade orders found for ny040326150700b to build snapshot.
2026-03-04 15:20:32 [WARNING] Position reconstruction for ny040326150700b yielded no positions. Falling back to main two legs for greeks.
2026-03-04 15:20:32 [INFO] ⚠️ Using derived lot_size 65 for ny040326150700b snapshot (DB value missing/invalid).
2026-03-04 15:20:32 [INFO] 🔍 Found 0 orders in DB for trade ny040326150700b via get_orders_by_trade_id.
2026-03-04 15:20:32 [INFO] Found 0 filled orders for ny040326150700b in DB via get_orders_by_trade_id.
2026-03-04 15:20:32 [WARNING] No trade orders found for ny040326150700b to build snapshot.
2026-03-04 15:20:32 [WARNING] Position reconstruction for ny040326150700b yielded no positions. Falling back to main two legs for greeks.
2026-03-04 15:20:33 [INFO] ⚠️ Using derived lot_size 65 for ny040326150700b snapshot (DB value missing/invalid).
2026-03-04 15:20:33 [INFO] 🔍 Found 0 orders in DB for trade ny040326150700b via get_orders_by_trade_id.
2026-03-04 15:20:33 [INFO] Found 0 filled orders for ny040326150700b in DB via get_orders_by_trade_id.
2026-03-04 15:20:33 [WARNING] No trade orders found for ny040326150700b to build snapshot.
2026-03-04 15:20:33 [WARNING] Position reconstruction for ny040326150700b yielded no positions. Falling back to main two legs for greeks.
2026-03-04 15:20:33 [INFO] ⚠️ Using derived lot_size 65 for ny040326150700b snapshot (DB value missing/invalid).
2026-03-04 15:20:33 [INFO] 🔍 Found 0 orders in DB for trade ny040326150700b via get_orders_by_trade_id.
2026-03-04 15:20:33 [INFO] Found 0 filled orders for ny040326150700b in DB via get_orders_by_trade_id.
2026-03-04 15:20:33 [WARNING] No trade orders found for ny040326150700b to build snapshot.
2026-03-04 15:20:33 [WARNING] Position reconstruction for ny040326150700b yielded no positions. Falling back to main two legs for greeks.
2026-03-04 15:20:34 [INFO] ⚠️ Using derived lot_size 65 for ny040326150700b snapshot (DB value missing/invalid).
2026-03-04 15:20:34 [INFO] 🔍 Found 0 orders in DB for trade ny040326150700b via get_orders_by_trade_id.
2026-03-04 15:20:34 [INFO] Found 0 filled orders for ny040326150700b in DB via get_orders_by_trade_id.
2026-03-04 15:20:34 [WARNING] No trade orders found for ny040326150700b to build snapshot.
2026-03-04 15:20:34 [WARNING] Position reconstruction for ny040326150700b yielded no positions. Falling back to main two legs for greeks.
2026-03-04 15:20:35 [INFO] ⚠️ Using derived lot_size 65 for ny040326150700b snapshot (DB value missing/invalid).
2026-03-04 15:20:35 [INFO] 🔍 Found 0 orders in DB for trade ny040326150700b via get_orders_by_trade_id.
2026-03-04 15:20:35 [INFO] Found 0 filled orders for ny040326150700b in DB via get_orders_by_trade_id.
2026-03-04 15:20:35 [WARNING] No trade orders found for ny040326150700b to build snapshot.
2026-03-04 15:20:35 [WARNING] Position reconstruction for ny040326150700b yielded no positions. Falling back to main two legs for greeks.
2026-03-04 15:20:35 [INFO] ⚠️ Using derived lot_size 65 for ny040326150700b snapshot (DB value missing/invalid).
2026-03-04 15:20:35 [INFO] 🔍 Found 0 orders in DB for trade ny040326150700b via get_orders_by_trade_id.
2026-03-04 15:20:35 [INFO] Found 0 filled orders for ny040326150700b in DB via get_orders_by_trade_id.
2026-03-04 15:20:35 [WARNING] No trade orders found for ny040326150700b to build snapshot.
2026-03-04 15:20:35 [WARNING] Position reconstruction for ny040326150700b yielded no positions. Falling back to main two legs for greeks.
2026-03-04 15:20:36 [INFO] ⚠️ Using derived lot_size 65 for ny040326150700b snapshot (DB value missing/invalid).
2026-03-04 15:20:36 [INFO] 🔍 Found 0 orders in DB for trade ny040326150700b via get_orders_by_trade_id.
2026-03-04 15:20:36 [INFO] Found 0 filled orders for ny040326150700b in DB via get_orders_by_trade_id.
2026-03-04 15:20:36 [WARNING] No trade orders found for ny040326150700b to build snapshot.
2026-03-04 15:20:36 [WARNING] Position reconstruction for ny040326150700b yielded no positions. Falling back to main two legs for greeks.
2026-03-04 15:20:36 [INFO] ⚠️ Using derived lot_size 65 for ny040326150700b snapshot (DB value missing/invalid).
2026-03-04 15:20:36 [INFO] 🔍 Found 0 orders in DB for trade ny040326150700b via get_orders_by_trade_id.
2026-03-04 15:20:36 [INFO] Found 0 filled orders for ny040326150700b in DB via get_orders_by_trade_id.
2026-03-04 15:20:36 [WARNING] No trade orders found for ny040326150700b to build snapshot.
2026-03-04 15:20:36 [WARNING] Position reconstruction for ny040326150700b yielded no positions. Falling back to main two legs for greeks.
2026-03-04 15:20:37 [INFO] ⚠️ Using derived lot_size 65 for ny040326150700b snapshot (DB value missing/invalid).
2026-03-04 15:20:37 [INFO] 🔍 Found 0 orders in DB for trade ny040326150700b via get_orders_by_trade_id.
2026-03-04 15:20:37 [INFO] Found 0 filled orders for ny040326150700b in DB via get_orders_by_trade_id.
2026-03-04 15:20:37 [WARNING] No trade orders found for ny040326150700b to build snapshot.
2026-03-04 15:20:37 [WARNING] Position reconstruction for ny040326150700b yielded no positions. Falling back to main two legs for greeks.
2026-03-04 15:20:37 [INFO] ⚠️ Using derived lot_size 65 for ny040326150700b snapshot (DB value missing/invalid).
2026-03-04 15:20:37 [INFO] 🔍 Found 0 orders in DB for trade ny040326150700b via get_orders_by_trade_id.
2026-03-04 15:20:37 [INFO] Found 0 filled orders for ny040326150700b in DB via get_orders_by_trade_id.
2026-03-04 15:20:37 [WARNING] No trade orders found for ny040326150700b to build snapshot.
2026-03-04 15:20:37 [WARNING] Position reconstruction for ny040326150700b yielded no positions. Falling back to main two legs for greeks.
2026-03-04 15:20:38 [INFO] ⚠️ Using derived lot_size 65 for ny040326150700b snapshot (DB value missing/invalid).
2026-03-04 15:20:38 [INFO] 🔍 Found 0 orders in DB for trade ny040326150700b via get_orders_by_trade_id.
2026-03-04 15:20:38 [INFO] Found 0 filled orders for ny040326150700b in DB via get_orders_by_trade_id.
2026-03-04 15:20:38 [WARNING] No trade orders found for ny040326150700b to build snapshot.
2026-03-04 15:20:38 [WARNING] Position reconstruction for ny040326150700b yielded no positions. Falling back to main two legs for greeks.
2026-03-04 15:20:38 [INFO] ⚠️ Using derived lot_size 65 for ny040326150700b snapshot (DB value missing/invalid).
2026-03-04 15:20:38 [INFO] 🔍 Found 0 orders in DB for trade ny040326150700b via get_orders_by_trade_id.
2026-03-04 15:20:38 [INFO] Found 0 filled orders for ny040326150700b in DB via get_orders_by_trade_id.
2026-03-04 15:20:38 [WARNING] No trade orders found for ny040326150700b to build snapshot.
2026-03-04 15:20:38 [WARNING] Position reconstruction for ny040326150700b yielded no positions. Falling back to main two legs for greeks.
2026-03-04 15:20:39 [INFO] ⚠️ Using derived lot_size 65 for ny040326150700b snapshot (DB value missing/invalid).
2026-03-04 15:20:39 [INFO] 🔍 Found 0 orders in DB for trade ny040326150700b via get_orders_by_trade_id.
2026-03-04 15:20:39 [INFO] Found 0 filled orders for ny040326150700b in DB via get_orders_by_trade_id.
2026-03-04 15:20:39 [WARNING] No trade orders found for ny040326150700b to build snapshot.
2026-03-04 15:20:39 [WARNING] Position reconstruction for ny040326150700b yielded no positions. Falling back to main two legs for greeks.
2026-03-04 15:20:39 [INFO] ⚠️ Using derived lot_size 65 for ny040326150700b snapshot (DB value missing/invalid).
2026-03-04 15:20:39 [INFO] 🔍 Found 0 orders in DB for trade ny040326150700b via get_orders_by_trade_id.
2026-03-04 15:20:39 [INFO] Found 0 filled orders for ny040326150700b in DB via get_orders_by_trade_id.
2026-03-04 15:20:39 [WARNING] No trade orders found for ny040326150700b to build snapshot.
2026-03-04 15:20:39 [WARNING] Position reconstruction for ny040326150700b yielded no positions. Falling back to main two legs for greeks.
2026-03-04 15:20:40 [INFO] ⚠️ Using derived lot_size 65 for ny040326150700b snapshot (DB value missing/invalid).
2026-03-04 15:20:40 [INFO] 🔍 Found 0 orders in DB for trade ny040326150700b via get_orders_by_trade_id.
2026-03-04 15:20:40 [INFO] Found 0 filled orders for ny040326150700b in DB via get_orders_by_trade_id.
2026-03-04 15:20:40 [WARNING] No trade orders found for ny040326150700b to build snapshot.
2026-03-04 15:20:40 [WARNING] Position reconstruction for ny040326150700b yielded no positions. Falling back to main two legs for greeks.
2026-03-04 15:20:41 [INFO] ⚠️ Using derived lot_size 65 for ny040326150700b snapshot (DB value missing/invalid).
2026-03-04 15:20:41 [INFO] 🔍 Found 0 orders in DB for trade ny040326150700b via get_orders_by_trade_id.
2026-03-04 15:20:41 [INFO] Found 0 filled orders for ny040326150700b in DB via get_orders_by_trade_id.
2026-03-04 15:20:41 [WARNING] No trade orders found for ny040326150700b to build snapshot.
2026-03-04 15:20:41 [WARNING] Position reconstruction for ny040326150700b yielded no positions. Falling back to main two legs for greeks.
2026-03-04 15:20:41 [INFO] ⚠️ Using derived lot_size 65 for ny040326150700b snapshot (DB value missing/invalid).
2026-03-04 15:20:41 [INFO] 🔍 Found 0 orders in DB for trade ny040326150700b via get_orders_by_trade_id.
2026-03-04 15:20:41 [INFO] Found 0 filled orders for ny040326150700b in DB via get_orders_by_trade_id.
2026-03-04 15:20:41 [WARNING] No trade orders found for ny040326150700b to build snapshot.
2026-03-04 15:20:41 [WARNING] Position reconstruction for ny040326150700b yielded no positions. Falling back to main two legs for greeks.
2026-03-04 15:20:42 [INFO] ⚠️ Using derived lot_size 65 for ny040326150700b snapshot (DB value missing/invalid).
2026-03-04 15:20:42 [INFO] 🔍 Found 0 orders in DB for trade ny040326150700b via get_orders_by_trade_id.
2026-03-04 15:20:42 [INFO] Found 0 filled orders for ny040326150700b in DB via get_orders_by_trade_id.
2026-03-04 15:20:42 [WARNING] No trade orders found for ny040326150700b to build snapshot.
2026-03-04 15:20:42 [WARNING] Position reconstruction for ny040326150700b yielded no positions. Falling back to main two legs for greeks.
2026-03-04 15:20:42 [INFO] Received and updated option chain for NIFTY via WebSocket.
2026-03-04 15:20:42 [INFO] ⚠️ Using derived lot_size 65 for ny040326150700b snapshot (DB value missing/invalid).
2026-03-04 15:20:42 [INFO] 🔍 Found 0 orders in DB for trade ny040326150700b via get_orders_by_trade_id.
2026-03-04 15:20:42 [INFO] Found 0 filled orders for ny040326150700b in DB via get_orders_by_trade_id.
2026-03-04 15:20:42 [WARNING] No trade orders found for ny040326150700b to build snapshot.
2026-03-04 15:20:42 [WARNING] Position reconstruction for ny040326150700b yielded no positions. Falling back to main two legs for greeks.
2026-03-04 15:20:43 [INFO] ⚠️ Using derived lot_size 65 for ny040326150700b snapshot (DB value missing/invalid).
2026-03-04 15:20:43 [INFO] 🔍 Found 0 orders in DB for trade ny040326150700b via get_orders_by_trade_id.
2026-03-04 15:20:43 [INFO] Found 0 filled orders for ny040326150700b in DB via get_orders_by_trade_id.
2026-03-04 15:20:43 [WARNING] No trade orders found for ny040326150700b to build snapshot.
2026-03-04 15:20:43 [WARNING] Position reconstruction for ny040326150700b yielded no positions. Falling back to main two legs for greeks.
2026-03-04 15:20:43 [INFO] ⚠️ Using derived lot_size 65 for ny040326150700b snapshot (DB value missing/invalid).
2026-03-04 15:20:43 [INFO] 🔍 Found 0 orders in DB for trade ny040326150700b via get_orders_by_trade_id.
2026-03-04 15:20:43 [INFO] Found 0 filled orders for ny040326150700b in DB via get_orders_by_trade_id.
2026-03-04 15:20:43 [WARNING] No trade orders found for ny040326150700b to build snapshot.
2026-03-04 15:20:43 [WARNING] Position reconstruction for ny040326150700b yielded no positions. Falling back to main two legs for greeks.
2026-03-04 15:20:44 [INFO] ⚠️ Using derived lot_size 65 for ny040326150700b snapshot (DB value missing/invalid).
2026-03-04 15:20:44 [INFO] 🔍 Found 0 orders in DB for trade ny040326150700b via get_orders_by_trade_id.
2026-03-04 15:20:44 [INFO] Found 0 filled orders for ny040326150700b in DB via get_orders_by_trade_id.
2026-03-04 15:20:44 [WARNING] No trade orders found for ny040326150700b to build snapshot.
2026-03-04 15:20:44 [WARNING] Position reconstruction for ny040326150700b yielded no positions. Falling back to main two legs for greeks.
2026-03-04 15:20:44 [INFO] Received and updated option chain for SENSEX via WebSocket.
2026-03-04 15:20:44 [INFO] ⚠️ Using derived lot_size 65 for ny040326150700b snapshot (DB value missing/invalid).
2026-03-04 15:20:44 [INFO] 🔍 Found 0 orders in DB for trade ny040326150700b via get_orders_by_trade_id.
2026-03-04 15:20:44 [INFO] Found 0 filled orders for ny040326150700b in DB via get_orders_by_trade_id.
2026-03-04 15:20:44 [WARNING] No trade orders found for ny040326150700b to build snapshot.
2026-03-04 15:20:44 [WARNING] Position reconstruction for ny040326150700b yielded no positions. Falling back to main two legs for greeks.
2026-03-04 15:20:45 [INFO] ⚠️ Using derived lot_size 65 for ny040326150700b snapshot (DB value missing/invalid).
2026-03-04 15:20:45 [INFO] 🔍 Found 0 orders in DB for trade ny040326150700b via get_orders_by_trade_id.
2026-03-04 15:20:45 [INFO] Found 0 filled orders for ny040326150700b in DB via get_orders_by_trade_id.
2026-03-04 15:20:45 [WARNING] No trade orders found for ny040326150700b to build snapshot.
2026-03-04 15:20:45 [WARNING] Position reconstruction for ny040326150700b yielded no positions. Falling back to main two legs for greeks.
2026-03-04 15:20:45 [INFO] ⚠️ Using derived lot_size 65 for ny040326150700b snapshot (DB value missing/invalid).
2026-03-04 15:20:45 [INFO] 🔍 Found 0 orders in DB for trade ny040326150700b via get_orders_by_trade_id.
2026-03-04 15:20:45 [INFO] Found 0 filled orders for ny040326150700b in DB via get_orders_by_trade_id.
2026-03-04 15:20:45 [WARNING] No trade orders found for ny040326150700b to build snapshot.
2026-03-04 15:20:45 [WARNING] Position reconstruction for ny040326150700b yielded no positions. Falling back to main two legs for greeks.
2026-03-04 15:20:46 [INFO] ⚠️ Using derived lot_size 65 for ny040326150700b snapshot (DB value missing/invalid).
2026-03-04 15:20:46 [INFO] 🔍 Found 0 orders in DB for trade ny040326150700b via get_orders_by_trade_id.
2026-03-04 15:20:46 [INFO] Found 0 filled orders for ny040326150700b in DB via get_orders_by_trade_id.
2026-03-04 15:20:46 [WARNING] No trade orders found for ny040326150700b to build snapshot.
2026-03-04 15:20:46 [WARNING] Position reconstruction for ny040326150700b yielded no positions. Falling back to main two legs for greeks.
2026-03-04 15:20:46 [INFO] ⚠️ Using derived lot_size 65 for ny040326150700b snapshot (DB value missing/invalid).
2026-03-04 15:20:46 [INFO] 🔍 Found 0 orders in DB for trade ny040326150700b via get_orders_by_trade_id.
2026-03-04 15:20:46 [INFO] Found 0 filled orders for ny040326150700b in DB via get_orders_by_trade_id.
2026-03-04 15:20:46 [WARNING] No trade orders found for ny040326150700b to build snapshot.
2026-03-04 15:20:46 [WARNING] Position reconstruction for ny040326150700b yielded no positions. Falling back to main two legs for greeks.
2026-03-04 15:20:47 [INFO] ⚠️ Using derived lot_size 65 for ny040326150700b snapshot (DB value missing/invalid).
2026-03-04 15:20:47 [INFO] 🔍 Found 0 orders in DB for trade ny040326150700b via get_orders_by_trade_id.
2026-03-04 15:20:47 [INFO] Found 0 filled orders for ny040326150700b in DB via get_orders_by_trade_id.
2026-03-04 15:20:47 [WARNING] No trade orders found for ny040326150700b to build snapshot.
2026-03-04 15:20:47 [WARNING] Position reconstruction for ny040326150700b yielded no positions. Falling back to main two legs for greeks.
2026-03-04 15:20:48 [INFO] ⚠️ Using derived lot_size 65 for ny040326150700b snapshot (DB value missing/invalid).
2026-03-04 15:20:48 [INFO] 🔍 Found 0 orders in DB for trade ny040326150700b via get_orders_by_trade_id.
2026-03-04 15:20:48 [INFO] Found 0 filled orders for ny040326150700b in DB via get_orders_by_trade_id.
2026-03-04 15:20:48 [WARNING] No trade orders found for ny040326150700b to build snapshot.
2026-03-04 15:20:48 [WARNING] Position reconstruction for ny040326150700b yielded no positions. Falling back to main two legs for greeks.
2026-03-04 15:20:48 [INFO] ⚠️ Using derived lot_size 65 for ny040326150700b snapshot (DB value missing/invalid).
2026-03-04 15:20:48 [INFO] 🔍 Found 0 orders in DB for trade ny040326150700b via get_orders_by_trade_id.
2026-03-04 15:20:48 [INFO] Found 0 filled orders for ny040326150700b in DB via get_orders_by_trade_id.
2026-03-04 15:20:48 [WARNING] No trade orders found for ny040326150700b to build snapshot.
2026-03-04 15:20:48 [WARNING] Position reconstruction for ny040326150700b yielded no positions. Falling back to main two legs for greeks.
2026-03-04 15:20:49 [INFO] ⚠️ Using derived lot_size 65 for ny040326150700b snapshot (DB value missing/invalid).
2026-03-04 15:20:49 [INFO] 🔍 Found 0 orders in DB for trade ny040326150700b via get_orders_by_trade_id.
2026-03-04 15:20:49 [INFO] Found 0 filled orders for ny040326150700b in DB via get_orders_by_trade_id.
2026-03-04 15:20:49 [WARNING] No trade orders found for ny040326150700b to build snapshot.
2026-03-04 15:20:49 [WARNING] Position reconstruction for ny040326150700b yielded no positions. Falling back to main two legs for greeks.
2026-03-04 15:20:49 [INFO] ⚠️ Using derived lot_size 65 for ny040326150700b snapshot (DB value missing/invalid).
2026-03-04 15:20:49 [INFO] 🔍 Found 0 orders in DB for trade ny040326150700b via get_orders_by_trade_id.
2026-03-04 15:20:49 [INFO] Found 0 filled orders for ny040326150700b in DB via get_orders_by_trade_id.
2026-03-04 15:20:49 [WARNING] No trade orders found for ny040326150700b to build snapshot.
2026-03-04 15:20:49 [WARNING] Position reconstruction for ny040326150700b yielded no positions. Falling back to main two legs for greeks.
2026-03-04 15:20:50 [INFO] ⚠️ Using derived lot_size 65 for ny040326150700b snapshot (DB value missing/invalid).
2026-03-04 15:20:50 [INFO] 🔍 Found 0 orders in DB for trade ny040326150700b via get_orders_by_trade_id.
2026-03-04 15:20:50 [INFO] Found 0 filled orders for ny040326150700b in DB via get_orders_by_trade_id.
2026-03-04 15:20:50 [WARNING] No trade orders found for ny040326150700b to build snapshot.
2026-03-04 15:20:50 [WARNING] Position reconstruction for ny040326150700b yielded no positions. Falling back to main two legs for greeks.
2026-03-04 15:20:50 [INFO] ⚠️ Using derived lot_size 65 for ny040326150700b snapshot (DB value missing/invalid).
2026-03-04 15:20:50 [INFO] 🔍 Found 0 orders in DB for trade ny040326150700b via get_orders_by_trade_id.
2026-03-04 15:20:50 [INFO] Found 0 filled orders for ny040326150700b in DB via get_orders_by_trade_id.
2026-03-04 15:20:50 [WARNING] No trade orders found for ny040326150700b to build snapshot.
2026-03-04 15:20:50 [WARNING] Position reconstruction for ny040326150700b yielded no positions. Falling back to main two legs for greeks.
2026-03-04 15:20:51 [INFO] ⚠️ Using derived lot_size 65 for ny040326150700b snapshot (DB value missing/invalid).
2026-03-04 15:20:51 [INFO] 🔍 Found 0 orders in DB for trade ny040326150700b via get_orders_by_trade_id.
2026-03-04 15:20:51 [INFO] Found 0 filled orders for ny040326150700b in DB via get_orders_by_trade_id.
2026-03-04 15:20:51 [WARNING] No trade orders found for ny040326150700b to build snapshot.
2026-03-04 15:20:51 [WARNING] Position reconstruction for ny040326150700b yielded no positions. Falling back to main two legs for greeks.
2026-03-04 15:20:51 [INFO] ⚠️ Using derived lot_size 65 for ny040326150700b snapshot (DB value missing/invalid).
2026-03-04 15:20:51 [INFO] 🔍 Found 0 orders in DB for trade ny040326150700b via get_orders_by_trade_id.
2026-03-04 15:20:51 [INFO] Found 0 filled orders for ny040326150700b in DB via get_orders_by_trade_id.
2026-03-04 15:20:51 [WARNING] No trade orders found for ny040326150700b to build snapshot.
2026-03-04 15:20:51 [WARNING] Position reconstruction for ny040326150700b yielded no positions. Falling back to main two legs for greeks.
2026-03-04 15:20:52 [INFO] ⚠️ Using derived lot_size 65 for ny040326150700b snapshot (DB value missing/invalid).
2026-03-04 15:20:52 [INFO] 🔍 Found 0 orders in DB for trade ny040326150700b via get_orders_by_trade_id.
2026-03-04 15:20:52 [INFO] Found 0 filled orders for ny040326150700b in DB via get_orders_by_trade_id.
2026-03-04 15:20:52 [WARNING] No trade orders found for ny040326150700b to build snapshot.
2026-03-04 15:20:52 [WARNING] Position reconstruction for ny040326150700b yielded no positions. Falling back to main two legs for greeks.
2026-03-04 15:20:53 [INFO] ⚠️ Using derived lot_size 65 for ny040326150700b snapshot (DB value missing/invalid).
2026-03-04 15:20:53 [INFO] 🔍 Found 0 orders in DB for trade ny040326150700b via get_orders_by_trade_id.
2026-03-04 15:20:53 [INFO] Found 0 filled orders for ny040326150700b in DB via get_orders_by_trade_id.
2026-03-04 15:20:53 [WARNING] No trade orders found for ny040326150700b to build snapshot.
2026-03-04 15:20:53 [WARNING] Position reconstruction for ny040326150700b yielded no positions. Falling back to main two legs for greeks.
2026-03-04 15:20:53 [INFO] ⚠️ Using derived lot_size 65 for ny040326150700b snapshot (DB value missing/invalid).
2026-03-04 15:20:53 [INFO] 🔍 Found 0 orders in DB for trade ny040326150700b via get_orders_by_trade_id.
2026-03-04 15:20:53 [INFO] Found 0 filled orders for ny040326150700b in DB via get_orders_by_trade_id.
2026-03-04 15:20:53 [WARNING] No trade orders found for ny040326150700b to build snapshot.
2026-03-04 15:20:53 [WARNING] Position reconstruction for ny040326150700b yielded no positions. Falling back to main two legs for greeks.
2026-03-04 15:20:54 [INFO] ⚠️ Using derived lot_size 65 for ny040326150700b snapshot (DB value missing/invalid).
2026-03-04 15:20:54 [INFO] 🔍 Found 0 orders in DB for trade ny040326150700b via get_orders_by_trade_id.
2026-03-04 15:20:54 [INFO] Found 0 filled orders for ny040326150700b in DB via get_orders_by_trade_id.
2026-03-04 15:20:54 [WARNING] No trade orders found for ny040326150700b to build snapshot.
2026-03-04 15:20:54 [WARNING] Position reconstruction for ny040326150700b yielded no positions. Falling back to main two legs for greeks.
2026-03-04 15:20:54 [INFO] ⚠️ Using derived lot_size 65 for ny040326150700b snapshot (DB value missing/invalid).
2026-03-04 15:20:54 [INFO] 🔍 Found 0 orders in DB for trade ny040326150700b via get_orders_by_trade_id.
2026-03-04 15:20:54 [INFO] Found 0 filled orders for ny040326150700b in DB via get_orders_by_trade_id.
2026-03-04 15:20:54 [WARNING] No trade orders found for ny040326150700b to build snapshot.
2026-03-04 15:20:54 [WARNING] Position reconstruction for ny040326150700b yielded no positions. Falling back to main two legs for greeks.
2026-03-04 15:20:55 [INFO] ⚠️ Using derived lot_size 65 for ny040326150700b snapshot (DB value missing/invalid).
2026-03-04 15:20:55 [INFO] 🔍 Found 0 orders in DB for trade ny040326150700b via get_orders_by_trade_id.
2026-03-04 15:20:55 [INFO] Found 0 filled orders for ny040326150700b in DB via get_orders_by_trade_id.
2026-03-04 15:20:55 [WARNING] No trade orders found for ny040326150700b to build snapshot.
2026-03-04 15:20:55 [WARNING] Position reconstruction for ny040326150700b yielded no positions. Falling back to main two legs for greeks.
2026-03-04 15:20:55 [INFO] ⚠️ Using derived lot_size 65 for ny040326150700b snapshot (DB value missing/invalid).
2026-03-04 15:20:55 [INFO] 🔍 Found 0 orders in DB for trade ny040326150700b via get_orders_by_trade_id.
2026-03-04 15:20:55 [INFO] Found 0 filled orders for ny040326150700b in DB via get_orders_by_trade_id.
2026-03-04 15:20:55 [WARNING] No trade orders found for ny040326150700b to build snapshot.
2026-03-04 15:20:55 [WARNING] Position reconstruction for ny040326150700b yielded no positions. Falling back to main two legs for greeks.
2026-03-04 15:20:56 [INFO] ⚠️ Using derived lot_size 65 for ny040326150700b snapshot (DB value missing/invalid).
2026-03-04 15:20:56 [INFO] 🔍 Found 0 orders in DB for trade ny040326150700b via get_orders_by_trade_id.
2026-03-04 15:20:56 [INFO] Found 0 filled orders for ny040326150700b in DB via get_orders_by_trade_id.
2026-03-04 15:20:56 [WARNING] No trade orders found for ny040326150700b to build snapshot.
2026-03-04 15:20:56 [WARNING] Position reconstruction for ny040326150700b yielded no positions. Falling back to main two legs for greeks.
2026-03-04 15:20:56 [INFO] ⚠️ Using derived lot_size 65 for ny040326150700b snapshot (DB value missing/invalid).
2026-03-04 15:20:56 [INFO] 🔍 Found 0 orders in DB for trade ny040326150700b via get_orders_by_trade_id.
2026-03-04 15:20:56 [INFO] Found 0 filled orders for ny040326150700b in DB via get_orders_by_trade_id.
2026-03-04 15:20:56 [WARNING] No trade orders found for ny040326150700b to build snapshot.
2026-03-04 15:20:56 [WARNING] Position reconstruction for ny040326150700b yielded no positions. Falling back to main two legs for greeks.
2026-03-04 15:20:57 [INFO] Received and updated option chain for NIFTY via WebSocket.
2026-03-04 15:20:57 [INFO] ⚠️ Using derived lot_size 65 for ny040326150700b snapshot (DB value missing/invalid).
2026-03-04 15:20:57 [INFO] 🔍 Found 0 orders in DB for trade ny040326150700b via get_orders_by_trade_id.
2026-03-04 15:20:57 [INFO] Found 0 filled orders for ny040326150700b in DB via get_orders_by_trade_id.
2026-03-04 15:20:57 [WARNING] No trade orders found for ny040326150700b to build snapshot.
2026-03-04 15:20:57 [WARNING] Position reconstruction for ny040326150700b yielded no positions. Falling back to main two legs for greeks.
2026-03-04 15:20:58 [INFO] ⚠️ Using derived lot_size 65 for ny040326150700b snapshot (DB value missing/invalid).
2026-03-04 15:20:58 [INFO] 🔍 Found 0 orders in DB for trade ny040326150700b via get_orders_by_trade_id.
2026-03-04 15:20:58 [INFO] Found 0 filled orders for ny040326150700b in DB via get_orders_by_trade_id.
2026-03-04 15:20:58 [WARNING] No trade orders found for ny040326150700b to build snapshot.
2026-03-04 15:20:58 [WARNING] Position reconstruction for ny040326150700b yielded no positions. Falling back to main two legs for greeks.
2026-03-04 15:20:58 [INFO] ⚠️ Using derived lot_size 65 for ny040326150700b snapshot (DB value missing/invalid).
2026-03-04 15:20:58 [INFO] 🔍 Found 0 orders in DB for trade ny040326150700b via get_orders_by_trade_id.
2026-03-04 15:20:58 [INFO] Found 0 filled orders for ny040326150700b in DB via get_orders_by_trade_id.
2026-03-04 15:20:58 [WARNING] No trade orders found for ny040326150700b to build snapshot.
2026-03-04 15:20:58 [WARNING] Position reconstruction for ny040326150700b yielded no positions. Falling back to main two legs for greeks.
2026-03-04 15:20:59 [INFO] ⚠️ Using derived lot_size 65 for ny040326150700b snapshot (DB value missing/invalid).
2026-03-04 15:20:59 [INFO] 🔍 Found 0 orders in DB for trade ny040326150700b via get_orders_by_trade_id.
2026-03-04 15:20:59 [INFO] Found 0 filled orders for ny040326150700b in DB via get_orders_by_trade_id.
2026-03-04 15:20:59 [WARNING] No trade orders found for ny040326150700b to build snapshot.
2026-03-04 15:20:59 [WARNING] Position reconstruction for ny040326150700b yielded no positions. Falling back to main two legs for greeks.
2026-03-04 15:20:59 [INFO] ⚠️ Using derived lot_size 65 for ny040326150700b snapshot (DB value missing/invalid).
2026-03-04 15:20:59 [INFO] 🔍 Found 0 orders in DB for trade ny040326150700b via get_orders_by_trade_id.
2026-03-04 15:20:59 [INFO] Found 0 filled orders for ny040326150700b in DB via get_orders_by_trade_id.
2026-03-04 15:20:59 [WARNING] No trade orders found for ny040326150700b to build snapshot.
2026-03-04 15:20:59 [WARNING] Position reconstruction for ny040326150700b yielded no positions. Falling back to main two legs for greeks.
2026-03-04 15:20:59 [INFO] Received and updated option chain for SENSEX via WebSocket.
2026-03-04 15:21:00 [INFO] ⚠️ Using derived lot_size 65 for ny040326150700b snapshot (DB value missing/invalid).
2026-03-04 15:21:00 [INFO] 🔍 Found 0 orders in DB for trade ny040326150700b via get_orders_by_trade_id.
2026-03-04 15:21:00 [INFO] Found 0 filled orders for ny040326150700b in DB via get_orders_by_trade_id.
2026-03-04 15:21:00 [WARNING] No trade orders found for ny040326150700b to build snapshot.
2026-03-04 15:21:00 [WARNING] Position reconstruction for ny040326150700b yielded no positions. Falling back to main two legs for greeks.
2026-03-04 15:21:00 [INFO] ⚠️ Using derived lot_size 65 for ny040326150700b snapshot (DB value missing/invalid).
2026-03-04 15:21:00 [INFO] 🔍 Found 0 orders in DB for trade ny040326150700b via get_orders_by_trade_id.
2026-03-04 15:21:00 [INFO] Found 0 filled orders for ny040326150700b in DB via get_orders_by_trade_id.
2026-03-04 15:21:00 [WARNING] No trade orders found for ny040326150700b to build snapshot.
2026-03-04 15:21:00 [WARNING] Position reconstruction for ny040326150700b yielded no positions. Falling back to main two legs for greeks.
2026-03-04 15:21:01 [INFO] ⚠️ Using derived lot_size 65 for ny040326150700b snapshot (DB value missing/invalid).
2026-03-04 15:21:01 [INFO] 🔍 Found 0 orders in DB for trade ny040326150700b via get_orders_by_trade_id.
2026-03-04 15:21:01 [INFO] Found 0 filled orders for ny040326150700b in DB via get_orders_by_trade_id.
2026-03-04 15:21:01 [WARNING] No trade orders found for ny040326150700b to build snapshot.
2026-03-04 15:21:01 [WARNING] Position reconstruction for ny040326150700b yielded no positions. Falling back to main two legs for greeks.
2026-03-04 15:21:01 [INFO] ⚠️ Using derived lot_size 65 for ny040326150700b snapshot (DB value missing/invalid).
2026-03-04 15:21:01 [INFO] 🔍 Found 0 orders in DB for trade ny040326150700b via get_orders_by_trade_id.
2026-03-04 15:21:01 [INFO] Found 0 filled orders for ny040326150700b in DB via get_orders_by_trade_id.
2026-03-04 15:21:01 [WARNING] No trade orders found for ny040326150700b to build snapshot.
2026-03-04 15:21:01 [WARNING] Position reconstruction for ny040326150700b yielded no positions. Falling back to main two legs for greeks.
2026-03-04 15:21:02 [INFO] ⚠️ Using derived lot_size 65 for ny040326150700b snapshot (DB value missing/invalid).
2026-03-04 15:21:02 [INFO] 🔍 Found 0 orders in DB for trade ny040326150700b via get_orders_by_trade_id.
2026-03-04 15:21:02 [INFO] Found 0 filled orders for ny040326150700b in DB via get_orders_by_trade_id.
2026-03-04 15:21:02 [WARNING] No trade orders found for ny040326150700b to build snapshot.
2026-03-04 15:21:02 [WARNING] Position reconstruction for ny040326150700b yielded no positions. Falling back to main two legs for greeks.
2026-03-04 15:21:02 [INFO] ⚠️ Using derived lot_size 65 for ny040326150700b snapshot (DB value missing/invalid).
2026-03-04 15:21:02 [INFO] 🔍 Found 0 orders in DB for trade ny040326150700b via get_orders_by_trade_id.
2026-03-04 15:21:02 [INFO] Found 0 filled orders for ny040326150700b in DB via get_orders_by_trade_id.
2026-03-04 15:21:02 [WARNING] No trade orders found for ny040326150700b to build snapshot.
2026-03-04 15:21:02 [WARNING] Position reconstruction for ny040326150700b yielded no positions. Falling back to main two legs for greeks.
2026-03-04 15:21:03 [INFO] ⚠️ Using derived lot_size 65 for ny040326150700b snapshot (DB value missing/invalid).
2026-03-04 15:21:03 [INFO] 🔍 Found 0 orders in DB for trade ny040326150700b via get_orders_by_trade_id.
2026-03-04 15:21:03 [INFO] Found 0 filled orders for ny040326150700b in DB via get_orders_by_trade_id.
2026-03-04 15:21:03 [WARNING] No trade orders found for ny040326150700b to build snapshot.
2026-03-04 15:21:03 [WARNING] Position reconstruction for ny040326150700b yielded no positions. Falling back to main two legs for greeks.
2026-03-04 15:21:04 [INFO] ⚠️ Using derived lot_size 65 for ny040326150700b snapshot (DB value missing/invalid).
2026-03-04 15:21:04 [INFO] 🔍 Found 0 orders in DB for trade ny040326150700b via get_orders_by_trade_id.
2026-03-04 15:21:04 [INFO] Found 0 filled orders for ny040326150700b in DB via get_orders_by_trade_id.
2026-03-04 15:21:04 [WARNING] No trade orders found for ny040326150700b to build snapshot.
2026-03-04 15:21:04 [WARNING] Position reconstruction for ny040326150700b yielded no positions. Falling back to main two legs for greeks.
2026-03-04 15:21:04 [INFO] ⚠️ Using derived lot_size 65 for ny040326150700b snapshot (DB value missing/invalid).
2026-03-04 15:21:04 [INFO] 🔍 Found 0 orders in DB for trade ny040326150700b via get_orders_by_trade_id.
2026-03-04 15:21:04 [INFO] Found 0 filled orders for ny040326150700b in DB via get_orders_by_trade_id.
2026-03-04 15:21:04 [WARNING] No trade orders found for ny040326150700b to build snapshot.
2026-03-04 15:21:04 [WARNING] Position reconstruction for ny040326150700b yielded no positions. Falling back to main two legs for greeks.
2026-03-04 15:21:05 [INFO] ⚠️ Using derived lot_size 65 for ny040326150700b snapshot (DB value missing/invalid).
2026-03-04 15:21:05 [INFO] 🔍 Found 0 orders in DB for trade ny040326150700b via get_orders_by_trade_id.
2026-03-04 15:21:05 [INFO] Found 0 filled orders for ny040326150700b in DB via get_orders_by_trade_id.
2026-03-04 15:21:05 [WARNING] No trade orders found for ny040326150700b to build snapshot.
2026-03-04 15:21:05 [WARNING] Position reconstruction for ny040326150700b yielded no positions. Falling back to main two legs for greeks.
2026-03-04 15:21:05 [INFO] ⚠️ Using derived lot_size 65 for ny040326150700b snapshot (DB value missing/invalid).
2026-03-04 15:21:05 [INFO] 🔍 Found 0 orders in DB for trade ny040326150700b via get_orders_by_trade_id.
2026-03-04 15:21:05 [INFO] Found 0 filled orders for ny040326150700b in DB via get_orders_by_trade_id.
2026-03-04 15:21:05 [WARNING] No trade orders found for ny040326150700b to build snapshot.
2026-03-04 15:21:05 [WARNING] Position reconstruction for ny040326150700b yielded no positions. Falling back to main two legs for greeks.
2026-03-04 15:21:06 [INFO] ⚠️ Using derived lot_size 65 for ny040326150700b snapshot (DB value missing/invalid).
2026-03-04 15:21:06 [INFO] 🔍 Found 0 orders in DB for trade ny040326150700b via get_orders_by_trade_id.
2026-03-04 15:21:06 [INFO] Found 0 filled orders for ny040326150700b in DB via get_orders_by_trade_id.
2026-03-04 15:21:06 [WARNING] No trade orders found for ny040326150700b to build snapshot.
2026-03-04 15:21:06 [WARNING] Position reconstruction for ny040326150700b yielded no positions. Falling back to main two legs for greeks.
2026-03-04 15:21:06 [INFO] ⚠️ Using derived lot_size 65 for ny040326150700b snapshot (DB value missing/invalid).
2026-03-04 15:21:06 [INFO] 🔍 Found 0 orders in DB for trade ny040326150700b via get_orders_by_trade_id.
2026-03-04 15:21:06 [INFO] Found 0 filled orders for ny040326150700b in DB via get_orders_by_trade_id.
2026-03-04 15:21:06 [WARNING] No trade orders found for ny040326150700b to build snapshot.
2026-03-04 15:21:06 [WARNING] Position reconstruction for ny040326150700b yielded no positions. Falling back to main two legs for greeks.
2026-03-04 15:21:07 [INFO] ⚠️ Using derived lot_size 65 for ny040326150700b snapshot (DB value missing/invalid).
2026-03-04 15:21:07 [INFO] 🔍 Found 0 orders in DB for trade ny040326150700b via get_orders_by_trade_id.
2026-03-04 15:21:07 [INFO] Found 0 filled orders for ny040326150700b in DB via get_orders_by_trade_id.
2026-03-04 15:21:07 [WARNING] No trade orders found for ny040326150700b to build snapshot.
2026-03-04 15:21:07 [WARNING] Position reconstruction for ny040326150700b yielded no positions. Falling back to main two legs for greeks.
2026-03-04 15:21:07 [INFO] ⚠️ Using derived lot_size 65 for ny040326150700b snapshot (DB value missing/invalid).
2026-03-04 15:21:07 [INFO] 🔍 Found 0 orders in DB for trade ny040326150700b via get_orders_by_trade_id.
2026-03-04 15:21:07 [INFO] Found 0 filled orders for ny040326150700b in DB via get_orders_by_trade_id.
2026-03-04 15:21:07 [WARNING] No trade orders found for ny040326150700b to build snapshot.
2026-03-04 15:21:07 [WARNING] Position reconstruction for ny040326150700b yielded no positions. Falling back to main two legs for greeks.
2026-03-04 15:21:08 [INFO] ⚠️ Using derived lot_size 65 for ny040326150700b snapshot (DB value missing/invalid).
2026-03-04 15:21:08 [INFO] 🔍 Found 0 orders in DB for trade ny040326150700b via get_orders_by_trade_id.
2026-03-04 15:21:08 [INFO] Found 0 filled orders for ny040326150700b in DB via get_orders_by_trade_id.
2026-03-04 15:21:08 [WARNING] No trade orders found for ny040326150700b to build snapshot.
2026-03-04 15:21:08 [WARNING] Position reconstruction for ny040326150700b yielded no positions. Falling back to main two legs for greeks.
2026-03-04 15:21:09 [INFO] ⚠️ Using derived lot_size 65 for ny040326150700b snapshot (DB value missing/invalid).
2026-03-04 15:21:09 [INFO] 🔍 Found 0 orders in DB for trade ny040326150700b via get_orders_by_trade_id.
2026-03-04 15:21:09 [INFO] Found 0 filled orders for ny040326150700b in DB via get_orders_by_trade_id.
2026-03-04 15:21:09 [WARNING] No trade orders found for ny040326150700b to build snapshot.
2026-03-04 15:21:09 [WARNING] Position reconstruction for ny040326150700b yielded no positions. Falling back to main two legs for greeks.
2026-03-04 15:21:09 [INFO] ⚠️ Using derived lot_size 65 for ny040326150700b snapshot (DB value missing/invalid).
2026-03-04 15:21:09 [INFO] 🔍 Found 0 orders in DB for trade ny040326150700b via get_orders_by_trade_id.
2026-03-04 15:21:09 [INFO] Found 0 filled orders for ny040326150700b in DB via get_orders_by_trade_id.
2026-03-04 15:21:09 [WARNING] No trade orders found for ny040326150700b to build snapshot.
2026-03-04 15:21:09 [WARNING] Position reconstruction for ny040326150700b yielded no positions. Falling back to main two legs for greeks.
2026-03-04 15:21:10 [INFO] ⚠️ Using derived lot_size 65 for ny040326150700b snapshot (DB value missing/invalid).
2026-03-04 15:21:10 [INFO] 🔍 Found 0 orders in DB for trade ny040326150700b via get_orders_by_trade_id.
2026-03-04 15:21:10 [INFO] Found 0 filled orders for ny040326150700b in DB via get_orders_by_trade_id.
2026-03-04 15:21:10 [WARNING] No trade orders found for ny040326150700b to build snapshot.
2026-03-04 15:21:10 [WARNING] Position reconstruction for ny040326150700b yielded no positions. Falling back to main two legs for greeks.
2026-03-04 15:21:10 [INFO] ⚠️ Using derived lot_size 65 for ny040326150700b snapshot (DB value missing/invalid).
2026-03-04 15:21:10 [INFO] 🔍 Found 0 orders in DB for trade ny040326150700b via get_orders_by_trade_id.
2026-03-04 15:21:10 [INFO] Found 0 filled orders for ny040326150700b in DB via get_orders_by_trade_id.
2026-03-04 15:21:10 [WARNING] No trade orders found for ny040326150700b to build snapshot.
2026-03-04 15:21:10 [WARNING] Position reconstruction for ny040326150700b yielded no positions. Falling back to main two legs for greeks.
2026-03-04 15:21:11 [INFO] ⚠️ Using derived lot_size 65 for ny040326150700b snapshot (DB value missing/invalid).
2026-03-04 15:21:11 [INFO] 🔍 Found 0 orders in DB for trade ny040326150700b via get_orders_by_trade_id.
2026-03-04 15:21:11 [INFO] Found 0 filled orders for ny040326150700b in DB via get_orders_by_trade_id.
2026-03-04 15:21:11 [WARNING] No trade orders found for ny040326150700b to build snapshot.
2026-03-04 15:21:11 [WARNING] Position reconstruction for ny040326150700b yielded no positions. Falling back to main two legs for greeks.
2026-03-04 15:21:11 [INFO] ⚠️ Using derived lot_size 65 for ny040326150700b snapshot (DB value missing/invalid).
2026-03-04 15:21:11 [INFO] 🔍 Found 0 orders in DB for trade ny040326150700b via get_orders_by_trade_id.
2026-03-04 15:21:11 [INFO] Found 0 filled orders for ny040326150700b in DB via get_orders_by_trade_id.
2026-03-04 15:21:11 [WARNING] No trade orders found for ny040326150700b to build snapshot.
2026-03-04 15:21:11 [WARNING] Position reconstruction for ny040326150700b yielded no positions. Falling back to main two legs for greeks.
2026-03-04 15:21:12 [INFO] ⚠️ Using derived lot_size 65 for ny040326150700b snapshot (DB value missing/invalid).
2026-03-04 15:21:12 [INFO] 🔍 Found 0 orders in DB for trade ny040326150700b via get_orders_by_trade_id.
2026-03-04 15:21:12 [INFO] Found 0 filled orders for ny040326150700b in DB via get_orders_by_trade_id.
2026-03-04 15:21:12 [WARNING] No trade orders found for ny040326150700b to build snapshot.
2026-03-04 15:21:12 [WARNING] Position reconstruction for ny040326150700b yielded no positions. Falling back to main two legs for greeks.
2026-03-04 15:21:12 [INFO] Received and updated option chain for NIFTY via WebSocket.
2026-03-04 15:21:13 [INFO] ⚠️ Using derived lot_size 65 for ny040326150700b snapshot (DB value missing/invalid).
2026-03-04 15:21:13 [INFO] 🔍 Found 0 orders in DB for trade ny040326150700b via get_orders_by_trade_id.
2026-03-04 15:21:13 [INFO] Found 0 filled orders for ny040326150700b in DB via get_orders_by_trade_id.
2026-03-04 15:21:13 [WARNING] No trade orders found for ny040326150700b to build snapshot.
2026-03-04 15:21:13 [WARNING] Position reconstruction for ny040326150700b yielded no positions. Falling back to main two legs for greeks.
2026-03-04 15:21:13 [INFO] ⚠️ Using derived lot_size 65 for ny040326150700b snapshot (DB value missing/invalid).
2026-03-04 15:21:13 [INFO] 🔍 Found 0 orders in DB for trade ny040326150700b via get_orders_by_trade_id.
2026-03-04 15:21:13 [INFO] Found 0 filled orders for ny040326150700b in DB via get_orders_by_trade_id.
2026-03-04 15:21:13 [WARNING] No trade orders found for ny040326150700b to build snapshot.
2026-03-04 15:21:13 [WARNING] Position reconstruction for ny040326150700b yielded no positions. Falling back to main two legs for greeks.
2026-03-04 15:21:14 [INFO] ⚠️ Using derived lot_size 65 for ny040326150700b snapshot (DB value missing/invalid).
2026-03-04 15:21:14 [INFO] 🔍 Found 0 orders in DB for trade ny040326150700b via get_orders_by_trade_id.
2026-03-04 15:21:14 [INFO] Found 0 filled orders for ny040326150700b in DB via get_orders_by_trade_id.
2026-03-04 15:21:14 [WARNING] No trade orders found for ny040326150700b to build snapshot.
2026-03-04 15:21:14 [WARNING] Position reconstruction for ny040326150700b yielded no positions. Falling back to main two legs for greeks.
2026-03-04 15:21:14 [INFO] ⚠️ Using derived lot_size 65 for ny040326150700b snapshot (DB value missing/invalid).
2026-03-04 15:21:14 [INFO] 🔍 Found 0 orders in DB for trade ny040326150700b via get_orders_by_trade_id.
2026-03-04 15:21:14 [INFO] Found 0 filled orders for ny040326150700b in DB via get_orders_by_trade_id.
2026-03-04 15:21:14 [WARNING] No trade orders found for ny040326150700b to build snapshot.
2026-03-04 15:21:14 [WARNING] Position reconstruction for ny040326150700b yielded no positions. Falling back to main two legs for greeks.
2026-03-04 15:21:14 [INFO] Received and updated option chain for SENSEX via WebSocket.
2026-03-04 15:21:15 [INFO] ⚠️ Using derived lot_size 65 for ny040326150700b snapshot (DB value missing/invalid).
2026-03-04 15:21:15 [INFO] 🔍 Found 0 orders in DB for trade ny040326150700b via get_orders_by_trade_id.
2026-03-04 15:21:15 [INFO] Found 0 filled orders for ny040326150700b in DB via get_orders_by_trade_id.
2026-03-04 15:21:15 [WARNING] No trade orders found for ny040326150700b to build snapshot.
2026-03-04 15:21:15 [WARNING] Position reconstruction for ny040326150700b yielded no positions. Falling back to main two legs for greeks.
2026-03-04 15:21:15 [INFO] ⚠️ Using derived lot_size 65 for ny040326150700b snapshot (DB value missing/invalid).
2026-03-04 15:21:15 [INFO] 🔍 Found 0 orders in DB for trade ny040326150700b via get_orders_by_trade_id.
2026-03-04 15:21:15 [INFO] Found 0 filled orders for ny040326150700b in DB via get_orders_by_trade_id.
2026-03-04 15:21:15 [WARNING] No trade orders found for ny040326150700b to build snapshot.
2026-03-04 15:21:15 [WARNING] Position reconstruction for ny040326150700b yielded no positions. Falling back to main two legs for greeks.
2026-03-04 15:21:16 [INFO] ⚠️ Using derived lot_size 65 for ny040326150700b snapshot (DB value missing/invalid).
2026-03-04 15:21:16 [INFO] 🔍 Found 0 orders in DB for trade ny040326150700b via get_orders_by_trade_id.
2026-03-04 15:21:16 [INFO] Found 0 filled orders for ny040326150700b in DB via get_orders_by_trade_id.
2026-03-04 15:21:16 [WARNING] No trade orders found for ny040326150700b to build snapshot.
2026-03-04 15:21:16 [WARNING] Position reconstruction for ny040326150700b yielded no positions. Falling back to main two legs for greeks.
2026-03-04 15:21:16 [INFO] ⚠️ Using derived lot_size 65 for ny040326150700b snapshot (DB value missing/invalid).
2026-03-04 15:21:16 [INFO] 🔍 Found 0 orders in DB for trade ny040326150700b via get_orders_by_trade_id.
2026-03-04 15:21:16 [INFO] Found 0 filled orders for ny040326150700b in DB via get_orders_by_trade_id.
2026-03-04 15:21:16 [WARNING] No trade orders found for ny040326150700b to build snapshot.
2026-03-04 15:21:16 [WARNING] Position reconstruction for ny040326150700b yielded no positions. Falling back to main two legs for greeks.
2026-03-04 15:21:17 [INFO] ⚠️ Using derived lot_size 65 for ny040326150700b snapshot (DB value missing/invalid).
2026-03-04 15:21:17 [INFO] 🔍 Found 0 orders in DB for trade ny040326150700b via get_orders_by_trade_id.
2026-03-04 15:21:17 [INFO] Found 0 filled orders for ny040326150700b in DB via get_orders_by_trade_id.
2026-03-04 15:21:17 [WARNING] No trade orders found for ny040326150700b to build snapshot.
2026-03-04 15:21:17 [WARNING] Position reconstruction for ny040326150700b yielded no positions. Falling back to main two legs for greeks.
2026-03-04 15:21:17 [INFO] ⚠️ Using derived lot_size 65 for ny040326150700b snapshot (DB value missing/invalid).
2026-03-04 15:21:17 [INFO] 🔍 Found 0 orders in DB for trade ny040326150700b via get_orders_by_trade_id.
2026-03-04 15:21:17 [INFO] Found 0 filled orders for ny040326150700b in DB via get_orders_by_trade_id.
2026-03-04 15:21:17 [WARNING] No trade orders found for ny040326150700b to build snapshot.
2026-03-04 15:21:17 [WARNING] Position reconstruction for ny040326150700b yielded no positions. Falling back to main two legs for greeks.
2026-03-04 15:21:18 [INFO] ⚠️ Using derived lot_size 65 for ny040326150700b snapshot (DB value missing/invalid).
2026-03-04 15:21:18 [INFO] 🔍 Found 0 orders in DB for trade ny040326150700b via get_orders_by_trade_id.
2026-03-04 15:21:18 [INFO] Found 0 filled orders for ny040326150700b in DB via get_orders_by_trade_id.
2026-03-04 15:21:18 [WARNING] No trade orders found for ny040326150700b to build snapshot.
2026-03-04 15:21:18 [WARNING] Position reconstruction for ny040326150700b yielded no positions. Falling back to main two legs for greeks.
2026-03-04 15:21:19 [INFO] ⚠️ Using derived lot_size 65 for ny040326150700b snapshot (DB value missing/invalid).
2026-03-04 15:21:19 [INFO] 🔍 Found 0 orders in DB for trade ny040326150700b via get_orders_by_trade_id.
2026-03-04 15:21:19 [INFO] Found 0 filled orders for ny040326150700b in DB via get_orders_by_trade_id.
2026-03-04 15:21:19 [WARNING] No trade orders found for ny040326150700b to build snapshot.
2026-03-04 15:21:19 [WARNING] Position reconstruction for ny040326150700b yielded no positions. Falling back to main two legs for greeks.
2026-03-04 15:21:19 [INFO] ⚠️ Using derived lot_size 65 for ny040326150700b snapshot (DB value missing/invalid).
2026-03-04 15:21:19 [INFO] 🔍 Found 0 orders in DB for trade ny040326150700b via get_orders_by_trade_id.
2026-03-04 15:21:19 [INFO] Found 0 filled orders for ny040326150700b in DB via get_orders_by_trade_id.
2026-03-04 15:21:19 [WARNING] No trade orders found for ny040326150700b to build snapshot.
2026-03-04 15:21:19 [WARNING] Position reconstruction for ny040326150700b yielded no positions. Falling back to main two legs for greeks.
2026-03-04 15:21:20 [INFO] ⚠️ Using derived lot_size 65 for ny040326150700b snapshot (DB value missing/invalid).
2026-03-04 15:21:20 [INFO] 🔍 Found 0 orders in DB for trade ny040326150700b via get_orders_by_trade_id.
2026-03-04 15:21:20 [INFO] Found 0 filled orders for ny040326150700b in DB via get_orders_by_trade_id.
2026-03-04 15:21:20 [WARNING] No trade orders found for ny040326150700b to build snapshot.
2026-03-04 15:21:20 [WARNING] Position reconstruction for ny040326150700b yielded no positions. Falling back to main two legs for greeks.
2026-03-04 15:21:20 [INFO] ⚠️ Using derived lot_size 65 for ny040326150700b snapshot (DB value missing/invalid).
2026-03-04 15:21:20 [INFO] 🔍 Found 0 orders in DB for trade ny040326150700b via get_orders_by_trade_id.
2026-03-04 15:21:20 [INFO] Found 0 filled orders for ny040326150700b in DB via get_orders_by_trade_id.
2026-03-04 15:21:20 [WARNING] No trade orders found for ny040326150700b to build snapshot.
2026-03-04 15:21:20 [WARNING] Position reconstruction for ny040326150700b yielded no positions. Falling back to main two legs for greeks.
2026-03-04 15:21:21 [INFO] ⚠️ Using derived lot_size 65 for ny040326150700b snapshot (DB value missing/invalid).
2026-03-04 15:21:21 [INFO] 🔍 Found 0 orders in DB for trade ny040326150700b via get_orders_by_trade_id.
2026-03-04 15:21:21 [INFO] Found 0 filled orders for ny040326150700b in DB via get_orders_by_trade_id.
2026-03-04 15:21:21 [WARNING] No trade orders found for ny040326150700b to build snapshot.
2026-03-04 15:21:21 [WARNING] Position reconstruction for ny040326150700b yielded no positions. Falling back to main two legs for greeks.
2026-03-04 15:21:21 [INFO] ⚠️ Using derived lot_size 65 for ny040326150700b snapshot (DB value missing/invalid).
2026-03-04 15:21:21 [INFO] 🔍 Found 0 orders in DB for trade ny040326150700b via get_orders_by_trade_id.
2026-03-04 15:21:21 [INFO] Found 0 filled orders for ny040326150700b in DB via get_orders_by_trade_id.
2026-03-04 15:21:21 [WARNING] No trade orders found for ny040326150700b to build snapshot.
2026-03-04 15:21:21 [WARNING] Position reconstruction for ny040326150700b yielded no positions. Falling back to main two legs for greeks.
2026-03-04 15:21:22 [INFO] ⚠️ Using derived lot_size 65 for ny040326150700b snapshot (DB value missing/invalid).
2026-03-04 15:21:22 [INFO] 🔍 Found 0 orders in DB for trade ny040326150700b via get_orders_by_trade_id.
2026-03-04 15:21:22 [INFO] Found 0 filled orders for ny040326150700b in DB via get_orders_by_trade_id.
2026-03-04 15:21:22 [WARNING] No trade orders found for ny040326150700b to build snapshot.
2026-03-04 15:21:22 [WARNING] Position reconstruction for ny040326150700b yielded no positions. Falling back to main two legs for greeks.
2026-03-04 15:21:22 [INFO] ⚠️ Using derived lot_size 65 for ny040326150700b snapshot (DB value missing/invalid).
2026-03-04 15:21:22 [INFO] 🔍 Found 0 orders in DB for trade ny040326150700b via get_orders_by_trade_id.
2026-03-04 15:21:22 [INFO] Found 0 filled orders for ny040326150700b in DB via get_orders_by_trade_id.
2026-03-04 15:21:22 [WARNING] No trade orders found for ny040326150700b to build snapshot.
2026-03-04 15:21:22 [WARNING] Position reconstruction for ny040326150700b yielded no positions. Falling back to main two legs for greeks.
2026-03-04 15:21:23 [INFO] ⚠️ Using derived lot_size 65 for ny040326150700b snapshot (DB value missing/invalid).
2026-03-04 15:21:23 [INFO] 🔍 Found 0 orders in DB for trade ny040326150700b via get_orders_by_trade_id.
2026-03-04 15:21:23 [INFO] Found 0 filled orders for ny040326150700b in DB via get_orders_by_trade_id.
2026-03-04 15:21:23 [WARNING] No trade orders found for ny040326150700b to build snapshot.
2026-03-04 15:21:23 [WARNING] Position reconstruction for ny040326150700b yielded no positions. Falling back to main two legs for greeks.
2026-03-04 15:21:24 [INFO] ⚠️ Using derived lot_size 65 for ny040326150700b snapshot (DB value missing/invalid).
2026-03-04 15:21:24 [INFO] 🔍 Found 0 orders in DB for trade ny040326150700b via get_orders_by_trade_id.
2026-03-04 15:21:24 [INFO] Found 0 filled orders for ny040326150700b in DB via get_orders_by_trade_id.
2026-03-04 15:21:24 [WARNING] No trade orders found for ny040326150700b to build snapshot.
2026-03-04 15:21:24 [WARNING] Position reconstruction for ny040326150700b yielded no positions. Falling back to main two legs for greeks.
2026-03-04 15:21:24 [INFO] ⚠️ Using derived lot_size 65 for ny040326150700b snapshot (DB value missing/invalid).
2026-03-04 15:21:24 [INFO] 🔍 Found 0 orders in DB for trade ny040326150700b via get_orders_by_trade_id.
2026-03-04 15:21:24 [INFO] Found 0 filled orders for ny040326150700b in DB via get_orders_by_trade_id.
2026-03-04 15:21:24 [WARNING] No trade orders found for ny040326150700b to build snapshot.
2026-03-04 15:21:24 [WARNING] Position reconstruction for ny040326150700b yielded no positions. Falling back to main two legs for greeks.
2026-03-04 15:21:25 [INFO] ⚠️ Using derived lot_size 65 for ny040326150700b snapshot (DB value missing/invalid).
2026-03-04 15:21:25 [INFO] 🔍 Found 0 orders in DB for trade ny040326150700b via get_orders_by_trade_id.
2026-03-04 15:21:25 [INFO] Found 0 filled orders for ny040326150700b in DB via get_orders_by_trade_id.
2026-03-04 15:21:25 [WARNING] No trade orders found for ny040326150700b to build snapshot.
2026-03-04 15:21:25 [WARNING] Position reconstruction for ny040326150700b yielded no positions. Falling back to main two legs for greeks.
2026-03-04 15:21:25 [INFO] ⚠️ Using derived lot_size 65 for ny040326150700b snapshot (DB value missing/invalid).
2026-03-04 15:21:25 [INFO] 🔍 Found 0 orders in DB for trade ny040326150700b via get_orders_by_trade_id.
2026-03-04 15:21:25 [INFO] Found 0 filled orders for ny040326150700b in DB via get_orders_by_trade_id.
2026-03-04 15:21:25 [WARNING] No trade orders found for ny040326150700b to build snapshot.
2026-03-04 15:21:25 [WARNING] Position reconstruction for ny040326150700b yielded no positions. Falling back to main two legs for greeks.
2026-03-04 15:21:26 [INFO] ⚠️ Using derived lot_size 65 for ny040326150700b snapshot (DB value missing/invalid).
2026-03-04 15:21:26 [INFO] 🔍 Found 0 orders in DB for trade ny040326150700b via get_orders_by_trade_id.
2026-03-04 15:21:26 [INFO] Found 0 filled orders for ny040326150700b in DB via get_orders_by_trade_id.
2026-03-04 15:21:26 [WARNING] No trade orders found for ny040326150700b to build snapshot.
2026-03-04 15:21:26 [WARNING] Position reconstruction for ny040326150700b yielded no positions. Falling back to main two legs for greeks.
2026-03-04 15:21:26 [INFO] ⚠️ Using derived lot_size 65 for ny040326150700b snapshot (DB value missing/invalid).
2026-03-04 15:21:26 [INFO] 🔍 Found 0 orders in DB for trade ny040326150700b via get_orders_by_trade_id.
2026-03-04 15:21:26 [INFO] Found 0 filled orders for ny040326150700b in DB via get_orders_by_trade_id.
2026-03-04 15:21:26 [WARNING] No trade orders found for ny040326150700b to build snapshot.
2026-03-04 15:21:26 [WARNING] Position reconstruction for ny040326150700b yielded no positions. Falling back to main two legs for greeks.
2026-03-04 15:21:27 [INFO] Received and updated option chain for NIFTY via WebSocket.
2026-03-04 15:21:27 [INFO] ⚠️ Using derived lot_size 65 for ny040326150700b snapshot (DB value missing/invalid).
2026-03-04 15:21:27 [INFO] 🔍 Found 0 orders in DB for trade ny040326150700b via get_orders_by_trade_id.
2026-03-04 15:21:27 [INFO] Found 0 filled orders for ny040326150700b in DB via get_orders_by_trade_id.
2026-03-04 15:21:27 [WARNING] No trade orders found for ny040326150700b to build snapshot.
2026-03-04 15:21:27 [WARNING] Position reconstruction for ny040326150700b yielded no positions. Falling back to main two legs for greeks.
2026-03-04 15:21:27 [INFO] ⚠️ Using derived lot_size 65 for ny040326150700b snapshot (DB value missing/invalid).
2026-03-04 15:21:27 [INFO] 🔍 Found 0 orders in DB for trade ny040326150700b via get_orders_by_trade_id.
2026-03-04 15:21:27 [INFO] Found 0 filled orders for ny040326150700b in DB via get_orders_by_trade_id.
2026-03-04 15:21:27 [WARNING] No trade orders found for ny040326150700b to build snapshot.
2026-03-04 15:21:27 [WARNING] Position reconstruction for ny040326150700b yielded no positions. Falling back to main two legs for greeks.
2026-03-04 15:21:28 [INFO] ⚠️ Using derived lot_size 65 for ny040326150700b snapshot (DB value missing/invalid).
2026-03-04 15:21:28 [INFO] 🔍 Found 0 orders in DB for trade ny040326150700b via get_orders_by_trade_id.
2026-03-04 15:21:28 [INFO] Found 0 filled orders for ny040326150700b in DB via get_orders_by_trade_id.
2026-03-04 15:21:28 [WARNING] No trade orders found for ny040326150700b to build snapshot.
2026-03-04 15:21:28 [WARNING] Position reconstruction for ny040326150700b yielded no positions. Falling back to main two legs for greeks.
2026-03-04 15:21:28 [INFO] ⚠️ Using derived lot_size 65 for ny040326150700b snapshot (DB value missing/invalid).
2026-03-04 15:21:28 [INFO] 🔍 Found 0 orders in DB for trade ny040326150700b via get_orders_by_trade_id.
2026-03-04 15:21:28 [INFO] Found 0 filled orders for ny040326150700b in DB via get_orders_by_trade_id.
2026-03-04 15:21:28 [WARNING] No trade orders found for ny040326150700b to build snapshot.
2026-03-04 15:21:28 [WARNING] Position reconstruction for ny040326150700b yielded no positions. Falling back to main two legs for greeks.
2026-03-04 15:21:29 [INFO] ⚠️ Using derived lot_size 65 for ny040326150700b snapshot (DB value missing/invalid).
2026-03-04 15:21:29 [INFO] 🔍 Found 0 orders in DB for trade ny040326150700b via get_orders_by_trade_id.
2026-03-04 15:21:29 [INFO] Found 0 filled orders for ny040326150700b in DB via get_orders_by_trade_id.
2026-03-04 15:21:29 [WARNING] No trade orders found for ny040326150700b to build snapshot.
2026-03-04 15:21:29 [WARNING] Position reconstruction for ny040326150700b yielded no positions. Falling back to main two legs for greeks.
2026-03-04 15:21:29 [INFO] ⚠️ Using derived lot_size 65 for ny040326150700b snapshot (DB value missing/invalid).
2026-03-04 15:21:29 [INFO] 🔍 Found 0 orders in DB for trade ny040326150700b via get_orders_by_trade_id.
2026-03-04 15:21:29 [INFO] Found 0 filled orders for ny040326150700b in DB via get_orders_by_trade_id.
2026-03-04 15:21:29 [WARNING] No trade orders found for ny040326150700b to build snapshot.
2026-03-04 15:21:29 [WARNING] Position reconstruction for ny040326150700b yielded no positions. Falling back to main two legs for greeks.
2026-03-04 15:21:30 [INFO] ⚠️ Using derived lot_size 65 for ny040326150700b snapshot (DB value missing/invalid).
2026-03-04 15:21:30 [INFO] 🔍 Found 0 orders in DB for trade ny040326150700b via get_orders_by_trade_id.
2026-03-04 15:21:30 [INFO] Found 0 filled orders for ny040326150700b in DB via get_orders_by_trade_id.
2026-03-04 15:21:30 [WARNING] No trade orders found for ny040326150700b to build snapshot.
2026-03-04 15:21:30 [WARNING] Position reconstruction for ny040326150700b yielded no positions. Falling back to main two legs for greeks.
2026-03-04 15:21:31 [INFO] ⚠️ Using derived lot_size 65 for ny040326150700b snapshot (DB value missing/invalid).
2026-03-04 15:21:31 [INFO] 🔍 Found 0 orders in DB for trade ny040326150700b via get_orders_by_trade_id.
2026-03-04 15:21:31 [INFO] Found 0 filled orders for ny040326150700b in DB via get_orders_by_trade_id.
2026-03-04 15:21:31 [WARNING] No trade orders found for ny040326150700b to build snapshot.
2026-03-04 15:21:31 [WARNING] Position reconstruction for ny040326150700b yielded no positions. Falling back to main two legs for greeks.
2026-03-04 15:21:31 [INFO] Received and updated option chain for SENSEX via WebSocket.
2026-03-04 15:21:31 [INFO] ⚠️ Using derived lot_size 65 for ny040326150700b snapshot (DB value missing/invalid).
2026-03-04 15:21:31 [INFO] 🔍 Found 0 orders in DB for trade ny040326150700b via get_orders_by_trade_id.
2026-03-04 15:21:31 [INFO] Found 0 filled orders for ny040326150700b in DB via get_orders_by_trade_id.
2026-03-04 15:21:31 [WARNING] No trade orders found for ny040326150700b to build snapshot.
2026-03-04 15:21:31 [WARNING] Position reconstruction for ny040326150700b yielded no positions. Falling back to main two legs for greeks.
2026-03-04 15:21:32 [INFO] ⚠️ Using derived lot_size 65 for ny040326150700b snapshot (DB value missing/invalid).
2026-03-04 15:21:32 [INFO] 🔍 Found 0 orders in DB for trade ny040326150700b via get_orders_by_trade_id.
2026-03-04 15:21:32 [INFO] Found 0 filled orders for ny040326150700b in DB via get_orders_by_trade_id.
2026-03-04 15:21:32 [WARNING] No trade orders found for ny040326150700b to build snapshot.
2026-03-04 15:21:32 [WARNING] Position reconstruction for ny040326150700b yielded no positions. Falling back to main two legs for greeks.
2026-03-04 15:21:32 [INFO] ⚠️ Using derived lot_size 65 for ny040326150700b snapshot (DB value missing/invalid).
2026-03-04 15:21:32 [INFO] 🔍 Found 0 orders in DB for trade ny040326150700b via get_orders_by_trade_id.
2026-03-04 15:21:32 [INFO] Found 0 filled orders for ny040326150700b in DB via get_orders_by_trade_id.
2026-03-04 15:21:32 [WARNING] No trade orders found for ny040326150700b to build snapshot.
2026-03-04 15:21:32 [WARNING] Position reconstruction for ny040326150700b yielded no positions. Falling back to main two legs for greeks.
2026-03-04 15:21:33 [INFO] ⚠️ Using derived lot_size 65 for ny040326150700b snapshot (DB value missing/invalid).
2026-03-04 15:21:33 [INFO] 🔍 Found 0 orders in DB for trade ny040326150700b via get_orders_by_trade_id.
2026-03-04 15:21:33 [INFO] Found 0 filled orders for ny040326150700b in DB via get_orders_by_trade_id.
2026-03-04 15:21:33 [WARNING] No trade orders found for ny040326150700b to build snapshot.
2026-03-04 15:21:33 [WARNING] Position reconstruction for ny040326150700b yielded no positions. Falling back to main two legs for greeks.
2026-03-04 15:21:33 [INFO] ⚠️ Using derived lot_size 65 for ny040326150700b snapshot (DB value missing/invalid).
2026-03-04 15:21:33 [INFO] 🔍 Found 0 orders in DB for trade ny040326150700b via get_orders_by_trade_id.
2026-03-04 15:21:33 [INFO] Found 0 filled orders for ny040326150700b in DB via get_orders_by_trade_id.
2026-03-04 15:21:33 [WARNING] No trade orders found for ny040326150700b to build snapshot.
2026-03-04 15:21:33 [WARNING] Position reconstruction for ny040326150700b yielded no positions. Falling back to main two legs for greeks.
2026-03-04 15:21:34 [INFO] ⚠️ Using derived lot_size 65 for ny040326150700b snapshot (DB value missing/invalid).
2026-03-04 15:21:34 [INFO] 🔍 Found 0 orders in DB for trade ny040326150700b via get_orders_by_trade_id.
2026-03-04 15:21:34 [INFO] Found 0 filled orders for ny040326150700b in DB via get_orders_by_trade_id.
2026-03-04 15:21:34 [WARNING] No trade orders found for ny040326150700b to build snapshot.
2026-03-04 15:21:34 [WARNING] Position reconstruction for ny040326150700b yielded no positions. Falling back to main two legs for greeks.
2026-03-04 15:21:34 [INFO] ⚠️ Using derived lot_size 65 for ny040326150700b snapshot (DB value missing/invalid).
2026-03-04 15:21:34 [INFO] 🔍 Found 0 orders in DB for trade ny040326150700b via get_orders_by_trade_id.
2026-03-04 15:21:34 [INFO] Found 0 filled orders for ny040326150700b in DB via get_orders_by_trade_id.
2026-03-04 15:21:34 [WARNING] No trade orders found for ny040326150700b to build snapshot.
2026-03-04 15:21:34 [WARNING] Position reconstruction for ny040326150700b yielded no positions. Falling back to main two legs for greeks.
2026-03-04 15:21:35 [INFO] ⚠️ Using derived lot_size 65 for ny040326150700b snapshot (DB value missing/invalid).
2026-03-04 15:21:35 [INFO] 🔍 Found 0 orders in DB for trade ny040326150700b via get_orders_by_trade_id.
2026-03-04 15:21:35 [INFO] Found 0 filled orders for ny040326150700b in DB via get_orders_by_trade_id.
2026-03-04 15:21:35 [WARNING] No trade orders found for ny040326150700b to build snapshot.
2026-03-04 15:21:35 [WARNING] Position reconstruction for ny040326150700b yielded no positions. Falling back to main two legs for greeks.
2026-03-04 15:21:36 [INFO] ⚠️ Using derived lot_size 65 for ny040326150700b snapshot (DB value missing/invalid).
2026-03-04 15:21:36 [INFO] 🔍 Found 0 orders in DB for trade ny040326150700b via get_orders_by_trade_id.
2026-03-04 15:21:36 [INFO] Found 0 filled orders for ny040326150700b in DB via get_orders_by_trade_id.
2026-03-04 15:21:36 [WARNING] No trade orders found for ny040326150700b to build snapshot.
2026-03-04 15:21:36 [WARNING] Position reconstruction for ny040326150700b yielded no positions. Falling back to main two legs for greeks.
2026-03-04 15:21:36 [INFO] ⚠️ Using derived lot_size 65 for ny040326150700b snapshot (DB value missing/invalid).
2026-03-04 15:21:36 [INFO] 🔍 Found 0 orders in DB for trade ny040326150700b via get_orders_by_trade_id.
2026-03-04 15:21:36 [INFO] Found 0 filled orders for ny040326150700b in DB via get_orders_by_trade_id.
2026-03-04 15:21:36 [WARNING] No trade orders found for ny040326150700b to build snapshot.
2026-03-04 15:21:36 [WARNING] Position reconstruction for ny040326150700b yielded no positions. Falling back to main two legs for greeks.
2026-03-04 15:21:37 [INFO] ⚠️ Using derived lot_size 65 for ny040326150700b snapshot (DB value missing/invalid).
2026-03-04 15:21:37 [INFO] 🔍 Found 0 orders in DB for trade ny040326150700b via get_orders_by_trade_id.
2026-03-04 15:21:37 [INFO] Found 0 filled orders for ny040326150700b in DB via get_orders_by_trade_id.
2026-03-04 15:21:37 [WARNING] No trade orders found for ny040326150700b to build snapshot.
2026-03-04 15:21:37 [WARNING] Position reconstruction for ny040326150700b yielded no positions. Falling back to main two legs for greeks.
2026-03-04 15:21:37 [INFO] ⚠️ Using derived lot_size 65 for ny040326150700b snapshot (DB value missing/invalid).
2026-03-04 15:21:37 [INFO] 🔍 Found 0 orders in DB for trade ny040326150700b via get_orders_by_trade_id.
2026-03-04 15:21:37 [INFO] Found 0 filled orders for ny040326150700b in DB via get_orders_by_trade_id.
2026-03-04 15:21:37 [WARNING] No trade orders found for ny040326150700b to build snapshot.
2026-03-04 15:21:37 [WARNING] Position reconstruction for ny040326150700b yielded no positions. Falling back to main two legs for greeks.
2026-03-04 15:21:38 [INFO] ⚠️ Using derived lot_size 65 for ny040326150700b snapshot (DB value missing/invalid).
2026-03-04 15:21:38 [INFO] 🔍 Found 0 orders in DB for trade ny040326150700b via get_orders_by_trade_id.
2026-03-04 15:21:38 [INFO] Found 0 filled orders for ny040326150700b in DB via get_orders_by_trade_id.
2026-03-04 15:21:38 [WARNING] No trade orders found for ny040326150700b to build snapshot.
2026-03-04 15:21:38 [WARNING] Position reconstruction for ny040326150700b yielded no positions. Falling back to main two legs for greeks.
2026-03-04 15:21:38 [INFO] ⚠️ Using derived lot_size 65 for ny040326150700b snapshot (DB value missing/invalid).
2026-03-04 15:21:38 [INFO] 🔍 Found 0 orders in DB for trade ny040326150700b via get_orders_by_trade_id.
2026-03-04 15:21:38 [INFO] Found 0 filled orders for ny040326150700b in DB via get_orders_by_trade_id.
2026-03-04 15:21:38 [WARNING] No trade orders found for ny040326150700b to build snapshot.
2026-03-04 15:21:38 [WARNING] Position reconstruction for ny040326150700b yielded no positions. Falling back to main two legs for greeks.
2026-03-04 15:21:39 [INFO] ⚠️ Using derived lot_size 65 for ny040326150700b snapshot (DB value missing/invalid).
2026-03-04 15:21:39 [INFO] 🔍 Found 0 orders in DB for trade ny040326150700b via get_orders_by_trade_id.
2026-03-04 15:21:39 [INFO] Found 0 filled orders for ny040326150700b in DB via get_orders_by_trade_id.
2026-03-04 15:21:39 [WARNING] No trade orders found for ny040326150700b to build snapshot.
2026-03-04 15:21:39 [WARNING] Position reconstruction for ny040326150700b yielded no positions. Falling back to main two legs for greeks.
2026-03-04 15:21:39 [INFO] ⚠️ Using derived lot_size 65 for ny040326150700b snapshot (DB value missing/invalid).
2026-03-04 15:21:39 [INFO] 🔍 Found 0 orders in DB for trade ny040326150700b via get_orders_by_trade_id.
2026-03-04 15:21:39 [INFO] Found 0 filled orders for ny040326150700b in DB via get_orders_by_trade_id.
2026-03-04 15:21:39 [WARNING] No trade orders found for ny040326150700b to build snapshot.
2026-03-04 15:21:39 [WARNING] Position reconstruction for ny040326150700b yielded no positions. Falling back to main two legs for greeks.
2026-03-04 15:21:40 [INFO] ⚠️ Using derived lot_size 65 for ny040326150700b snapshot (DB value missing/invalid).
2026-03-04 15:21:40 [INFO] 🔍 Found 0 orders in DB for trade ny040326150700b via get_orders_by_trade_id.
2026-03-04 15:21:40 [INFO] Found 0 filled orders for ny040326150700b in DB via get_orders_by_trade_id.
2026-03-04 15:21:40 [WARNING] No trade orders found for ny040326150700b to build snapshot.
2026-03-04 15:21:40 [WARNING] Position reconstruction for ny040326150700b yielded no positions. Falling back to main two legs for greeks.
2026-03-04 15:21:40 [INFO] ⚠️ Using derived lot_size 65 for ny040326150700b snapshot (DB value missing/invalid).
2026-03-04 15:21:40 [INFO] 🔍 Found 0 orders in DB for trade ny040326150700b via get_orders_by_trade_id.
2026-03-04 15:21:40 [INFO] Found 0 filled orders for ny040326150700b in DB via get_orders_by_trade_id.
2026-03-04 15:21:40 [WARNING] No trade orders found for ny040326150700b to build snapshot.
2026-03-04 15:21:40 [WARNING] Position reconstruction for ny040326150700b yielded no positions. Falling back to main two legs for greeks.
2026-03-04 15:21:41 [INFO] ⚠️ Using derived lot_size 65 for ny040326150700b snapshot (DB value missing/invalid).
2026-03-04 15:21:41 [INFO] 🔍 Found 0 orders in DB for trade ny040326150700b via get_orders_by_trade_id.
2026-03-04 15:21:41 [INFO] Found 0 filled orders for ny040326150700b in DB via get_orders_by_trade_id.
2026-03-04 15:21:41 [WARNING] No trade orders found for ny040326150700b to build snapshot.
2026-03-04 15:21:41 [WARNING] Position reconstruction for ny040326150700b yielded no positions. Falling back to main two legs for greeks.
2026-03-04 15:21:41 [INFO] ⚠️ Using derived lot_size 65 for ny040326150700b snapshot (DB value missing/invalid).
2026-03-04 15:21:41 [INFO] 🔍 Found 0 orders in DB for trade ny040326150700b via get_orders_by_trade_id.
2026-03-04 15:21:41 [INFO] Found 0 filled orders for ny040326150700b in DB via get_orders_by_trade_id.
2026-03-04 15:21:41 [WARNING] No trade orders found for ny040326150700b to build snapshot.
2026-03-04 15:21:41 [WARNING] Position reconstruction for ny040326150700b yielded no positions. Falling back to main two legs for greeks.
2026-03-04 15:21:42 [INFO] ⚠️ Using derived lot_size 65 for ny040326150700b snapshot (DB value missing/invalid).
2026-03-04 15:21:42 [INFO] 🔍 Found 0 orders in DB for trade ny040326150700b via get_orders_by_trade_id.
2026-03-04 15:21:42 [INFO] Found 0 filled orders for ny040326150700b in DB via get_orders_by_trade_id.
2026-03-04 15:21:42 [WARNING] No trade orders found for ny040326150700b to build snapshot.
2026-03-04 15:21:42 [WARNING] Position reconstruction for ny040326150700b yielded no positions. Falling back to main two legs for greeks.
2026-03-04 15:21:43 [INFO] ⚠️ Using derived lot_size 65 for ny040326150700b snapshot (DB value missing/invalid).
2026-03-04 15:21:43 [INFO] 🔍 Found 0 orders in DB for trade ny040326150700b via get_orders_by_trade_id.
2026-03-04 15:21:43 [INFO] Found 0 filled orders for ny040326150700b in DB via get_orders_by_trade_id.
2026-03-04 15:21:43 [WARNING] No trade orders found for ny040326150700b to build snapshot.
2026-03-04 15:21:43 [WARNING] Position reconstruction for ny040326150700b yielded no positions. Falling back to main two legs for greeks.
2026-03-04 15:21:43 [INFO] 🛑 Shutting down trade process for ny040326150700b.
2026-03-04 15:21:43 [INFO] 🛑 Stopping all monitors for trade: ny040326150700b
2026-03-04 15:21:43 [INFO] 🛑 SLMonitor disabled: ny040326150700b
2026-03-04 15:21:43 [INFO] 🛑 HedgeMonitor disabled for ny040326150700b.
2026-03-04 15:21:43 [INFO] 🛑 RollMonitor disabled: ny040326150700b
2026-03-04 15:21:43 [INFO] 🛑 SquareOffMonitor disabled for ny040326150700b
2026-03-04 15:21:43 [INFO] 🛑 StraddlePriceMonitor disabled: ny040326150700b
2026-03-04 15:21:43 [INFO] ✅ Market Data Client closed.
2026-03-04 15:21:43 [INFO] 🔒 Database closed
2026-03-04 15:21:43 [INFO] ✅ Process for ny040326150700b finished.
2026-03-04 15:21:43 [INFO] Price sync loop cancelled.
2026-03-04 15:52:44 [INFO] 🚀 Process for trade ny040326150700b started.
2026-03-04 15:52:44 [INFO] ✅ Database initialized
2026-03-04 15:52:44 [INFO] ✅ Market Data Client initialized.
2026-03-04 15:52:44 [INFO] ✅ SLMonitor initialized: ny040326150700b
2026-03-04 15:52:44 [INFO]    SL BPS: 14.0 (0.14%) of spot price
2026-03-04 15:52:44 [INFO]    Check Interval: 60.0s
2026-03-04 15:52:44 [INFO] ✅ RollMonitor initialized: ny040326150700b
2026-03-04 15:52:44 [INFO]    Check Interval: 60.0s
2026-03-04 15:52:44 [INFO] ✅ SquareOffMonitor initialized for ny040326150700b at 15:27:00
2026-03-04 15:52:44 [INFO] ✅ StraddlePriceMonitor initialized: ny040326150700b
2026-03-04 15:52:44 [INFO] ✅ All monitors initialized for ny040326150700b
2026-03-04 15:52:44 [INFO] ✅ TradeManager created: ny040326150700b
2026-03-04 15:52:44 [INFO] 📊 Starting all monitors for new trade: ny040326150700b
2026-03-04 15:52:44 [INFO] 🛡️ SLMonitor enabled: ny040326150700b
2026-03-04 15:52:44 [INFO] ✅ HedgeMonitor enabled for ny040326150700b. Checks will be orchestrated.
2026-03-04 15:52:44 [INFO] 🔄 RollMonitor enabled: ny040326150700b
2026-03-04 15:52:44 [INFO] ⏹️ SquareOffMonitor enabled: ny040326150700b
2026-03-04 15:52:44 [INFO] 🎯 StraddlePriceMonitor enabled: ny040326150700b | Initial HWM: 680.98
2026-03-04 15:52:44 [INFO] 🚀 Connecting to Market Data Service stream at ws://127.0.0.1:8001/ws/data...
2026-03-04 15:52:44 [INFO] Handshake headers being sent: {'Origin': 'http://127.0.0.1'}
2026-03-04 15:52:44 [INFO] ⚠️ Using derived lot_size 65 for ny040326150700b snapshot (DB value missing/invalid).
2026-03-04 15:52:44 [INFO] 🔍 Found 0 orders in DB for trade ny040326150700b via get_orders_by_trade_id.
2026-03-04 15:52:44 [INFO] Found 0 filled orders for ny040326150700b in DB via get_orders_by_trade_id.
2026-03-04 15:52:44 [WARNING] No trade orders found for ny040326150700b to build snapshot.
2026-03-04 15:52:44 [WARNING] Position reconstruction for ny040326150700b yielded no positions. Falling back to main two legs for greeks.
2026-03-04 15:52:44 [INFO] ✅ Connected to Market Data Service real-time stream.
2026-03-04 15:52:44 [INFO] ⚠️ Using derived lot_size 65 for ny040326150700b snapshot (DB value missing/invalid).
2026-03-04 15:52:44 [INFO] 🔍 Found 0 orders in DB for trade ny040326150700b via get_orders_by_trade_id.
2026-03-04 15:52:44 [INFO] Found 0 filled orders for ny040326150700b in DB via get_orders_by_trade_id.
2026-03-04 15:52:44 [WARNING] No trade orders found for ny040326150700b to build snapshot.
2026-03-04 15:52:44 [WARNING] Position reconstruction for ny040326150700b yielded no positions. Falling back to main two legs for greeks.
2026-03-04 15:52:45 [INFO] ⚠️ Using derived lot_size 65 for ny040326150700b snapshot (DB value missing/invalid).
2026-03-04 15:52:45 [INFO] 🔍 Found 0 orders in DB for trade ny040326150700b via get_orders_by_trade_id.
2026-03-04 15:52:45 [INFO] Found 0 filled orders for ny040326150700b in DB via get_orders_by_trade_id.
2026-03-04 15:52:45 [WARNING] No trade orders found for ny040326150700b to build snapshot.
2026-03-04 15:52:45 [WARNING] Position reconstruction for ny040326150700b yielded no positions. Falling back to main two legs for greeks.
2026-03-04 15:52:46 [INFO] ⚠️ Using derived lot_size 65 for ny040326150700b snapshot (DB value missing/invalid).
2026-03-04 15:52:46 [INFO] 🔍 Found 0 orders in DB for trade ny040326150700b via get_orders_by_trade_id.
2026-03-04 15:52:46 [INFO] Found 0 filled orders for ny040326150700b in DB via get_orders_by_trade_id.
2026-03-04 15:52:46 [WARNING] No trade orders found for ny040326150700b to build snapshot.
2026-03-04 15:52:46 [WARNING] Position reconstruction for ny040326150700b yielded no positions. Falling back to main two legs for greeks.
2026-03-04 15:52:46 [INFO] ⚠️ Using derived lot_size 65 for ny040326150700b snapshot (DB value missing/invalid).
2026-03-04 15:52:46 [INFO] 🔍 Found 0 orders in DB for trade ny040326150700b via get_orders_by_trade_id.
2026-03-04 15:52:46 [INFO] Found 0 filled orders for ny040326150700b in DB via get_orders_by_trade_id.
2026-03-04 15:52:46 [WARNING] No trade orders found for ny040326150700b to build snapshot.
2026-03-04 15:52:46 [WARNING] Position reconstruction for ny040326150700b yielded no positions. Falling back to main two legs for greeks.
2026-03-04 15:52:47 [INFO] ⚠️ Using derived lot_size 65 for ny040326150700b snapshot (DB value missing/invalid).
2026-03-04 15:52:47 [INFO] 🔍 Found 0 orders in DB for trade ny040326150700b via get_orders_by_trade_id.
2026-03-04 15:52:47 [INFO] Found 0 filled orders for ny040326150700b in DB via get_orders_by_trade_id.
2026-03-04 15:52:47 [WARNING] No trade orders found for ny040326150700b to build snapshot.
2026-03-04 15:52:47 [WARNING] Position reconstruction for ny040326150700b yielded no positions. Falling back to main two legs for greeks.
2026-03-04 15:52:47 [INFO] ⚠️ Using derived lot_size 65 for ny040326150700b snapshot (DB value missing/invalid).
2026-03-04 15:52:47 [INFO] 🔍 Found 0 orders in DB for trade ny040326150700b via get_orders_by_trade_id.
2026-03-04 15:52:47 [INFO] Found 0 filled orders for ny040326150700b in DB via get_orders_by_trade_id.
2026-03-04 15:52:47 [WARNING] No trade orders found for ny040326150700b to build snapshot.
2026-03-04 15:52:47 [WARNING] Position reconstruction for ny040326150700b yielded no positions. Falling back to main two legs for greeks.
2026-03-04 15:52:48 [INFO] ⚠️ Using derived lot_size 65 for ny040326150700b snapshot (DB value missing/invalid).
2026-03-04 15:52:48 [INFO] 🔍 Found 0 orders in DB for trade ny040326150700b via get_orders_by_trade_id.
2026-03-04 15:52:48 [INFO] Found 0 filled orders for ny040326150700b in DB via get_orders_by_trade_id.
2026-03-04 15:52:48 [WARNING] No trade orders found for ny040326150700b to build snapshot.
2026-03-04 15:52:48 [WARNING] Position reconstruction for ny040326150700b yielded no positions. Falling back to main two legs for greeks.
2026-03-04 15:52:48 [INFO] ⚠️ Using derived lot_size 65 for ny040326150700b snapshot (DB value missing/invalid).
2026-03-04 15:52:48 [INFO] 🔍 Found 0 orders in DB for trade ny040326150700b via get_orders_by_trade_id.
2026-03-04 15:52:48 [INFO] Found 0 filled orders for ny040326150700b in DB via get_orders_by_trade_id.
2026-03-04 15:52:48 [WARNING] No trade orders found for ny040326150700b to build snapshot.
2026-03-04 15:52:48 [WARNING] Position reconstruction for ny040326150700b yielded no positions. Falling back to main two legs for greeks.
2026-03-04 15:52:49 [INFO] ⚠️ Using derived lot_size 65 for ny040326150700b snapshot (DB value missing/invalid).
2026-03-04 15:52:49 [INFO] 🔍 Found 0 orders in DB for trade ny040326150700b via get_orders_by_trade_id.
2026-03-04 15:52:49 [INFO] Found 0 filled orders for ny040326150700b in DB via get_orders_by_trade_id.
2026-03-04 15:52:49 [WARNING] No trade orders found for ny040326150700b to build snapshot.
2026-03-04 15:52:49 [WARNING] Position reconstruction for ny040326150700b yielded no positions. Falling back to main two legs for greeks.
2026-03-04 15:52:49 [INFO] ⚠️ Using derived lot_size 65 for ny040326150700b snapshot (DB value missing/invalid).
2026-03-04 15:52:49 [INFO] 🔍 Found 0 orders in DB for trade ny040326150700b via get_orders_by_trade_id.
2026-03-04 15:52:49 [INFO] Found 0 filled orders for ny040326150700b in DB via get_orders_by_trade_id.
2026-03-04 15:52:49 [WARNING] No trade orders found for ny040326150700b to build snapshot.
2026-03-04 15:52:49 [WARNING] Position reconstruction for ny040326150700b yielded no positions. Falling back to main two legs for greeks.
2026-03-04 15:52:50 [INFO] ⚠️ Using derived lot_size 65 for ny040326150700b snapshot (DB value missing/invalid).
2026-03-04 15:52:50 [INFO] 🔍 Found 0 orders in DB for trade ny040326150700b via get_orders_by_trade_id.
2026-03-04 15:52:50 [INFO] Found 0 filled orders for ny040326150700b in DB via get_orders_by_trade_id.
2026-03-04 15:52:50 [WARNING] No trade orders found for ny040326150700b to build snapshot.
2026-03-04 15:52:50 [WARNING] Position reconstruction for ny040326150700b yielded no positions. Falling back to main two legs for greeks.
2026-03-04 15:52:50 [INFO] ⚠️ Using derived lot_size 65 for ny040326150700b snapshot (DB value missing/invalid).
2026-03-04 15:52:50 [INFO] 🔍 Found 0 orders in DB for trade ny040326150700b via get_orders_by_trade_id.
2026-03-04 15:52:50 [INFO] Found 0 filled orders for ny040326150700b in DB via get_orders_by_trade_id.
2026-03-04 15:52:50 [WARNING] No trade orders found for ny040326150700b to build snapshot.
2026-03-04 15:52:50 [WARNING] Position reconstruction for ny040326150700b yielded no positions. Falling back to main two legs for greeks.
2026-03-04 15:52:51 [INFO] ⚠️ Using derived lot_size 65 for ny040326150700b snapshot (DB value missing/invalid).
2026-03-04 15:52:51 [INFO] 🔍 Found 0 orders in DB for trade ny040326150700b via get_orders_by_trade_id.
2026-03-04 15:52:51 [INFO] Found 0 filled orders for ny040326150700b in DB via get_orders_by_trade_id.
2026-03-04 15:52:51 [WARNING] No trade orders found for ny040326150700b to build snapshot.
2026-03-04 15:52:51 [WARNING] Position reconstruction for ny040326150700b yielded no positions. Falling back to main two legs for greeks.
2026-03-04 15:52:52 [INFO] ⚠️ Using derived lot_size 65 for ny040326150700b snapshot (DB value missing/invalid).
2026-03-04 15:52:52 [INFO] 🔍 Found 0 orders in DB for trade ny040326150700b via get_orders_by_trade_id.
2026-03-04 15:52:52 [INFO] Found 0 filled orders for ny040326150700b in DB via get_orders_by_trade_id.
2026-03-04 15:52:52 [WARNING] No trade orders found for ny040326150700b to build snapshot.
2026-03-04 15:52:52 [WARNING] Position reconstruction for ny040326150700b yielded no positions. Falling back to main two legs for greeks.
2026-03-04 15:52:52 [INFO] ⚠️ Using derived lot_size 65 for ny040326150700b snapshot (DB value missing/invalid).
2026-03-04 15:52:52 [INFO] 🔍 Found 0 orders in DB for trade ny040326150700b via get_orders_by_trade_id.
2026-03-04 15:52:52 [INFO] Found 0 filled orders for ny040326150700b in DB via get_orders_by_trade_id.
2026-03-04 15:52:52 [WARNING] No trade orders found for ny040326150700b to build snapshot.
2026-03-04 15:52:52 [WARNING] Position reconstruction for ny040326150700b yielded no positions. Falling back to main two legs for greeks.
2026-03-04 15:52:52 [INFO] 🛑 Shutting down trade process for ny040326150700b.
2026-03-04 15:52:52 [INFO] 🛑 Stopping all monitors for trade: ny040326150700b
2026-03-04 15:52:52 [INFO] 🛑 SLMonitor disabled: ny040326150700b
2026-03-04 15:52:52 [INFO] 🛑 HedgeMonitor disabled for ny040326150700b.
2026-03-04 15:52:52 [INFO] 🛑 RollMonitor disabled: ny040326150700b
2026-03-04 15:52:52 [INFO] 🛑 SquareOffMonitor disabled for ny040326150700b
2026-03-04 15:52:52 [INFO] 🛑 StraddlePriceMonitor disabled: ny040326150700b
2026-03-04 15:52:52 [INFO] ✅ Market Data Client closed.
2026-03-04 15:52:52 [INFO] 🔒 Database closed
2026-03-04 15:52:52 [INFO] ✅ Process for ny040326150700b finished.
2026-03-04 15:52:52 [INFO] Price sync loop cancelled.
